<?xml version="1.0"?>
<TR xmlns:xsi="http://www.w3.org/2001/XMLSchema-instance" xmlns:xsd="http://www.w3.org/2001/XMLSchema" Name="ComicTextElements" CultureName="el-GR">
  <Texts>
    <Text Key="Caption" Text="Λεζάντα" Comment="Caption" />
    <Text Key="CaptionWithoutTitle" Text="Λεζάντα χωρίς Τίτλο" Comment="Caption without Title" />
    <Text Key="AlternateCaption" Text="Εναλλακτική Αρίθμηση" Comment="Alternate Caption" />
    <Text Key="Title" Text="Τίτλος" Comment="Title" />
    <Text Key="ArtistInfo" Text="Καλλιτέχνες" Comment="Artists" />
    <Text Key="Summary" Text="Περίληψη" Comment="Summary" />
    <Text Key="FileSize" Text="Μέγεθος Αρχείου" Comment="File Size" />
    <Text Key="Opened" Text="Άνοιξε" Comment="Opened" />
    <Text Key="FileName" Text="Όνομα Αρχείου" Comment="File Name" />
    <Text Key="FileFormat" Text="Διαμόρφωση Αρχείου" Comment="File Format" />
    <Text Key="Added" Text="Προστέθηκε" Comment="Added" />
    <Text Key="PublisherAndImprint" Text="Δημοσίευση και Εκτύπωση" Comment="Publischer and Imprint" />
    <Text Key="AgeRating" Text="Αξιολόγηση Ηλικιακά" Comment="Age Rating" />
    <Text Key="Genre" Text="Είδος" Comment="Genre" />
    <Text Key="CharactersAndTeams" Text="Χαρακτήρες και Ομάδες" Comment="Characters and Teams" />
    <Text Key="Locations" Text="Τοποθεσίες" Comment="Locations" />
    <Text Key="Notes" Text="Σημειώσεις" Comment="Notes" />
    <Text Key="PurchaseInformation" Text="Πληροφορίες Αγοράς" Comment="Purchase Information" />
    <Text Key="StorageInfoformation" Text="Πληροφορίες Αποθήκευσης" Comment="Storage Information" />
    <Text Key="CollectionStatus" Text="Κατάσταση Συλλογής" Comment="Collection Status" />
  </Texts>
</TR>