<?xml version="1.0"?>
<TR xmlns:xsi="http://www.w3.org/2001/XMLSchema-instance" xmlns:xsd="http://www.w3.org/2001/XMLSchema" Name="Groups" CultureName="el-GR">
  <Texts>
    <Text Key="AlphabetGroups" Text="0-9|A|B|C|D|E|F|G|H|I|J|K|L|M|N|O|P|Q|R|S|T|U|V|W|X|Y|Z|Άλλο" Comment="0-9|A|B|C|D|E|F|G|H|I|J|K|L|M|N|O|P|Q|R|S|T|U|V|W|X|Y|Z|Other" />
    <Text Key="CountGroups" Text="0-20|21-50|51-100|101-200|201-500|501-1000|&gt;1000|Ακαθόριστος" Comment="0-20|21-50|51-100|101-200|201-500|501-1000|&gt;1000|Unspecified" />
    <Text Key="ReadPercentageGroups" Text="Μη αναγνωσμένο|0%|10%|20%|30%|40%|50%|60%|70%|80%|90%|Πλήρως αναγνωσμένο" Comment="Not Read|0%|10%|20%|30%|40%|50%|60%|70%|80%|90%|Completed" />
    <Text Key="SizeGroups" Text="Κενό|Πολύ Μικρό|Μικρό|Μεσαίο|Μεγάλο|Τεράστιο" Comment="Empty|Very Small|Small|Medium|Big|Huge" />
    <Text Key="RatingGroups" Text="Μη αξιολογημένο|Κανένα Αστέρι|1 Αστέρι|2 Αστέρια|3 Αστέρια|4 Αστέρια|5 Αστέρια" Comment="Not Rated|No Stars|1 Star|2 Stars|3 Stars|4 Stars|5 Stars" />
    <Text Key="VolumeGroups" Text="Κανένα|V0|V1|V2|V3|V4|V5|V6|V7|V8|V9|V10|V11|V12|Άλλο" Comment="None|V{0}|Other" />
    <Text Key="MangaGroups" Text="Manga|Δεν είναι Manga|Άγνωστο" Comment="Manga|No Manga|Unknown" />
    <Text Key="BWGroups" Text="Ασπρόμαυρο|Έγχρωμο|Άγνωστο" Comment="Black and White|Color|Unknown" />
    <Text Key="LinkedGroups" Text="Σύνδεση σε αρχείο|Χωρίς Σύνδεση σε αρχείο" Comment="Linked to File|Not linked to File" />
    <Text Key="PriceGroups" Text="Άγνωστη|Ακαθόριστη|0-10|10-20|20-30|30-40|40-50|50-100|πάνω από 100" Comment="Unknown|Free|0-10|10-20|20-30|30-40|40-50|50-100|over 100" />
    <Text Key="DateGroups" Text="Ποτέ|Σήμερα|Χθες|Προχθές|Πριν Τρεις Ημέρες|Αυτή τη Εβδομάδα|Προηγούμενη Εβδομάδα|Πριν Δύο Εβδομάδες|Πριν Τρεις Εβδομάδες|Αυτό το Μήνα|Το Προηγούμενο Μήνα|Πριν Δύο Μήνες|Πριν Τρεις Μήνες|Πριν Τέσσερις  Μήνες|Πριν Πέντε Μήνες|Πριν Έξι Μήνες|Φέτος|Πέρυσι|Πριν Δύο Έτη|Πριν Τρία Έτη|Παλαιότερο των τριών Ετών" Comment="Never|Today|Yesterday|Two Days Ago|Three Days Ago|This Week|Last Week|Two Weeks Ago|Three Weeks Ago|This Month|Last Month|Two Months ago|Three Months ago|Four Months ago|Five Months ago|Six Months ago|This Year|Last Year|Two Years ago|Three Years ago|Older than Three Years|Next Year|In the Future" />
    <Text Key="SeriesCompleteGroups" Text="Πλήρης σειρά|Ανολοκλήρωτη σειρά|Άγνωστο" Comment="Series complete|Series not complete|Unknown" />
    <Text Key="EnableProposedGroups" Text="Προτεινόμενες Τιμές|Όχι Προτεινόμενες Τιμές" Comment="Proposed Values used|Proposed Values no used" />
    <Text Key="HasBeenReadGroups" Text="Αναγνωσμένο|Μη αναγνωσμένο" Comment="Read|Unread" />
    <Text Key="CheckedGroups" Text="Ελεγμένο|Ανέλεγκτο" Comment="Checked|Not Checked" />
  </Texts>
</TR>