<?xml version="1.0"?>
<TR xmlns:xsi="http://www.w3.org/2001/XMLSchema-instance" xmlns:xsd="http://www.w3.org/2001/XMLSchema" Name="ListLayoutDialog" CultureName="el-GR">
  <Texts>
    <Text Key="btCancel" Text="&amp;Ακύρωση" Comment="&amp;Cancel" />
    <Text Key="btHideAll" Text="&amp;Απόκρυψη Όλων" Comment="&amp;Hide All" />
    <Text Key="btMoveDown" Text="Μετακίνηση &amp;Κάτω" Comment="Move &amp;Down" />
    <Text Key="btMoveUp" Text="Μετακίνηση &amp;Πάνω" Comment="Move &amp;Up" />
    <Text Key="btOK" Text="&amp;Εντάξει" Comment="&amp;OK" />
    <Text Key="btShowAll" Text="&amp;Εμφάνιση Όλων" Comment="&amp;Show All" />
    <Text Key="chkHideCaption" Text="Να μην εμφανιστεί κανένα Κείμενο" Comment="Do not show any Text" />
    <Text Key="labelSelectColumn" Text="Παρακαλώ, επιλέξτε τις στήλες που επιθυμητέ να εμφανίζονται:" Comment="Please select the columns you want to show:" />
    <Text Key="labelHint" Text="Υπόδειξη: Μπορείτε επίσης να αλλάξετε τις εμφανιζόμενες στήλες με δεξί κλικ πάνω στην κεφαλίδα της στήλης." Comment="Hint: You can also change the displayed columns by right clicking on a column header." />
    <Text Key="labelFirstLine" Text="1η γραμμή:" Comment="First Line:" />
    <Text Key="labelSecondLine" Text="2η γραμμή:" Comment="Second Line:" />
    <Text Key="labelThirdLine" Text="3η γραμμή:" Comment="Third Line:" />
    <Text Key="labelSelectThumbnailText" Text="Παρακαλώ, επιλέξτε το κείμενο που θα εμφανίζεται κάτω από τις Μικρογραφίες:" Comment="Please select the text you want to display below the thumbnails:" />
    <Text Key="tabDetails" Text="Λεπτομέρειες" Comment="Details" />
    <Text Key="tabThumbnails" Text="Μικρογραφίες" Comment="Thumbnails" />
    <Text Key="ListLayoutDialog" Text="Επιλογές Λίστας" Comment="List Options" />
    <Text Key="btApply" Text="&amp;Εφαρμογή" Comment="&amp;Apply" />
    <Text Key="tabTiles" Text="Πλακίδια" Comment="Tiles" />
    <Text Key="colName" Text="Όνομα" Comment="Name" />
    <Text Key="colDescription" Text="Περιγραφή" Comment="Description" />
    <Text Key="btTilesDefault" Text="Προεπιλογή" Comment="Default" />
  </Texts>
</TR>