<?xml version="1.0"?>
<TR xmlns:xsi="http://www.w3.org/2001/XMLSchema-instance" xmlns:xsd="http://www.w3.org/2001/XMLSchema" Name="MagnifySetupControl" CultureName="el-GR">
  <Texts>
    <Text Key="labelHeight" Text="Ύψος" Comment="Height" />
    <Text Key="labelOpacity" Text="Διαφάνεια" Comment="Opacity" />
    <Text Key="labelWidth" Text="Πλάτος" Comment="Width" />
    <Text Key="labelZoom" Text="Εστίαση" Comment="Zoom" />
    <Text Key="chkSimpleStyle" Text="Απλό Ύφος " Comment="Simple Style" />
    <Text Key="chkAutoMagnifier" Text="Ενεργοποίηση με παρατεταμένη πίεση πλήκτρου" Comment="Activate with 'long' Click" />
    <Text Key="chkAutoHideMagnifier" Text="Απόκρυψη στα Περιθωρία της Σελίδας" Comment="Hide at Page Border" />
  </Texts>
</TR>