<?xml version="1.0"?>
<TR xmlns:xsi="http://www.w3.org/2001/XMLSchema-instance" xmlns:xsd="http://www.w3.org/2001/XMLSchema" Name="Messages" CultureName="el-GR">
  <Texts>
    <Text Key="AskRemoveFavorite" Text="Να απομακρυνθεί αυτή η σύνδεση Φακέλου των Αγαπημένων;" Comment="Do you really want to remove this Favorite Folder link?" />
    <Text Key="AskRemoveItem" Text="Να απομακρυνθεί αυτό το αντικείμενο;" Comment="Do you really want to remove this item?" />
    <Text Key="Attention" Text="Προειδοποίηση" Comment="Attention" />
    <Text Key="CloseComicRack" Text="Κλείσιμο ComicRack" Comment="Close ComicRack" />
    <Text Key="ClosingComicRack" Text="Κλείσιμο του ComicRack" Comment="Closing ComicRack" />
    <Text Key="CouldNotSaveImage" Text="Αδυναμία αποθήκευσης της εικόνας σελίδας!\nΑιτία: {0}" Comment="Could not save the page image!\nReason: {0}" />
    <Text Key="CreateMainWindow" Text="Δημιουργία Κύριου Παραθύρου" Comment="Creating Main Window" />
    <Text Key="Error" Text="Σφάλμα" Comment="Error" />
    <Text Key="ErrorShutDown" Text="Παρουσιάστηκε σφάλμα κατά την έξοδο από την εφαρμογή:\n{0}" Comment="There was an error shutting down the application:\n{0}" />
    <Text Key="FailedRetrieveDatabase" Text="Αδυναμία ανάκτησης της βάσης δεδομένων από τον Διακομιστή!" Comment="Failed to retrieve the Database from the Server!" />
    <Text Key="FailedToInitialize" Text="Αδυναμία αρχικοποίησης ComicRack: {0}" Comment="Failed to initialize ComicRack: {0}" />
    <Text Key="GetServerLibraryText" Text="Ανάκτηση της Διαμοιραζόμενης Βιβλιοθήκης από το Διακομιστή" Comment="Retrieving the shared Library from the Server" />
    <Text Key="InitCache" Text="Αρχικοποίηση Μνήμης Δίσκου" Comment="Initialize Disk Caches" />
    <Text Key="InitGUI" Text="Αρχικοποίηση Περιβάλλοντος Χρήστη" Comment="Initalizing User Interface" />
    <Text Key="InitScripts" Text="Αρχικοποίηση Δεσμών ενεργειών" Comment="Initalizing Scripts" />
    <Text Key="ListLayout" Text="Διάταξη Λίστας" Comment="List Layout" />
    <Text Key="LoadCustomSettings" Text="Φόρτωση τροποποιημένων ρυθμίσεων" Comment="Loading custom settings" />
    <Text Key="LoadingThumbnail" Text="Φόρτωση Μικρογραφιών…" Comment="Loading Thumbnail..." />
    <Text Key="MoveBin" Text="&amp;Mετακίνηση των αρχείων στο Κάδο Ανακύκλωσης" Comment="&amp;Also move the files to the Recycle Bin" />
    <Text Key="NotAskAgain" Text="&amp;Να μην ερωτηθώ ξανά" Comment="&amp;Do not ask me again" />
    <Text Key="OpenDatabase" Text="Άνοιγμα Βάσης Δεδομένων" Comment="Opening Database" />
    <Text Key="PasswordNeeded" Text="Απαιτείται Συνθηματικό για την απομάκρυνση από τη Βιβλιοθήκη του '{0}':" Comment="A password is needed for the remote Library '{0}':" />
    <Text Key="ReadNewsFeed" Text="Ανάγνωση Τίτλων Ειδήσεων" Comment="Reading News Feed" />
    <Text Key="RefreshInfo" Text="Ανανέωση Πληροφοριών" Comment="Refreshing Information" />
    <Text Key="RefreshServer" Text="Ανανέωση Βιβλιοθήκης Διακομιστή" Comment="Refreshing Server Library" />
    <Text Key="Remove" Text="Απομάκρυνση" Comment="Remove" />
    <Text Key="RetrieveNews" Text="Ανάκτηση Ειδήσεων" Comment="Retrieving News" />
    <Text Key="RetrieveNewsText" Text="Ανανέωση εγγραφών σε Νέα Κανάλια " Comment="Refreshing subscribed News Channels" />
    <Text Key="SaveAllData" Text="Αποθήκευση όλων των Δεδομένων στο Δίσκο..." Comment="Saving all Data to Disk..." />
    <Text Key="SaveListLayout" Text="Αποθήκευση Διάταξης Λίστας" Comment="Save List Layout" />
    <Text Key="ScriptFailed" Text="Η Εκτέλεση της Δέσμης ενεργειών απέτυχε!" Comment="Execution of the script failed!" />
    <Text Key="WrongPassword" Text="Το συγκεκριμένο συνθηματικό για τη Βιβλιοθήκη '{0}' δεν είναι έγκυρο. Προσπαθήστε ξανά:" Comment="The specified password for the Library'{0}' is not correct. Please try again:" />
    <Text Key="AskRemoveComics" Text="Είστε βέβαιος ότι θέλετε την Απομάκρυνση αυτών των Βιβλίων από τη Λίστα;" Comment="Are you sure you want to remove these books from the list?" />
    <Text Key="AskRemoveFromLibrary" Text="Είστε βέβαιος ότι θέλετε την Απομάκρυνση αυτών των Βιβλίων από τη Βιβλιοθήκη;\nΌλες οι πληροφορίες που δεν έχουν αποθηκεύει στο αρχείο θα χαθούν!" Comment="Are you sure you want to remove these books from the library?\nAll information not stored in the files will be lost (like Open Count, Last Read etc.)!" />
    <Text Key="Set" Text="Εφαρμογή" Comment="Set" />
    <Text Key="AskSetAllLists" Text="Είστε βέβαιος ότι θέλετε να εφαρμοστεί η Τρέχουσα Διάταξη σε όλες τις Λίστες;" Comment="Are you sure you want to set all Lists to the current layout?" />
    <Text Key="PageFailedToLoad" Text="Αδυναμία φόρτωσης σελίδας.\nΠροσπαθήστε ξανά..." Comment="Page failed to load.\nTry refresh to load again..." />
    <Text Key="LoadingPage" Text="Φόρτωση της Σελίδας {0}..." Comment="Loading Page {0}..." />
    <Text Key="FastThumbanilQueueMessage" Text="Ανάκτηση της προσωρινής μικρογραφίας για τη σελίδα {0} στο αρχείο '{1}'" Comment="Retrieve cached thumbnail for page {0} in file '{1}'" />
    <Text Key="SlowThumbnailQueueMessage" Text="Δημιουργία μικρογραφίας για τη σελίδα {0} στο αρχείο '{1}'" Comment="Create thumbnail for page {0} in file '{1}'" />
    <Text Key="GetImageQueueMessage" Text="Λήψη σελίδας {0} στο αρχείο '{1}'" Comment="Get page {0} in file '{1}'" />
    <Text Key="OpenError" Text="Δεν μπορεί να ανοιχθεί το αρχείο '{0}'!" Comment="Could not open the book '{0}'!" />
    <Text Key="OpeningComic" Text="Άνοιγμα του βιβλίου '{0}'..." Comment="Opening the book '{0}'..." />
    <Text Key="NoComicOpen" Text="Δεν είναι ανοικτό κανένα βιβλίο" Comment="No book is open" />
    <Text Key="RestartQuestion" Text="Απαιτείται επανεκκίνηση του ComicRack για να ολοκληρωθεί η λειτουργία! Να γίνει επανεκκίνηση τώρα; " Comment="ComicRack needs to restart to complete the operation! Do you want to restart now?" />
    <Text Key="DatabaseBackupError" Text="Παρουσιάστηκε σφάλμα κατά την αποθήκευση του Αντιγράφου Ασφαλείας της Βάσης Δεδομένων" Comment="There was an error saving the Database backup" />
    <Text Key="DatabaseBackupRestored" Text="Το προηγούμενο Αντίγραφο Ασφαλείας της Βάσης Δεδομένων επανακτήθηκε επιτυχώς!" Comment="A previous database backup has been successfully restored!" />
    <Text Key="ScanComicQueueMessage" Text="Αναζήτηση'{0}'" Comment="Scanning '{0}'" />
    <Text Key="ErrorWritingReadingList" Text="Σφάλμα κατά την εξαγωγή της Λίστας Ανάγνωσης '{0}'" Comment="There was an error exporting the Reading List '{0}'" />
    <Text Key="ErrorOpeningReadingList" Text="Σφάλμα κατά την εισαγωγή της Λίστας Ανάγνωσης '{0}'" Comment="There was an error importing the Reading List '{0}'" />
    <Text Key="Export" Text="Εξαγωγή" Comment="Export" />
    <Text Key="OutputFileExists" Text="Το εξαγώγιμο αρχείο '{0}' υπάρχει ήδη!" Comment="Output File '{0}' already exists!" />
    <Text Key="ConvertToCBZ" Text="Μετατροπή σε CBZ" Comment="Convert to CBZ" />
    <Text Key="ConvertToCB7" Text="Μετατροπή σε CB7" Comment="Convert to CB7" />
    <Text Key="ExportForPSP" Text="Εξαγωγή για PSP" Comment="Export for PSP" />
    <Text Key="AbortScan" Text="Ακύρωση Σάρωσης" Comment="Abort Scanning" />
    <Text Key="AbortExport" Text="Ακύρωση Εξαγωγής" Comment="Abort Export" />
    <Text Key="FailedToReadImage" Text="Αδυναμία Ανάγνωσης της Εικόνας {0}!" Comment="Failed to read Image {0}!" />
    <Text Key="InvalidExportSettings" Text="Οι ρυθμίσεις εξαγωγής δεν είναι έγκυρες (π.χ. να μην είναι υποστηριζόμενη η μορφή αυτή του αρχείου από τη βιβλιοθήκη)" Comment="The export settings are not valid (e.g. adding a not supported format to the library)" />
    <Text Key="DontShowAgain" Text="Να μην εμφανιστεί αυτό ξανά" Comment="Do not show this again" />
    <Text Key="ComicRackMinimizedTitle" Text="Το ComicRack εκτελείται" Comment="ComicRack is still running" />
    <Text Key="ComicRackMinimized" Text="Μπορείτε να κλείσετε το ComicRack από το μενού Αρχείο/Έξοδος ή να αλλάξετε αυτήν την συμπεριφορά από παράθυρο διάλογου Προτιμήσεις.\nΠιεστέ εδώ, για να μην εμφανιστεί ξανά αυτό το μήνυμα" Comment="You either close ComicRack with File/Exit or you can change this behavior in the Preferences Dialog.\nClick here to not show this message again" />
    <Text Key="ConnectRemoteError" Text="Αδυναμία σύνδεσης με τον απομακρυσμένο Διακομιστή '{0}'" Comment="Could not connect to Remote Server '{0}'" />
    <Text Key="CheckingDatabase" Text="Έλεγχος Βάσης δεδομένων" Comment="Checking Database" />
    <Text Key="CheckingDatabaseText" Text="Έλεγχος ακεραιότητας και ενημέρωση για τυχόν απόντα Δεδομένα" Comment="Checking integrity and updating any missing Data" />
    <Text Key="SaveInfoText" Text="Παρακαλώ, περιμένετε μέχρι όλες οι πληροφορίες να αποθηκευτούν!" Comment="Please wait while all unsaved information is stored!" />
    <Text Key="UndoScript" Text="Αυτοματοποίηση '{0}'" Comment="Automation '{0}'" />
    <Text Key="UndoEditColumn" Text="Επεξεργασία Στήλης '{0}'" Comment="Edit Column '{0}'" />
    <Text Key="UndoRating" Text="Αλλαγή Αξιολόγησης" Comment="Change Rating" />
    <Text Key="ScriptPackageExists" Text="Υπάρχει Πακέτο Script με το ίδιο όνομα! Επιθυμητέ, να αντικατασταθεί από αυτό;" Comment="A Script Package with the same name already exists! Do you want to overwrite this Package?" />
    <Text Key="UpdateComicDynamicMessage" Text="Ενημερώθηκαν '{0}' Κόμικς" Comment="Updating Web Comic '{0}'" />
    <Text Key="ConnectToServer" Text="Σύνδεση με Διακομιστή" Comment="Connecting to Server" />
    <Text Key="GetShareInfoText" Text="Λήψη πληροφοριών σχετικών με τη κοινόχρηστη βιβλιοθήκη" Comment="Getting information about the shared Library" />
    <Text Key="ServerActivity" Text="Σε λειτουργία {0} διακομιστής(στές)" Comment="{0} Server(s) running" />
    <Text Key="ConnectServerText" Text="Έναρξη σύνδεσης με τον απομακρυσμένο διακομιστή" Comment="Opening connection to the remote Server" />
    <Text Key="ErrorFileUsed" Text="Αυτό το αρχείο χρησιμοποιείται ήδη στη βιβλιοθήκη" Comment="This file is already used in the Library" />
    <Text Key="CouldNotExportKeyboardLayout" Text="Δεν ήταν δυνατή η εξαγωγή της Διάταξης πληκτρολογίου!\nΑιτία: {0}" Comment="Could not export Keyboard Layout!\nReason: {0}" />
    <Text Key="CouldNotImportKeyboardLayout" Text="Δεν ήταν δυνατή η εισαγωγή Διάταξης πληκτρολογίου!\nΑιτία: {0}" Comment="Could not import Keyboard Layout!\nReason: {0}" />
    <Text Key="CouldNotLoadThumbnail" Text="Δεν ήταν δυνατό το άνοιγμα μικρογραφίας!\nΑιτία: {0}" Comment="Could not open Thumbnail!\nReason: {0}" />
    <Text Key="ListLayouts" Text="Διατάξεις Λίστας" Comment="List Layouts" />
    <Text Key="AlwaysSaveDirty" Text="Πάντα αποθήκευση των αλλαγών" Comment="Always save changes" />
    <Text Key="ImportReadingList" Text="Εισαγωγή Λίστας Ανάγνωσης" Comment="Import Reading List" />
    <Text Key="MatchBooksWithLibrary" Text="Συμφωνία λίστας με τη Βιβλιοθήκη" Comment="Matching list with Library" />
    <Text Key="ListMore" Text="{0} περισσότερα..." Comment="{0} more..." />
    <Text Key="TaskGroupLoadThumbnails" Text="Φόρτωση Μικρογραφιών" Comment="Load Thumbnails" />
    <Text Key="TaskGroupCreateThumbnails" Text="Δημιουργία Μικρογραφιών" Comment="Create Thumbnails" />
    <Text Key="TaskGroupLoadPages" Text="Φόρτωση Σελίδων" Comment="Load Pages" />
    <Text Key="TaskGroupCreatePages" Text="Δημιουργία Σελίδων" Comment="Create Pages" />
    <Text Key="TaskGroupReadInfo" Text="Ανάγνωση Πληροφοριών" Comment="Read Info" />
    <Text Key="TaskGroupWriteInfo" Text="Έγγραφη πληροφοριών" Comment="Write Info" />
    <Text Key="TaskGroupUpdateDynamic" Text="Ενημέρωση των Web Κόμικς" Comment="Update Web Comics" />
    <Text Key="TaskGroupScanning" Text="Αναζήτηση" Comment="Scanning" />
    <Text Key="AlsoRemoveDatabase" Text="&amp;Απομάκρυνση των αρχείων από την Βάση Δεδομένων" Comment="&amp;Also remove the Books from the Database" />
    <Text Key="AskExport" Text="Έχετε επιλέξει να διαγράφετε ή να αντικαταστήσετε ένα ή περισσότερα ήδη υπάρχοντα eComics κατά την εξαγωγή;  Είσαστε βέβαιοι ότι θέλετε να συνεχίσετε; \nΤα διαγραμμένα αρχεία κατά την εξαγωγή θα μετακινηθούν στο Κάδο Ανακύκλωσης. Παρακαλώ, βεβαιωθείτε ότι υπάρχει αρκετός διαθέσιμος χώρος στο δίσκο και ότι τα  eComics δεν βρίσκονται σε Δικτυακό Δίσκο!" Comment="You have chosen to delete or replace existing files during export. Are you sure you want to continue?\nThe deleted files will be moved to the Recycle Bin during export. Please make sure there is enough disk space available and the eComics are not located on a network drive!" />
    <Text Key="AskMoveBin" Text="Είστε βέβαιος ότι θέλετε να μετακινήσετε αυτά τα Βιβλία στο Κάδο Ανακύκλωσης;" Comment="Are you sure you want to move these files to the recycle bin?" />
    <Text Key="CouldNotSaveComic" Text="Αδυναμία αποθήκευσης του eComic!\nΑιτία: {0}" Comment="Could not save Book!\nReason: {0}" />
    <Text Key="DatabaseNewEmpty" Text="Παρουσιάστηκε σφάλμα κατά το άνοιγμα της Βάσης Δεδομένων του Κόμικς. Μια νέα κενή Βάση Δεδομένων έχει δημιουργηθεί." Comment="There was a problem opening the Database. A new empty Database has been created." />
    <Text Key="DatabaseRestored" Text="Παρουσιάστηκε σφάλμα σχετικό με τη Βάση Δεδομένων του Κόμικς. Η νέα έκδοση μπορεί να την ανακτήσει.\n" Comment="There was a problem with the Database. The last version to be known good has been restored. You may have lost some entires." />
    <Text Key="FailedDeleteBooks" Text="Κάποια βιβλία δεν διαγράφηκαν (πιθανά αυτά να χρησιμοποιούνται)!" Comment="Some files could not be deleted (maybe they are in use)!" />
    <Text Key="GettingList" Text="Λήψη Λιστών eComics" Comment="Getting List of Books" />
    <Text Key="GettingListText" Text="Ανάκτηση όλων των eComics από τον επιλεγμένο φάκελο" Comment="Retrieving all Books from the selected folder" />
    <Text Key="LoadComic" Text="Φόρτωση eComic" Comment="Opening Files" />
    <Text Key="RefreshInfoText" Text="Ανανέωση Πληροφοριών για τα επιλεγμένα eComics" Comment="Refreshing information for selected Books" />
    <Text Key="SavingNewComic" Text="Αποθήκευση νέου eComic..." Comment="Saving new Book..." />
    <Text Key="WriteData" Text="Εγγραφή δεδομένων" Comment="Pasting Data" />
    <Text Key="WriteDataText" Text="Εγγραφή δεδομένων στα επιλεγμένα eComics" Comment="Pasting Data into selected Books" />
    <Text Key="AddFolderLibrary" Text="Όλα τα eComics αυτού του φακέλου και οι υπό-φάκελοι θα προσαρτηθούν στη Βιβλιοθήκη." Comment="Books in this Folder and all sub Folders will be added to the library." />
    <Text Key="ExportQueueMessage" Text="Εξαγωγή eComic '{0}'" Comment="Export Book '{0}'" />
    <Text Key="RefreshInfoQueueMessage" Text="Ανανέωση Πληροφοριών για το eComic '{0}'" Comment="Refresh information for Book '{0}'" />
    <Text Key="WriteInfoQueueMessage" Text="Έγγραφη πληροφοριών στο eComic '{0}'" Comment="Write information to Book file '{0}'" />
    <Text Key="CloseExternalReader" Text="Αυτό θα κλείσει μόνο το Παράθυρο Ανάγνωσης και όχι τα ανοικτά eComic(s)!" Comment="This will only close the reader Window and not the open Book(s)!" />
    <Text Key="UnsolvedBookItems" Text="Τα παρακάτω eComics δεν βρέθηκαν στη Βιβλιοθήκη:\n{0}\nΝα εισαχθεί η Λίστα Ανάγνωσης;" Comment="The following Books were not found in the Library:\n{0}\nDo you still want to import the Reading List?" />
    <Text Key="SourceComicNotValid" Text="Η προέλευση του eComic δεν είναι έγκυρη" Comment="Source of Book is not valid" />
    <Text Key="ExportComicTitle" Text="Εξαγωγή του eComic στο" Comment="Export Book to" />
    <Text Key="AskDirtyItems" Text="Αποθήκευση των τροποποιημένων πληροφοριών των eComics που δεν είναι στη βάση δεδομένων;\nΌλες οι αλλαγές που δε θα αποθηκευτούν τώρα θα χαθούν!" Comment="Save changed information for Books that are not in the database?\nAll changes not saved now will be lost!" />
    <Text Key="SaveInfo" Text="Αποθήκευση eComics" Comment="Saving Book Information" />
    <Text Key="UndoEditMultipleComics" Text="Πολλαπλή επεξεργασία eComics" Comment="Edit multiple Books" />
    <Text Key="UndoShowInfo" Text="Πληροφορίες eComic" Comment="Book Info" />
    <Text Key="SelectLocalFolder" Text="Επιλέξτε ένα τοπικό φάκελο για να αποθηκεύσετε το απομακρυσμένο eComics" Comment="Select a local folder to store the remote Books" />
    <Text Key="CreateMissingBooks" Text="Προσθήκη των eComics που λείπουν στη Βιβλιοθήκη" Comment="Add missing Books to Library" />
    <Text Key="TaskGroupExport" Text="Εξαγωγή Κόμικς" Comment="Export Books" />
    <Text Key="DatabaseBackup" Text="Αντίγραφο Ασφαλείας Βάσης Δεδομένων" Comment="Database Backup" />
    <Text Key="DatabaseBackupText" Text="Δημιουργία και αποθήκευση αντιγράφου ασφαλείας" Comment="Creating and saving the Backup File" />
    <Text Key="DatabaseRestore" Text="Επαναφορά Βάσης Δεδομένων" Comment="Database Restore" />
    <Text Key="DatabaseRestoreText" Text="Ανάκτηση Βάσης δεδομένων από το αντίγραφο ασφαλείας" Comment="Restoring Database from Backup File" />
    <Text Key="DatabaseRestoreError" Text="Υπήρξε ένα σφάλμα κατά την αποκατάσταση των αντιγράφων ασφαλείαςτης βάσης δεδομένων " Comment="There was an error restoring the Database Backup" />
    <Text Key="ClearComicData" Text="Εκκαθάριση Βιβλίων" Comment="Clear Books" />
    <Text Key="ClearComicDataText" Text="Απομάκρυνση όλων των δεδομένων που έχουν εισαχθεί στα Βιβλία" Comment="Removing all entered data from the Books" />
    <Text Key="AskClearComicData" Text="Να αφαιρεθούν όλα τα δεδομένα που έχουν εισαχθεί από τα επιλεγμένα βιβλία (αυτά μπορούν να επανέλθουν με Αναίρεση);" Comment="Do you want to remove all entered data from the selected Books (can be reverted with Undo)?" />
    <Text Key="BackgroundConvert" Text="Αρχεία αναβαθμίζονται ή τροποποιούνται στο παρασκήνιο. Αν κλείσετε το πρόγραμμα τώρα, πιθανά κάποιες πληροφορίες δεν θα εγγραφούν στα eComics!" Comment="Files are still being updated/converted/synchronized in the background. If you close now, some information will not be written!" />
    <Text Key="DeviceSyncQueueMessage" Text="Συγχρονισμός συσκευής '{0}'" Comment="Syncing Device '{0}'" />
    <Text Key="AbortDeviceSync" Text="Ματαίωση συγχρονισμού συσκευών" Comment="Abort syncinc Devices" />
    <Text Key="TaskGroupDeviceSync" Text="Συγχρονισμός Συσκευών" Comment="Syncing Devices" />
    <Text Key="DiscoveringDevicesCaption" Text="Αναζήτηση συσκευών" Comment="Discovering devices" />
    <Text Key="DiscoveringDevicesDescription" Text="Ανίχνευση συνδεδεμένων συσκευών" Comment="Searching for connected devices" />
    <Text Key="DeviceOutOfSpace" Text="Η συσκευή '{0}' δεν έχει αρκετό ελεύθερο χώρο" Comment="Device '{0}' does not have enough free space" />
    <Text Key="RenameDevice" Text="Μετονομασία Συσκευής" Comment="Rename Device" />
  </Texts>
</TR>