<?xml version="1.0"?>
<TR xmlns:xsi="http://www.w3.org/2001/XMLSchema-instance" xmlns:xsd="http://www.w3.org/2001/XMLSchema" Name="PasswordDialog" CultureName="el-GR">
  <Texts>
    <Text Key="btCancel" Text="&amp;Ακύρωση" Comment="&amp;Cancel" />
    <Text Key="btOK" Text="&amp;Εντάξει" Comment="&amp;OK" />
    <Text Key="chkRemember" Text="Απομνημόνευση αυτού του Διακομιστή" Comment="Remember for this server" />
    <Text Key="labelPassword" Text="Συνθηματικό:" Comment="Password:" />
    <Text Key="lblDescription" Text="Απαιτείται Συνθηματικό για την απομάκρυνση από τη Βιβλιοθήκη:" Comment="A password is needed for the remote library:" />
    <Text Key="PasswordDialog" Text="Συνθηματικό" Comment="Password" />
  </Texts>
</TR>