<?xml version="1.0"?>
<TR xmlns:xsi="http://www.w3.org/2001/XMLSchema-instance" xmlns:xsd="http://www.w3.org/2001/XMLSchema" Name="Script.Autonumber" CultureName="el-GR">
  <Texts>
    <Text Key="Cancel" Text="&amp;Ακύρωση" Comment="&amp;Cancel" />
    <Text Key="chkTotal" Text="Αποθήκευση συνολικού Αριθμού:" Comment="Save total Number:" />
    <Text Key="labelBegin" Text="Αρχίζει από τον αριθμό:" Comment="Begin at Number:" />
    <Text Key="Name" Text="Οδηγός Αυτόματης Αρίθμησης..." Comment="Autonumber Wizard..." />
    <Text Key="NumberAltSeries" Text="Εναλλακτικός Αριθμός Σειράς" Comment="Number Alternate Series" />
    <Text Key="NumberSeries" Text="Αριθμός Σειράς" Comment="Number Series" />
    <Text Key="OK" Text="&amp;Εντάξει" Comment="&amp;OK" />
    <Text Key="Caption" Text="Αυτόματη Αρίθμηση" Comment="Autonumber Wizard" />
    <Text Key="Description" Text="Ένα script για την αρίθμηση των επιλεγμένων eComics" Comment="A script to renumber the selected Books" />
  </Texts>
</TR>