<?xml version="1.0"?>
<TR xmlns:xsi="http://www.w3.org/2001/XMLSchema-instance" xmlns:xsd="http://www.w3.org/2001/XMLSchema" Name="ComicListLibraryBrowser" CultureName="ja">
  <Texts>
    <Text Key="miEditSmartList" Text="編集(&amp;E)..." Comment="&amp;Edit..." />
    <Text Key="miNewFolder" Text="新規フォルダ(&amp;F)..." Comment="New &amp;Folder..." />
    <Text Key="miNewList" Text="新規リスト(&amp;L)..." Comment="New &amp;List..." />
    <Text Key="miNewSmartList" Text="新規スマート リスト(&amp;N)..." Comment="&amp;New Smart List..." />
    <Text Key="miNodeSort" Text="ソート(&amp;S)" Comment="&amp;Sort" />
    <Text Key="miOpenWindow" Text="新規ウィンドウで開く(&amp;O)" Comment="&amp;Open in New Window" />
    <Text Key="miQueryRename" Text="リネーム(&amp;R)" Comment="&amp;Rename" />
    <Text Key="miRefresh" Text="再読込み(&amp;F)" Comment="Re&amp;fresh" />
    <Text Key="miRemoveListOrFolder" Text="削除(&amp;M)..." Comment="&amp;Re&amp;move..." />
    <Text Key="NewFolder" Text="新規フォルダ" Comment="New Folder" />
    <Text Key="NewList" Text="新規リスト" Comment="New List" />
    <Text Key="NewSmartList" Text="新規スマート リスト" Comment="New Smart List" />
    <Text Key="tbNewFolder" Text="新規フォルダ(&amp;F)" Comment="New &amp;Folder" />
    <Text Key="tbNewFolder.Tooltip" Text="リスト整理用フォルダの新規作成" Comment="Create a new folder to organize your lists" />
    <Text Key="tbNewList" Text="新規リスト(&amp;L)" Comment="New &amp;List" />
    <Text Key="tbNewList.Tooltip" Text="新規カスタム リスト作成" Comment="Create a new custom List" />
    <Text Key="tbNewSmartList" Text="新規スマート リスト(&amp;N)" Comment="&amp;New Smart List" />
    <Text Key="tbNewSmartList.Tooltip" Text="新規スマート リスト作成" Comment="Create a new Smart List" />
    <Text Key="tbOpenWindow" Text="新規ウィンドウ" Comment="New Window" />
    <Text Key="tbOpenWindow.Tooltip" Text="このリストを新規ウィンドウで開く" Comment="Open current list in new Window" />
    <Text Key="tbRefresh" Text="再読込み" Comment="Refresh" />
    <Text Key="miOpenTab" Text="新しいタブで開く(&amp;O)" Comment="&amp;Open in New Tab" />
    <Text Key="NewSmartListOption" Text="現在の表示のスナップショット" Comment="Snapshot of current view" />
    <Text Key="tbOpenTab" Text="新規タブ" Comment="New Tab" />
    <Text Key="tbOpenTab.Tooltip" Text="このリストを新規タブで開く" Comment="Open current list in new Tab" />
    <Text Key="miCopyList" Text="リストをコピー" Comment="Copy List" />
    <Text Key="miPasteList" Text="リストの貼り付け" Comment="Paste List" />
    <Text Key="miExportReadingList" Text="閲覧リストのエクスポート..." Comment="Export Reading List..." />
    <Text Key="miImportReadingList" Text="閲覧リストのインポート..." Comment="Import Reading List..." />
    <Text Key="miFavRemove" Text="削除" Comment="Remove" />
    <Text Key="tbFavorites" Text="お気に入りの表示" Comment="Show Favorites" />
    <Text Key="tbFavorites.Tooltip" Text="お気に入り" Comment="Favorites" />
    <Text Key="miAddToFavorites" Text="お気に入りに追加" Comment="Add to Favorites" />
    <Text Key="miFavRefresh" Text="再読み込み()" Comment="&amp;Refresh" />
    <Text Key="tbExpandCollapseAll" Text="すべて展開/折畳む" Comment="Expand/Collapse all" />
  </Texts>
</TR>