<?xml version="1.0"?>
<TR xmlns:xsi="http://www.w3.org/2001/XMLSchema-instance" xmlns:xsd="http://www.w3.org/2001/XMLSchema" Name="ComicBookDialog" CultureName="ja">
  <Texts>
    <Text Key="btCancel" Text="キャンセル(&amp;C)" Comment="&amp;Cancel" />
    <Text Key="btNext" Text="次へ(&amp;N)" Comment="&amp;Next" />
    <Text Key="btOK" Text="&amp;OK" Comment="&amp;OK" />
    <Text Key="btResetPages" Text="リセット" Comment="Reset" />
    <Text Key="btResetColors" Text="リセット" Comment="Reset" />
    <Text Key="btPrev" Text="前へ(&amp;P)" Comment="&amp;Previous" />
    <Text Key="chkMangaStyle" Text="スタイルの管理" Comment="Manga Style" />
    <Text Key="colImage" Text="画像" Comment="Image" />
    <Text Key="colKey" Text="キー" Comment="Key" />
    <Text Key="colPage" Text="ページ" Comment="Page" />
    <Text Key="colType" Text="タイプ" Comment="Type" />
    <Text Key="ComicBookDialog" Text="情報" Comment="Info" />
    <Text Key="labelAlternateNumber" Text="ナンバー:" Comment="Number:" />
    <Text Key="labelAlternateSeries" Text="シリーズの別名、あらすじのタイトル:" Comment="Alternate Series or Storyline Title:" />
    <Text Key="labelBrightness" Text="明度" Comment="Brightness" />
    <Text Key="labelColorist" Text="カラーリスト:" Comment="Colorist:" />
    <Text Key="labelContrast" Text="コントラスト" Comment="Contrast" />
    <Text Key="labelEditor" Text="エディター:" Comment="Editor:" />
    <Text Key="labelFormat" Text="フォーマット:" Comment="Format:" />
    <Text Key="labelGenre" Text="ジャンル:" Comment="Genre:" />
    <Text Key="labelImprint" Text="奥付:" Comment="Imprint:" />
    <Text Key="labelInker" Text="インカー:" Comment="Inker:" />
    <Text Key="labelLanguage" Text="言語:" Comment="Language:" />
    <Text Key="labelLetterer" Text="レタラー:" Comment="Letterer:" />
    <Text Key="labelMonth" Text="月:" Comment="Month:" />
    <Text Key="labelNotes" Text="ノート:" Comment="Notes:" />
    <Text Key="labelNumber" Text="ナンバー:" Comment="Number:" />
    <Text Key="labelOpened" Text="閲覧:" Comment="Opened:" />
    <Text Key="labelPages" Text="ページ:" Comment="Pages:" />
    <Text Key="labelPenciller" Text="ペンシラー:" Comment="Penciller:" />
    <Text Key="labelPublisher" Text="発行者:" Comment="Publisher:" />
    <Text Key="labelSaturation" Text="彩度" Comment="Saturation" />
    <Text Key="labelSeries" Text="シリーズ:" Comment="Series:" />
    <Text Key="labelSummary" Text="概要:" Comment="Summary:" />
    <Text Key="labelTags" Text="タグ:" Comment="Tags:" />
    <Text Key="labelTitle" Text="タイトル:" Comment="Title:" />
    <Text Key="labelVolume" Text="ボリューム:" Comment="Volume:" />
    <Text Key="labelWhere" Text="場所:" Comment="Where:" />
    <Text Key="labelWriter" Text="作者:" Comment="Writer:" />
    <Text Key="labelYear" Text="年" Comment="Year:" />
    <Text Key="tabColors" Text="カラー" Comment="Colors" />
    <Text Key="tabPages" Text="ページ" Comment="Pages" />
    <Text Key="tabSummary" Text="概要" Comment="Summary" />
    <Text Key="pageViewer" Text="W-クリックでホワイト バランスを自動調整" Comment="Double Click on Color to set White Point" />
    <Text Key="labelPagesInfo" Text="ページ順の入れ換え: ドラッグ＆ドロップ また 右クリックメニューのページの種類から" Comment="Change the page order with drag &amp; drop or use the context menu to change page types:" />
    <Text Key="labelType" Text="タイプ:" Comment="Type:" />
    <Text Key="labelBlackAndWhite" Text="モノクロ" Comment="Black and White" />
    <Text Key="labelManga" Text="マンガ:" Comment="Manga:" />
    <Text Key="labelEnableProposed" Text="暫定データを有効化:" Comment="Enable Proposed:" />
    <Text Key="labelAgeRating" Text="年齢制限" Comment="Age Rating" />
    <Text Key="labelAlternateCount" Text="トータル:" Comment="of:" />
    <Text Key="labelCoverArtist" Text="カバー アーティスト:" Comment="Cover Artist:" />
    <Text Key="labelCount" Text="トータル:" Comment="of:" />
    <Text Key="tabDetails" Text="詳細" Comment="Details" />
    <Text Key="tabPlot" Text="プロットとノート" Comment="Plot &amp; Notes" />
    <Text Key="btPageView" Text="ページ" Comment="Pages" />
    <Text Key="labelCharacters" Text="キャラクター:" Comment="Characters:" />
    <Text Key="labelTeams" Text="チーム:" Comment="Teams:" />
    <Text Key="labelLocations" Text="場所:" Comment="Locations:" />
    <Text Key="labelSharpening" Text="シャープ" Comment="Sharpening" />
    <Text Key="labelWeb" Text="ウェブ:" Comment="Web:" />
    <Text Key="labelEnableDynamicUpdate" Text="更新の内容:" Comment="Include in Updates:" />
    <Text Key="btLinkFile" Text="ファイルへのリンク..." Comment="Link to File..." />
    <Text Key="btThumbnail" Text="サムネイル..." Comment="Thumbnail..." />
    <Text Key="labelMyRating" Text="ユーザー評価:" Comment="My Rating:" />
    <Text Key="labelCommunityRating" Text="コミュニティ評価:" Comment="Community Rating:" />
    <Text Key="miResetThumbnail" Text="デフォルト(&amp;D)" Comment="&amp;Default" />
    <Text Key="labelBookStore" Text="ストア:" Comment="Store:" />
    <Text Key="labelBookOwner" Text="オーナー:" Comment="Owner:" />
    <Text Key="labelBookLocation" Text="場所:" Comment="Location:" />
    <Text Key="labelBookAge" Text="汚損:" Comment="Age:" />
    <Text Key="labelBookCondition" Text="コンディション:" Comment="Condition:" />
    <Text Key="labelBookCollectionStatus" Text="コレクションの状態:" Comment="Collection Status:" />
    <Text Key="labelBookNotes" Text="ノート:" Comment="Notes:" />
    <Text Key="labelBookPrice" Text="価格:" Comment="Price:" />
    <Text Key="tabCatalog" Text="カタログ" Comment="Catalog" />
    <Text Key="labelISBN" Text="ISBN:" Comment="ISBN:" />
    <Text Key="labelPagesAsTextSimple" Text="Pages:" Comment="Pages:" />
  </Texts>
</TR>