<?xml version="1.0"?>
<TR xmlns:xsi="http://www.w3.org/2001/XMLSchema-instance" xmlns:xsd="http://www.w3.org/2001/XMLSchema" Name="CommandKeys" CultureName="ja">
  <Texts>
    <Text Key="A" Text="A" Comment="A" />
    <Text Key="Add" Text="+" Comment="Add" />
    <Text Key="Alt" Text="Alt" Comment="Alt" />
    <Text Key="B" Text="B" Comment="B" />
    <Text Key="C" Text="C" Comment="C" />
    <Text Key="Ctrl" Text="Ctrl" Comment="Ctrl" />
    <Text Key="D" Text="D" Comment="D" />
    <Text Key="D0" Text="0" Comment="D0" />
    <Text Key="D1" Text="1" Comment="D1" />
    <Text Key="D2" Text="2" Comment="D2" />
    <Text Key="D3" Text="3" Comment="D3" />
    <Text Key="D4" Text="4" Comment="D4" />
    <Text Key="D5" Text="5" Comment="D5" />
    <Text Key="D6" Text="6" Comment="D6" />
    <Text Key="D7" Text="7" Comment="D7" />
    <Text Key="D8" Text="8" Comment="D8" />
    <Text Key="D9" Text="9" Comment="D9" />
    <Text Key="Decimal" Text="Decimal" Comment="Decimal" />
    <Text Key="Divide" Text="/" Comment="Divide" />
    <Text Key="Down" Text="↓" Comment="Down" />
    <Text Key="E" Text="E" Comment="E" />
    <Text Key="End" Text="End" Comment="End" />
    <Text Key="Enter" Text="Enter" Comment="Enter" />
    <Text Key="Escape" Text="Escape" Comment="Escape" />
    <Text Key="F" Text="F" Comment="F" />
    <Text Key="G" Text="G" Comment="G" />
    <Text Key="H" Text="H" Comment="H" />
    <Text Key="Home" Text="Home" Comment="Home" />
    <Text Key="I" Text="I" Comment="I" />
    <Text Key="J" Text="J" Comment="J" />
    <Text Key="K" Text="K" Comment="K" />
    <Text Key="L" Text="L" Comment="L" />
    <Text Key="Left" Text="←" Comment="Left" />
    <Text Key="M" Text="M" Comment="M" />
    <Text Key="MediaNextTrack" Text="次のトラック" Comment="MediaNextTrack" />
    <Text Key="MediaPlayPause" Text="演奏の一時停止" Comment="MediaPlayPause" />
    <Text Key="MediaPreviousTrack" Text="前のトラック" Comment="MediaPreviousTrack" />
    <Text Key="MediaStop" Text="演奏の停止" Comment="MediaStop" />
    <Text Key="MouseButton4" Text="マウスボタン 4" Comment="MouseButton4" />
    <Text Key="MouseButton5" Text="マウスボタン 5" Comment="MouseButton5" />
    <Text Key="MouseDoubleButton4" Text="マウスボタン 4 W-クリック" Comment="MouseDoubleButton4" />
    <Text Key="MouseDoubleButton5" Text="マウス5ボタン W-クリック" Comment="MouseDoubleButton5" />
    <Text Key="MouseDoubleLeft" Text="マウス左 W-クリック" Comment="MouseDoubleLeft" />
    <Text Key="MouseDoubleMiddle" Text="マウス中 W-クリック" Comment="MouseDoubleMiddle" />
    <Text Key="MouseDoubleRight" Text="マウス右 W-クリック" Comment="MouseDoubleRight" />
    <Text Key="MouseLeft" Text="マウス左シングル クリック" Comment="MouseLeft" />
    <Text Key="MouseMiddle" Text="マウス中ボタン" Comment="MouseMiddle" />
    <Text Key="MouseRight" Text="マウス右ボタン" Comment="MouseRight" />
    <Text Key="MouseTiltLeft" Text="マウス 左チルト" Comment="MouseTiltLeft" />
    <Text Key="MouseTiltRight" Text="マウス右チルト" Comment="MouseTiltRight" />
    <Text Key="MouseWheelDown" Text="マウスホイール下" Comment="MouseWheelDown" />
    <Text Key="MouseWheelUp" Text="マウスホイール上" Comment="MouseWheelUp" />
    <Text Key="Multiply" Text="*" Comment="Multiply" />
    <Text Key="N" Text="N" Comment="N" />
    <Text Key="None" Text="なし" Comment="None" />
    <Text Key="NumPad0" Text="NumPad 0" Comment="NumPad0" />
    <Text Key="NumPad1" Text="NumPad 1" Comment="NumPad1" />
    <Text Key="NumPad2" Text="NumPad 2" Comment="NumPad2" />
    <Text Key="NumPad3" Text="NumPad 3" Comment="NumPad3" />
    <Text Key="NumPad4" Text="NumPad 4" Comment="NumPad4" />
    <Text Key="NumPad5" Text="NumPad 5" Comment="NumPad5" />
    <Text Key="NumPad6" Text="NumPad 6" Comment="NumPad6" />
    <Text Key="NumPad7" Text="NumPad 7" Comment="NumPad7" />
    <Text Key="NumPad8" Text="NumPad 8" Comment="NumPad8" />
    <Text Key="NumPad9" Text="NumPad 9" Comment="NumPad9" />
    <Text Key="O" Text="O" Comment="O" />
    <Text Key="P" Text="P" Comment="P" />
    <Text Key="PageDown" Text="PageDown" Comment="PageDown" />
    <Text Key="PageUp" Text="PageUp" Comment="PageUp" />
    <Text Key="Q" Text="Q" Comment="Q" />
    <Text Key="R" Text="R" Comment="R" />
    <Text Key="Right" Text="→" Comment="Right" />
    <Text Key="S" Text="S" Comment="S" />
    <Text Key="Shift" Text="Shift" Comment="Shift" />
    <Text Key="Space" Text="スペース" Comment="Space" />
    <Text Key="Subtract" Text="-" Comment="Subtract" />
    <Text Key="T" Text="T" Comment="T" />
    <Text Key="Tab" Text="Tab " Comment="Tab" />
    <Text Key="U" Text="U" Comment="U" />
    <Text Key="Up" Text="↑" Comment="Up" />
    <Text Key="V" Text="V" Comment="V" />
    <Text Key="W" Text="W" Comment="W" />
    <Text Key="X" Text="X" Comment="X" />
    <Text Key="Y" Text="Y" Comment="Y" />
    <Text Key="Z" Text="Z" Comment="Z" />
    <Text Key="Zoom" Text="ズーム" Comment="Zoom" />
    <Text Key="Gesture1" Text="ジェスチャー 1" Comment="Gesture 1" />
    <Text Key="Gesture2" Text="ジェスチャー 2" Comment="Gesture 2" />
    <Text Key="Gesture3" Text="ジェスチャー 3" Comment="Gesture 3" />
    <Text Key="Gesture4" Text="ジェスチャー 4" Comment="Gesture 4" />
    <Text Key="Gesture5" Text="ジェスチャー 5" Comment="Gesture 5" />
    <Text Key="Gesture6" Text="ジェスチャー 6" Comment="Gesture 6" />
    <Text Key="Gesture7" Text="ジェスチャー 7" Comment="Gesture 7" />
    <Text Key="Gesture8" Text="ジェスチャー 8" Comment="Gesture 8" />
    <Text Key="Gesture9" Text="ジェスチャー 9" Comment="Gesture 9" />
    <Text Key="TouchPressAndTap" Text="押さえながらタップ" Comment="Press and Tap" />
    <Text Key="TouchTwoFingerTap" Text="2本指でタップ" Comment="Two Finger Tap" />
    <Text Key="GestureDouble1" Text="ジェスチャー 1 x 2回" Comment="Gesture Double 1" />
    <Text Key="GestureDouble2" Text="ジェスチャー 2 x 2回" Comment="Gesture Double 2" />
    <Text Key="GestureDouble3" Text="ジェスチャー 3 x 2回" Comment="Gesture Double 3" />
    <Text Key="GestureDouble4" Text="ジェスチャー 4 x 2回" Comment="Gesture Double 4" />
    <Text Key="GestureDouble5" Text="ジェスチャー 5 x 2回" Comment="Gesture Double 5" />
    <Text Key="GestureDouble6" Text="ジェスチャー 6 x 2回" Comment="Gesture Double 6" />
    <Text Key="GestureDouble7" Text="ジェスチャー 7 x 2回" Comment="Gesture Double 7" />
    <Text Key="GestureDouble8" Text="ジェスチャー 8 x 2回" Comment="Gesture Double 8" />
    <Text Key="GestureDouble9" Text="ジェスチャー 9 x 2回" Comment="Gesture Double 9" />
    <Text Key="TouchTap" Text="タップ" Comment="Tap" />
    <Text Key="TouchDoubleTap" Text="ダブル タップ" Comment="Double Tap" />
  </Texts>
</TR>