<?xml version="1.0"?>
<TR xmlns:xsi="http://www.w3.org/2001/XMLSchema-instance" xmlns:xsd="http://www.w3.org/2001/XMLSchema" Name="MagnifySetupControl" CultureName="ja">
  <Texts>
    <Text Key="labelHeight" Text="高さ" Comment="Height" />
    <Text Key="labelOpacity" Text="視認性" Comment="Opacity" />
    <Text Key="labelWidth" Text="横幅" Comment="Width" />
    <Text Key="labelZoom" Text="ズーム" Comment="Zoom" />
    <Text Key="chkSimpleStyle" Text="シンプル スタイル" Comment="Simple Style" />
    <Text Key="chkAutoMagnifier" Text="長押しで有効化" Comment="Activate with 'long' Click" />
    <Text Key="chkAutoHideMagnifier" Text="ページのボーダーで隠す" Comment="Hide at Page Border" />
  </Texts>
</TR>