<?xml version="1.0"?>
<TR xmlns:xsi="http://www.w3.org/2001/XMLSchema-instance" xmlns:xsd="http://www.w3.org/2001/XMLSchema" Name="Messages" CultureName="ja">
  <Texts>
    <Text Key="AlsoRemoveDatabase" Text="ファイルもデータベースから削除(&amp;A)" Comment="&amp;Also remove the files from the Database" />
    <Text Key="AskMoveBin" Text="選択コミックをごみ箱に削除しようとしています。実行しますか？" Comment="Are you sure you want to move these books to the recycle bin?" />
    <Text Key="AskRemoveComics" Text="選択コミックをリストから削除します。実行しますか？" Comment="Are you sure you want to remove these books from the list?" />
    <Text Key="AskRemoveFavorite" Text="お気に入りフォルダのリンクを削除します。実行しますか？" Comment="Do you really want to remove this Favorite Folder link?" />
    <Text Key="AskRemoveFromLibrary" Text="選択したブックをライブラリから削除します。実行しますか？\nファイルに保存されていない情報は失われます（表示回数、前回の閲覧等）。" Comment="Are you sure you want to remove these books from the library?\nAll information not stored in the files will be lost (like Open Count, Last Read etc.)!" />
    <Text Key="AskRemoveItem" Text="このアイテムを削除します。実行しますか？" Comment="Do you really want to remove this item?" />
    <Text Key="Attention" Text="注意" Comment="Attention" />
    <Text Key="BackgroundConvert" Text="バックグラウンドでファイルの更新/変換処理をおこなっています。今、終了すると保存されないデータがあるかもしれません！" Comment="Files are still being updated/converted in the background. If you close now, some information will not be written to the eComics!" />
    <Text Key="CloseComicRack" Text="ComicRack の終了" Comment="Close ComicRack" />
    <Text Key="ClosingComicRack" Text="ComicRack の終了..." Comment="Closing ComicRack" />
    <Text Key="CouldNotSaveComic" Text="コミックを保存できません！\n理由: {0}" Comment="Could not save eComic!\nReason: {0}" />
    <Text Key="CouldNotSaveImage" Text="ページの画像を保存できません！:\n理由: {0}" Comment="Could not save the page image!\nReason: {0}" />
    <Text Key="CreateMainWindow" Text="メイン ウィンドウ の作成..." Comment="Creating Main Window" />
    <Text Key="DatabaseNewEmpty" Text="コミック データベースのオープン時に問題が発生しました。空のデータベースを新規作成しました。" Comment="There was a problem opening the Comic Database. A new empty Database has been created." />
    <Text Key="DatabaseRestored" Text="コミック データベースに問題が発生しました。直前のバージョンに修復しましたが、いくつかのエントリが失われたかもしれません。 " Comment="There was a problem with the Comic Database. The last version to be known good has been restored. You may have lost some entires." />
    <Text Key="Error" Text="エラー" Comment="Error" />
    <Text Key="ErrorShutDown" Text="アプリケーションの終了エラー発生:\n{0}" Comment="There was an error shutting down the application:\n{0}" />
    <Text Key="FailedDeleteBooks" Text="削除不能なコミックがあります (おそらく使用中です)！　　" Comment="Some books could not be deleted (maybe they are in use)!" />
    <Text Key="FailedRetrieveDatabase" Text="サーバー上のデータベース取得に失敗！" Comment="Failed to retrieve the Database from the Server!" />
    <Text Key="FailedToInitialize" Text="ComicRack の初期化に失敗: {0}" Comment="Failed to initialize ComicRack: {0}" />
    <Text Key="GetServerLibraryText" Text="サーバー上の共有ライブラリを取得中" Comment="Retrieving the shared Library from the Server" />
    <Text Key="GettingList" Text="コミック リストの取得..." Comment="Getting eComics List" />
    <Text Key="GettingListText" Text="選択フォルダのすべてのコミックを取得" Comment="Retrieving all eComics from the selected folder" />
    <Text Key="InitCache" Text="キャッシュの初期化..." Comment="Initialize Disk Caches" />
    <Text Key="InitGUI" Text="ユーザー インターフェース の初期化..." Comment="Initalizing User Interface" />
    <Text Key="InitScripts" Text="スクリプト の初期化..." Comment="Initalizing Scripts" />
    <Text Key="ListLayout" Text="リスト レイアウト" Comment="List Layout" />
    <Text Key="LoadComic" Text="コミックのロード..." Comment="Loading eComic" />
    <Text Key="LoadCustomSettings" Text="カスタム設定のロード..." Comment="Loading custom settings" />
    <Text Key="LoadingThumbnail" Text="サムネイルのロード..." Comment="Loading Thumbnail..." />
    <Text Key="LoadingPage" Text="ページ {0} のロード..." Comment="Loading Page {0}..." />
    <Text Key="MoveBin" Text="ファイルもごみ箱に削除(&amp;A)" Comment="&amp;Also move the files to the Recycle Bin" />
    <Text Key="NotAskAgain" Text="以降は、確認しない(&amp;D)" Comment="&amp;Do not ask me again" />
    <Text Key="OpenDatabase" Text="データベースのオープン..." Comment="Opening Database" />
    <Text Key="PasswordNeeded" Text="リモート ライブラリ '{0}' にはパスワードが必要です:" Comment="A password is needed for the remote Library '{0}':" />
    <Text Key="ReadNewsFeed" Text="ニュース フィード の読み込み..." Comment="Reading News Feed" />
    <Text Key="RefreshInfo" Text="情報を更新中..." Comment="Refreshing Information" />
    <Text Key="RefreshInfoText" Text="選択コミックの情報を更新中..." Comment="Refreshing information for selected eComics" />
    <Text Key="RefreshServer" Text="サーバー ライブラリ更新..." Comment="Refreshing Server Library" />
    <Text Key="Remove" Text="削除" Comment="Remove" />
    <Text Key="RetrieveNews" Text="ニュース取得" Comment="Retrieving News" />
    <Text Key="RetrieveNewsText" Text="ニュースチャンネルの更新..." Comment="Refreshing subscribed News Channels" />
    <Text Key="SaveAllData" Text="すべてのデータをディスクへ保存..." Comment="Saving all Data to Disk..." />
    <Text Key="SaveListLayout" Text="リスト レイアウトを保存" Comment="Save List Layout" />
    <Text Key="SavingNewComic" Text="新規コミックの保存..." Comment="Saving new eComic..." />
    <Text Key="ScriptFailed" Text="スクリプト実行に失敗！" Comment="Execution of the script failed!" />
    <Text Key="StartNetwork" Text="ネットワーク作業開始" Comment="Starting Network" />
    <Text Key="WriteData" Text="データ書き込み" Comment="Write Data" />
    <Text Key="WriteDataText" Text="選択コミックにデータ書き込み中..." Comment="Writing Data to selected eComics" />
    <Text Key="WrongPassword" Text="ライブラリ '{0}' に指定されたパスワードは正しくありません。やり直してください:" Comment="The specified password for the Library'{0}' is not correct. Please try again:" />
    <Text Key="AddFolderLibrary" Text="このフォルダとサブフォルダのコミックをライブラリに追加。" Comment="eComics in this Folder and all sub Folders will be added to the library." />
    <Text Key="Set" Text="セット" Comment="Set" />
    <Text Key="AskSetAllLists" Text="現在のレイアウトにすべてのリストをセットします。実行しますか？" Comment="Are you sure you want to set all Lists to the current layout?" />
    <Text Key="PageFailedToLoad" Text="ページのロードに失敗.\n再読込みをおこなってください..." Comment="Page failed to load.\nTry refresh to load again..." />
    <Text Key="RefreshInfoQueueMessage" Text="コミック '{0}' のデータ更新" Comment="Refresh information for eComic '{0}'" />
    <Text Key="FastThumbanilQueueMessage" Text="サムネイルの取得 ページ {0} :ファイル {1}" Comment="Retrieve cached thumbnail for page {0} in file '{1}'" />
    <Text Key="SlowThumbnailQueueMessage" Text="サムネイル作成中: ページ {0}  ファイル {1}" Comment="Create thumbnail for page {0} in file '{1}'" />
    <Text Key="GetImageQueueMessage" Text="ページ {0} の取得: ファイル {1} から" Comment="Get page {0} in file '{1}'" />
    <Text Key="OpenError" Text="このファイルはオープンできません！\n '{0}' " Comment="Could not open the book '{0}'!" />
    <Text Key="OpeningComic" Text="'{0}' を表示中..." Comment="Opening the book '{0}'..." />
    <Text Key="NoComicOpen" Text="なにも開いていません" Comment="No book is open" />
    <Text Key="CloseExternalReader" Text="これはリーダー  ウィンドウを閉じるだけです。コミックは開きません！" Comment="This will only close the reader Window and not the open eComic(s)!" />
    <Text Key="RestartQuestion" Text="この操作には ComicRack の再起動が必要です！今すぐ再起動しますか？" Comment="ComicRack needs to restart to complete the operation! Do you want to restart now?" />
    <Text Key="DatabaseBackupError" Text="データベースバックアップ保存中にエラーがありました" Comment="There was an error saving the Database backup" />
    <Text Key="DatabaseBackupRestored" Text="以前のデータベースバックアップから復元を完了！" Comment="A previous database backup has been successfully restored!" />
    <Text Key="WriteInfoQueueMessage" Text="コミック '{0}' にに情報を書き込む" Comment="Write information to eComic '{0}'" />
    <Text Key="AskExport" Text="エクスポート時に既存コミックの削除/移動を選択しました。続行しますか？\nエクスポート時に削除したファイルはごみ箱に送られます。ディスク容量に充分な余裕があることと、コミックがネットワーク ドライブに置かれていないことを確認してください。" Comment="You have chosen to delete or replace existing eComics during export? Are you sure you want to continue?\nThe deleted files will be moved to the Recycle Bin during export. Please make sure there is enough disk space available and the eComics are not located on a network drive!" />
    <Text Key="Export" Text="エクスポート" Comment="Export" />
    <Text Key="ConnectToServer" Text="サーバーへ接続中" Comment="Connecting to Server" />
    <Text Key="GetShareInfoText" Text="共有ライブラリの情報の取得" Comment="Getting information about the shared Library" />
    <Text Key="ExportQueueMessage" Text="コミック '{0}' をエクスポート" Comment="Export eComic '{0}'" />
    <Text Key="DontShowAgain" Text="以降は再表示しない" Comment="Do not show this again" />
    <Text Key="ScanComicQueueMessage" Text="'{0}' をスキャン中" Comment="Scanning '{0}'" />
    <Text Key="UpdateComicDynamicMessage" Text="ウェブ コミック '{0}' の更新" Comment="Updating Web Comic '{0}'" />
    <Text Key="ErrorWritingReadingList" Text="閲覧リスト '{0}' のエクスポート中にエラー" Comment="There was an error exporting the Reading List '{0}'" />
    <Text Key="ErrorOpeningReadingList" Text="閲覧リスト '{0}' のインポート中にエラー" Comment="There was an error importing the Reading List '{0}'" />
    <Text Key="OutputFileExists" Text="出力ファイル '{0}' はすでに存在します！" Comment="Output File '{0}' already exists!" />
    <Text Key="ConvertToCBZ" Text="CBZ に変換" Comment="Convert to CBZ" />
    <Text Key="ConvertToCB7" Text="CB7 に変換" Comment="Convert to CB7" />
    <Text Key="ExportForPSP" Text="PSP にエクスポート" Comment="Export for PSP" />
    <Text Key="AbortScan" Text="スキャンを中止" Comment="Abort Scanning" />
    <Text Key="AbortExport" Text="エクスポートを中止" Comment="Abort Export" />
    <Text Key="FailedToReadImage" Text="画像 {0} の読み込みに失敗！" Comment="Failed to read Image {0}!" />
    <Text Key="InvalidExportSettings" Text="無効なエクスポート設定です (例. ライブラリに未対応のフォーマットが追加、等)" Comment="The export settings are not valid (e.g. adding a not supported format to the library)" />
    <Text Key="SourceComicNotValid" Text="ソースは有効なコミックではありません" Comment="Source eComic is not valid" />
    <Text Key="ExportComicTitle" Text="コミックのエクスポート先" Comment="Export eComic to" />
    <Text Key="ComicRackMinimizedTitle" Text="ComicRack はまだ実行中です" Comment="ComicRack is still running" />
    <Text Key="ComicRackMinimized" Text="メニューのファイル &gt; 終了からも ComicRack を終了させることができます。この挙動は設定ダイアログで変更することができます。\nここをクリックすれば、このメッセージは再表示されません。" Comment="You either close ComicRack with File/Exit or you can change this behavior in the Preferences Dialog.\nClick here to not show this message again" />
    <Text Key="ConnectRemoteError" Text="リモート サーバー '{0}' に接続できません" Comment="Could not connect to Remote Server '{0}'" />
    <Text Key="CheckingDatabase" Text="データベースのチェック中" Comment="Checking Database" />
    <Text Key="CheckingDatabaseText" Text="データの整合性と欠落データの更新をチェック" Comment="Checking integrity and updating any missing Data" />
    <Text Key="AskDirtyItems" Text="コミック情報の変更をデータベースにに保存しますか？\n今、保存しておかないと、すべての変更は失われます！" Comment="Save changed information for eComics that are not in the database?\nAll changes not saved now will be lost!" />
    <Text Key="SaveInfo" Text="コミックの保存中" Comment="Saving eComics" />
    <Text Key="SaveInfoText" Text="情報の保存が済むまで、お待ちください！" Comment="Please wait while all unsaved information is stored!" />
    <Text Key="UndoEditMultipleComics" Text="複数コミックの編集" Comment="Edit multiple eComics" />
    <Text Key="UndoShowInfo" Text="コミック情報" Comment="eComic Info" />
    <Text Key="UndoScript" Text="オートメーション '{0}'" Comment="Automation '{0}'" />
    <Text Key="UndoEditColumn" Text="カラム '{0}' の編集" Comment="Edit Column '{0}'" />
    <Text Key="UndoRating" Text="評価の変更" Comment="Change Rating" />
    <Text Key="ScriptPackageExists" Text="同名のスクリプト パッケージが存在します。このパッケージに上書きしますか？" Comment="A Script Package with the same name already exists! Do you want to overwrite this Package?" />
    <Text Key="SelectLocalFolder" Text="リモート コミックの保存用ローカル フォルダを選択" Comment="Select a local folder to store the remote eComics" />
    <Text Key="ServerActivity" Text="{0} サーバー実行中" Comment="{0} Server(s) running" />
    <Text Key="ConnectServerText" Text="リモート サーバーへ接続しています" Comment="Opening connection to the remote Server" />
    <Text Key="ErrorFileUsed" Text="このファイルはすでにライブラリで使用されています" Comment="This file is already used in the Library" />
    <Text Key="CreateMissingBooks" Text="欠落したコミックをライブラリに追加" Comment="Add missing eComics to Library" />
    <Text Key="ImportReadingList" Text="閲覧中リストのインポート" Comment="Import Reading List" />
    <Text Key="MatchBooksWithLibrary" Text="ライブラリのリストを調査中" Comment="Matching list with Library" />
    <Text Key="CouldNotExportKeyboardLayout" Text="キーボード レイアウトがエクスポートできません！\n理由: {0}" Comment="Could not export Keyboard Layout!\nReason: {0}" />
    <Text Key="CouldNotImportKeyboardLayout" Text="キーボード レイアウトがインポートできません！\n理由: {0}" Comment="Could not import Keyboard Layout!\nReason: {0}" />
    <Text Key="CouldNotLoadThumbnail" Text="サムネイルがオープンできません！\n理由: {0}" Comment="Could not open Thumbnail!\nReason: {0}" />
    <Text Key="ListLayouts" Text="リスト レイアウト" Comment="List Layouts" />
    <Text Key="UnsolvedBookItems" Text="ライブラリ中の以下のコミックがありません:\n{0}\nそれでも閲覧中リストをインポートしますか？" Comment="The following eComics were not found in the Library:\n{0}\nDo you still want to import the Reading List?" />
    <Text Key="AlwaysSaveDirty" Text="つねに変更を保存" Comment="Always save changes" />
    <Text Key="ListMore" Text="{0} more..." Comment="{0} more..." />
    <Text Key="TaskGroupLoadThumbnails" Text="サムネイルのロード" Comment="Load Thumbnails" />
    <Text Key="TaskGroupCreateThumbnails" Text="サムネイルの作成" Comment="Create Thumbnails" />
    <Text Key="TaskGroupLoadPages" Text="ページのロード" Comment="Load Pages" />
    <Text Key="TaskGroupCreatePages" Text="ページの作成" Comment="Create Pages" />
    <Text Key="TaskGroupReadInfo" Text="情報の読み込み" Comment="Read Info" />
    <Text Key="TaskGroupWriteInfo" Text="情報の書き込み" Comment="Write Info" />
    <Text Key="TaskGroupUpdateDynamic" Text="ウェブ コミックの更新" Comment="Update Web Comics" />
    <Text Key="TaskGroupExport" Text="コミックのエクスポート" Comment="Export Comics" />
    <Text Key="TaskGroupScanning" Text="スキャン中" Comment="Scanning" />
  </Texts>
</TR>