<?xml version="1.0"?>
<TR xmlns:xsi="http://www.w3.org/2001/XMLSchema-instance" xmlns:xsd="http://www.w3.org/2001/XMLSchema" Name="PasswordDialog" CultureName="ja">
  <Texts>
    <Text Key="btCancel" Text="キャンセル(&amp;C)" Comment="&amp;Cancel" />
    <Text Key="btOK" Text="&amp;OK" Comment="&amp;OK" />
    <Text Key="chkRemember" Text="このサーバー用に記憶する" Comment="Remember for this server" />
    <Text Key="labelPassword" Text="パスワード:" Comment="Password:" />
    <Text Key="lblDescription" Text="リモート ライブラリに使用するパスワード" Comment="A password is needed for the remote library:" />
    <Text Key="PasswordDialog" Text="パスワード" Comment="Password" />
  </Texts>
</TR>