<?xml version="1.0"?>
<TR xmlns:xsi="http://www.w3.org/2001/XMLSchema-instance" xmlns:xsd="http://www.w3.org/2001/XMLSchema" Name="ComicListFolderFilesBrowser" CultureName="nl-BE">
  <Texts>
    <Text Key="miAddFolderLibrary" Text="&amp;Voeg Map toe aan Bibliotheek" Comment="&amp;Add Folder to Library" />
    <Text Key="miAddToFavorites" Text="&amp;Voeg Map toe aan Favorieten" Comment="&amp;Add Folder to Favorites" />
    <Text Key="miFavRefresh" Text="&amp;Hernieuwen" Comment="&amp;Refresh" />
    <Text Key="miOpenWindow" Text="&amp;Open in een Nieuw Venster" Comment="&amp;Open in New Window" />
    <Text Key="miRefresh" Text="&amp;Vernieuwen" Comment="&amp;Refresh" />
    <Text Key="miRemove" Text="&amp;Verwijderen..." Comment="&amp;Remove..." />
    <Text Key="tbFavorites" Text="Toon de Favorieten" Comment="Show Favorites" />
    <Text Key="tbFavorites.Tooltip" Text="Favorieten" Comment="Favorites" />
    <Text Key="tbIncludeSubFolders" Text="Toon ook alle Subfolders" Comment="Include all Subfolders" />
    <Text Key="tbOpenWindow" Text="Nieuw Venster" Comment="New Window" />
    <Text Key="tbOpenWindow.Tooltip" Text="Open huidige lijst in een nieuw Venster" Comment="Open current list in new Window" />
    <Text Key="tbRefresh" Text="Vernieuw" Comment="Refresh" />
    <Text Key="miOpenTab" Text="&amp;Open in een Nieuwe Tab" Comment="&amp;Open in New Tab" />
    <Text Key="tbOpenTab" Text="Nieuwe Tab" Comment="New Tab" />
    <Text Key="tbOpenTab.Tooltip" Text="Open de huidige Lijst in een nieuwe Tab" Comment="Open current list in new Tab" />
  </Texts>
</TR>