<?xml version="1.0"?>
<TR xmlns:xsi="http://www.w3.org/2001/XMLSchema-instance" xmlns:xsd="http://www.w3.org/2001/XMLSchema" Name="ComicPagesView" CultureName="nl-BE">
  <Texts>
    <Text Key="ArrangedBy" Text="Gesorteerd volgens {0}" Comment="Arranged by {0}" />
    <Text Key="ChangeItemSize" Text="Wijzig de grootte van de Miniaturen" Comment="Change size of thumbnails" />
    <Text Key="GroupedBy" Text="Groepeer volgens {0}" Comment="Grouped by {0}" />
    <Text Key="miViewDetails" Text="&amp;Details" Comment="&amp;Details" />
    <Text Key="miViewThumbnails" Text="M&amp;iniaturen" Comment="T&amp;humbnails" />
    <Text Key="miViewTiles" Text="&amp;Tegels" Comment="&amp;Tiles" />
    <Text Key="None" Text="Geen" Comment="None" />
    <Text Key="NotArranged" Text="Niet gesorteerd" Comment="Not sorted" />
    <Text Key="NotGrouped" Text="Niet gegroepeerd" Comment="Not grouped" />
    <Text Key="tbbGroup" Text="Groeperen" Comment="Group" />
    <Text Key="tbbSort" Text="Sorteren" Comment="Arrange" />
    <Text Key="tbbView" Text="Beeld" Comment="Views" />
    <Text Key="tbFilter" Text="Bladzijde Filter" Comment="Page Filter" />
    <Text Key="miExpandAllGroups" Text="Alle Groepen In-/Uitklappen" Comment="Collapse/Expand all Groups" />
    <Text Key="tbbGroup.Tooltip" Text="Groepeer Boeken volgens verschillende criteria" Comment="Group Pages by different criteria" />
    <Text Key="tbbSort.Tooltip" Text="Wijzig de sorteerrangorde van de Boeken" Comment="Change the sort order of the Pages" />
    <Text Key="tbbView.Tooltip" Text="Wijzig hoe Boeken worden weergegeven" Comment="Change how Pages are displayed" />
  </Texts>
</TR>