<?xml version="1.0"?>
<TR xmlns:xsi="http://www.w3.org/2001/XMLSchema-instance" xmlns:xsd="http://www.w3.org/2001/XMLSchema" Name="DisplaySetupDialog" CultureName="nl-BE">
  <Texts>
    <Text Key="btCancel" Text="&amp;Annuleer" Comment="&amp;Cancel" />
    <Text Key="btOK" Text="&amp;OK" Comment="&amp;OK" />
    <Text Key="btApply" Text="&amp;Toepassen" Comment="&amp;Apply" />
    <Text Key="chkPageMargin" Text="Behoud marges rondom pagina's" Comment="Leave margins around the pages" />
    <Text Key="labelPaging" Text="Pagina Overgang:" Comment="Page Transition:" />
    <Text Key="labelBackgroundColor" Text="Kleur:" Comment="Color:" />
    <Text Key="labelBackgroundType" Text="Type:" Comment="Type:" />
    <Text Key="labelBackgroundTexture" Text="Textuur:" Comment="Texture:" />
    <Text Key="cbBackgroundType.Item0" Text="Achtergrond benadert de Weergegeven Pagina" Comment="Adjust Color to current Page" />
    <Text Key="cbBackgroundType.Item1" Text="Kleur" Comment="Color" />
    <Text Key="cbBackgroundType.Item2" Text="Textuur" Comment="Texture" />
    <Text Key="cbPageTransition.Item0" Text="Geen Pagina overgang effect" Comment="No Page Transition Effect" />
    <Text Key="cbPageTransition.Item1" Text="Pagina 'fades' in" Comment="Page fades in" />
    <Text Key="cbPageTransition.Item2" Text="Pagina scrollt horizontaal in" Comment="Page scrolls in horizontally" />
    <Text Key="cbPageTransition.Item3" Text="Pagina scrollt vertikaal in" Comment="Page scrolls in vertically" />
    <Text Key="cbPageTransition.Item4" Text="Pagina omslageffect" Comment="Page Turn Effect" />
    <Text Key="grpGeneral" Text="Algemeen" Comment="General" />
    <Text Key="grpEffects" Text="Effecten" Comment="Effects" />
    <Text Key="grpBackground" Text="Achtergrond" Comment="Background" />
    <Text Key="labelPaper" Text="Papier:" Comment="Paper:" />
    <Text Key="labelPaperStrength" Text="Strength:" Comment="Strength:" />
    <Text Key="cbPaperLayout.Item0" Text="Geen" Comment="None" />
    <Text Key="cbPaperLayout.Item1" Text="Tegel" Comment="Tile" />
    <Text Key="cbPaperLayout.Item2" Text="Gecentreerd" Comment="Center" />
    <Text Key="cbPaperLayout.Item3" Text="Spreiden" Comment="Stretch" />
    <Text Key="cbPaperLayout.Item4" Text="Zoem" Comment="Zoom" />
    <Text Key="cbTextureLayout.Item0" Text="Geen" Comment="None" />
    <Text Key="cbTextureLayout.Item1" Text="Tegel" Comment="Tile" />
    <Text Key="cbTextureLayout.Item2" Text="Gecentreerd" Comment="Center" />
    <Text Key="cbTextureLayout.Item3" Text="Spreiden" Comment="Stretch" />
    <Text Key="cbTextureLayout.Item4" Text="Zoem" Comment="Zoom" />
    <Text Key="ComicDisplaySettingsDialog" Text="Boek Weergave Instellingen" Comment="Book Display Settings" />
    <Text Key="chkRealisticPages" Text="Realistische Pagina weergave" Comment="Realistic Page Display" />
  </Texts>
</TR>