<?xml version="1.0"?>
<TR xmlns:xsi="http://www.w3.org/2001/XMLSchema-instance" xmlns:xsd="http://www.w3.org/2001/XMLSchema" Name="ComicBookDialog" CultureName="nl-BE">
  <Texts>
    <Text Key="btCancel" Text="&amp;Annuleer" Comment="&amp;Cancel" />
    <Text Key="btNext" Text="&amp;Volgende" Comment="&amp;Next" />
    <Text Key="btOK" Text="&amp;OK" Comment="&amp;OK" />
    <Text Key="btResetPages" Text="Standaard" Comment="Reset" />
    <Text Key="btResetColors" Text="Standaard" Comment="Reset" />
    <Text Key="btPrev" Text="&amp;Vorige" Comment="&amp;Previous" />
    <Text Key="chkMangaStyle" Text="Manga Genre" Comment="Manga Style" />
    <Text Key="ComicBookDialog" Text="Informatie" Comment="Info" />
    <Text Key="labelAlternateNumber" Text="Nummer:" Comment="Number:" />
    <Text Key="labelAlternateSeries" Text="Alternatieve Reeksnaam:" Comment="Alternate Series or Storyline Title:" />
    <Text Key="labelBrightness" Text="Helderheid" Comment="Brightness" />
    <Text Key="labelColorist" Text="Inkleurder:" Comment="Colorist:" />
    <Text Key="labelContrast" Text="Contrast" Comment="Contrast" />
    <Text Key="labelEditor" Text="Editor:" Comment="Editor:" />
    <Text Key="labelFormat" Text="Albumformaat:" Comment="Format:" />
    <Text Key="labelGenre" Text="Genre:" Comment="Genre:" />
    <Text Key="labelImprint" Text="Imprint:" Comment="Imprint:" />
    <Text Key="labelInker" Text="Inker:" Comment="Inker:" />
    <Text Key="labelLanguage" Text="Taal:" Comment="Language:" />
    <Text Key="labelLetterer" Text="Letteraar:" Comment="Letterer:" />
    <Text Key="labelMonth" Text="Maand:" Comment="Month:" />
    <Text Key="labelNotes" Text="Notities:" Comment="Notes:" />
    <Text Key="labelNumber" Text="Nummer:" Comment="Number:" />
    <Text Key="labelOpened" Text="Geopend:" Comment="Opened:" />
    <Text Key="labelPages" Text="Bladzijdes:" Comment="Pages:" />
    <Text Key="labelPenciller" Text="Tekenaar:" Comment="Penciller:" />
    <Text Key="labelPublisher" Text="Uitgever:" Comment="Publisher:" />
    <Text Key="labelSaturation" Text="Saturatie" Comment="Saturation" />
    <Text Key="labelSeries" Text="Reeks:" Comment="Series:" />
    <Text Key="labelSummary" Text="Synopsis:" Comment="Summary:" />
    <Text Key="labelTags" Text="Labels:" Comment="Tags:" />
    <Text Key="labelTitle" Text="Titel:" Comment="Title:" />
    <Text Key="labelVolume" Text="Jaargang:" Comment="Volume:" />
    <Text Key="labelWhere" Text="Locatie?:" Comment="Where:" />
    <Text Key="labelWriter" Text="Schrijver:" Comment="Writer:" />
    <Text Key="labelYear" Text="Jaar:" Comment="Year:" />
    <Text Key="tabColors" Text="Kleuren" Comment="Colors" />
    <Text Key="tabPages" Text="Bladzijden" Comment="Pages" />
    <Text Key="tabSummary" Text="Samenvatting" Comment="Summary" />
    <Text Key="pageViewer" Text="Dubbelklik in het Beeld voor de Witwaarde" Comment="Double Click on Color to set White Point" />
    <Text Key="labelPagesInfo" Text="Wijzig de Bladvolgorde met 'Sleep &amp; Los' of gebruik daarvoor het Context Menu.\n" Comment="Change the page order with drag &amp; drop or use the context menu to change page types:" />
    <Text Key="labelType" Text="Type:" Comment="Type:" />
    <Text Key="labelBlackAndWhite" Text="Zwart-wit" Comment="Black and White" />
    <Text Key="labelManga" Text="Manga" Comment="Manga:" />
    <Text Key="labelEnableProposed" Text="Label zoals voorgesteld:" Comment="Enable Proposed:" />
    <Text Key="labelAgeRating" Text="Leeswijzer" Comment="Age Rating" />
    <Text Key="tabPlot" Text="Plot &amp; Nota's" Comment="Plot &amp; Notes" />
    <Text Key="labelCharacters" Text="Personages:" Comment="Characters:" />
    <Text Key="labelAlternateCount" Text="van:" Comment="of:" />
    <Text Key="labelCoverArtist" Text="Voorkaft:" Comment="Cover Artist:" />
    <Text Key="labelCount" Text="van:" Comment="of:" />
    <Text Key="labelSharpening" Text="Scherpen" Comment="Sharpening" />
    <Text Key="btPageView" Text="Pagina's" Comment="Pages" />
    <Text Key="labelWeb" Text="Web:" Comment="Web:" />
    <Text Key="labelEnableDynamicUpdate" Text="Bijvoegen in Updates:" Comment="Include in Updates:" />
    <Text Key="labelTeams" Text="Teams:" Comment="Teams:" />
    <Text Key="labelLocations" Text="Locaties:" Comment="Locations:" />
    <Text Key="tabDetails" Text="Details" Comment="Details" />
    <Text Key="btLinkFile" Text="Koppel à Bestand..." Comment="Link to File..." />
    <Text Key="btThumbnail" Text="Miniatuur..." Comment="Thumbnail..." />
    <Text Key="labelMyRating" Text="Mijn beoordeling:" Comment="My Rating:" />
    <Text Key="labelCommunityRating" Text="Groepswaardering:" Comment="Community Rating:" />
    <Text Key="miResetThumbnail" Text="&amp;Standaard" Comment="&amp;Default" />
    <Text Key="labelBookStore" Text="Stripwinkel:" Comment="Store:" />
    <Text Key="labelBookOwner" Text="Eigenaar:" Comment="Owner:" />
    <Text Key="labelBookLocation" Text="Locatie:" Comment="Location:" />
    <Text Key="labelBookAge" Text="Tijdvak - Era:" Comment="Age:" />
    <Text Key="labelBookCondition" Text="Conditie:" Comment="Condition:" />
    <Text Key="labelBookCollectionStatus" Text="Status van het album in je collectie:" Comment="Collection Status:" />
    <Text Key="labelBookNotes" Text="Nota's:" Comment="Notes:" />
    <Text Key="labelBookPrice" Text="Aankoopprijs:" Comment="Price:" />
    <Text Key="tabCatalog" Text="Catalogus" Comment="Catalog" />
    <Text Key="labelISBN" Text="ISBN:" Comment="ISBN:" />
    <Text Key="labelPagesAsTextSimple" Text="Pagina's:" Comment="Pages:" />
    <Text Key="labelGamma" Text="Gamma" Comment="Gamma" />
    <Text Key="labelOpenedTime" Text="Geopend/Gelezen:" Comment="Opened/Read:" />
    <Text Key="labelAddedTime" Text="Toegevoegd/Aangekocht:" Comment="Added/Purchased:" />
    <Text Key="labelSeriesComplete" Text="Volledige reeks:" Comment="Series complete:" />
    <Text Key="chkShowImageControls" Text="Beeldbesturing" Comment="Image Controls" />
    <Text Key="labelScanInformation" Text="Scan Informatie:" Comment="Scan Information:" />
    <Text Key="labelStoryArc" Text="Cyclustitel:" Comment="Story Arc:" />
    <Text Key="labelSeriesGroup" Text="Globale Reeksnaam:" Comment="Series Group:" />
    <Text Key="labelMainCharacterOrTeam" Text="Protagonist (Hoofdkarakter of Team):" Comment="Main Character/Team:" />
    <Text Key="tabPageReview" Text="Recensie" Comment="Review" />
    <Text Key="tabPageNotes" Text="Notities" Comment="Notes" />
    <Text Key="tabPageSummary" Text="Synopsis" Comment="Summary" />
    <Text Key="btApply" Text="&amp;Toepassen" Comment="&amp;Apply" />
    <Text Key="miOrderByName" Text="Rangschik per Naam" Comment="Order by Name" />
    <Text Key="miOrderByNameNumeric" Text="Rangschik per Naam (numeriek)" Comment="Order by Name (numeric)" />
    <Text Key="labelDay" Text="Dag:" Comment="Day:" />
    <Text Key="labelReleasedTime" Text="Publicatiedatum:" Comment="Released:" />
  </Texts>
</TR>