<?xml version="1.0"?>
<TR xmlns:xsi="http://www.w3.org/2001/XMLSchema-instance" xmlns:xsd="http://www.w3.org/2001/XMLSchema" Name="CrashDialog" CultureName="nl-BE">
  <Texts>
    <Text Key="labelMessage" Text="Help mee bij de ontwikkeling van ComicRack door het volgende rapport toe te zenden, het bevat geen gegevens die u kunnen identificeren." Comment="Please help to make ComicRack a better application by submitting the follwing report. This report does not contain any data that could identify you." />
    <Text Key="chkSubmit" Text="Verzend" Comment="Submit" />
    <Text Key="btDetails" Text="Details" Comment="Details" />
    <Text Key="btResume" Text="Herneem?" Comment="Try Resume" />
    <Text Key="btRestart" Text="Herstart" Comment="Restart" />
    <Text Key="btExit" Text="Beëindig" Comment="Exit" />
    <Text Key="CrashDialog" Text="ComicRack ontdekte een probleem..." Comment="ComicRack encountered a Problem..." />
  </Texts>
</TR>