<?xml version="1.0"?>
<TR xmlns:xsi="http://www.w3.org/2001/XMLSchema-instance" xmlns:xsd="http://www.w3.org/2001/XMLSchema" Name="DeviceSelectDialog" CultureName="nl-BE">
  <Texts>
    <Text Key="DeviceSelectDialog" Text="Selecteer Apparaat" Comment="Select Device" />
    <Text Key="btCancel" Text="&amp;Annuleer" Comment="&amp;Cancel" />
    <Text Key="btOK" Text="&amp;OK" Comment="&amp;OK" />
    <Text Key="colName" Text="Naam" Comment="Name" />
    <Text Key="colModel" Text="Model" Comment="Model" />
    <Text Key="colSerial" Text="Serial" Comment="Serial" />
  </Texts>
</TR>