<?xml version="1.0"?>
<TR xmlns:xsi="http://www.w3.org/2001/XMLSchema-instance" xmlns:xsd="http://www.w3.org/2001/XMLSchema" Name="KeyboardShortcutEditor" CultureName="nl-BE">
  <Texts>
    <Text Key="chkAlt1" Text="Alt" Comment="Alt" />
    <Text Key="chkAlt2" Text="Alt" Comment="Alt" />
    <Text Key="chkCtrl1" Text="Ctrl" Comment="Ctrl" />
    <Text Key="chkCtrl2" Text="Ctrl" Comment="Ctrl" />
    <Text Key="chkShift1" Text="Schift" Comment="Shift" />
    <Text Key="chkShift2" Text="Shift" Comment="Shift" />
    <Text Key="colAction" Text="Actie" Comment="Action" />
    <Text Key="colKeys" Text="Toetsen" Comment="Keys" />
    <Text Key="labelAlternateKey" Text="Alternatief:" Comment="Alternate:" />
    <Text Key="labelMainKey" Text="Toets:" Comment="Main:" />
    <Text Key="NothingSelected" Text="Geen actie geselecteerd" Comment="No action selected" />
    <Text Key="chkAlt3" Text="Alt" Comment="Alt" />
    <Text Key="chkCtrl3" Text="Ctrl" Comment="Ctrl" />
    <Text Key="chkShift3" Text="Shift" Comment="Shift" />
    <Text Key="labelAlternate2Key" Text="Andere:" Comment="Alternate:" />
    <Text Key="GetKeyCaption" Text="Druk op Toets" Comment="Press Key" />
    <Text Key="GetKeyDescription" Text="Druk uw toetsencombinatie in of sluit dit scherm" Comment="Press your key combination or close this window" />
  </Texts>
</TR>