<?xml version="1.0"?>
<TR xmlns:xsi="http://www.w3.org/2001/XMLSchema-instance" xmlns:xsd="http://www.w3.org/2001/XMLSchema" Name="MainView" CultureName="nl-BE">
  <Texts>
    <Text Key="tsbAlignBottom" Text="Onderaan koppelen" Comment="Dock Bottom" />
    <Text Key="tsbAlignFill" Text="Vul scherm" Comment="Fill" />
    <Text Key="tsbAlignLeft" Text="Links Koppelen" Comment="Dock Left" />
    <Text Key="tsbAlignRight" Text="Rechts Koppelen" Comment="Dock Right" />
    <Text Key="tsbClose" Text="Afsluiten" Comment="Close" />
    <Text Key="tsbFolders" Text="Mappen" Comment="Folders" />
    <Text Key="tsbFolders.Tooltip" Text="Blader door je Mappen" Comment="Browse your Folders" />
    <Text Key="tsbLibrary" Text="Bibliotheek" Comment="Library" />
    <Text Key="tsbPages" Text="Bladzijden" Comment="Pages" />
    <Text Key="tsbShowMenu" Text="Toon Menu" Comment="Show Menu" />
    <Text Key="tsbInfoPanelLeft" Text="Info dialoogvenster Rechts" Comment="Info Panel Right" />
    <Text Key="tsbLibrary.Tooltip" Text="eComics Bibliotheek" Comment="Library with all Books" />
    <Text Key="tsbPages.Tooltip" Text="Bladzijden van 't huidige Boek" Comment="Pages of the current Book" />
    <Text Key="tsbAlignment" Text="Docking Modus" Comment="Docking Mode" />
  </Texts>
</TR>