<?xml version="1.0"?>
<TR xmlns:xsi="http://www.w3.org/2001/XMLSchema-instance" xmlns:xsd="http://www.w3.org/2001/XMLSchema" Name="PasswordDialog" CultureName="nl-BE">
  <Texts>
    <Text Key="btCancel" Text="&amp;Annuleer" Comment="&amp;Cancel" />
    <Text Key="btOK" Text="&amp;OK" Comment="&amp;OK" />
    <Text Key="chkRemember" Text="Onthouden voor deze server?" Comment="Remember for this server" />
    <Text Key="labelPassword" Text="Paswoord:" Comment="Password:" />
    <Text Key="lblDescription" Text="Voor deze externe Bibliotheek is een paswoord vereist:" Comment="A password is needed for the remote library:" />
    <Text Key="PasswordDialog" Text="Paswoord" Comment="Password" />
  </Texts>
</TR>