<?xml version="1.0"?>
<TR xmlns:xsi="http://www.w3.org/2001/XMLSchema-instance" xmlns:xsd="http://www.w3.org/2001/XMLSchema" Name="Script.Autonumber" CultureName="nl-BE">
  <Texts>
    <Text Key="Cancel" Text="&amp;Annuleer" Comment="&amp;Cancel" />
    <Text Key="chkTotal" Text="Bewaar het Totaal:" Comment="Save total Number:" />
    <Text Key="labelBegin" Text="Begin bij nummer:" Comment="Begin at Number:" />
    <Text Key="Name" Text="Autonummering..." Comment="Autonumber Wizard..." />
    <Text Key="NumberAltSeries" Text="Alternatieve ReeksNr." Comment="Number Alternate Series" />
    <Text Key="NumberSeries" Text="Reeksnummer" Comment="Number Series" />
    <Text Key="OK" Text="&amp;OK" Comment="&amp;OK" />
    <Text Key="Caption" Text="Autonummering" Comment="Autonumber Wizard" />
    <Text Key="Description" Text="Het script hernummert de geselecteerde Boeken" Comment="A script to renumber the selected Books" />
  </Texts>
</TR>