<?xml version="1.0"?>
<TR xmlns:xsi="http://www.w3.org/2001/XMLSchema-instance" xmlns:xsd="http://www.w3.org/2001/XMLSchema" Name="SearchBrowser" CultureName="nl-BE">
  <Texts>
    <Text Key="AlternateSeries" Text="Alternatieve Reeksnamen" Comment="Alternate Series" />
    <Text Key="Colorist" Text="Inkleurders" Comment="Colorists" />
    <Text Key="Genre" Text="Genres" Comment="Genres" />
    <Text Key="Imprint" Text="Imprints" Comment="Imprints" />
    <Text Key="Inker" Text="Inkers" Comment="Inkers" />
    <Text Key="LanguageAsText" Text="Talen" Comment="Languages" />
    <Text Key="MonthAsText" Text="Maanden" Comment="Months" />
    <Text Key="Penciller" Text="Tekenaars" Comment="Pencillers" />
    <Text Key="Publisher" Text="Uitgevers" Comment="Publishers" />
    <Text Key="ShadowSeries" Text="Reeksen" Comment="Series" />
    <Text Key="ShadowYearAsText" Text="Jaren" Comment="Years" />
    <Text Key="Writer" Text="Schrijvers" Comment="Writers" />
    <Text Key="Unspecified" Text="Onbekend" Comment="Unspecified" />
    <Text Key="AllItems" Text="Alle ({0} {1})" Comment="All ({0} {1})" />
    <Text Key="ShadowTitle" Text="Titels" Comment="Titles" />
    <Text Key="ShadowFormat" Text="Formaten" Comment="Formats" />
    <Text Key="Editor" Text="Editors" Comment="Editors" />
    <Text Key="Characters" Text="Personages" Comment="Characters" />
    <Text Key="CoverArtist" Text="Tekenaars Voorkaft" Comment="Cover Artists" />
    <Text Key="AgeRating" Text="Leeswijzers" Comment="Age Ratings" />
    <Text Key="Tags" Text="Labels" Comment="Tags" />
    <Text Key="ShadowVolumeAsText" Text="Jaargangen" Comment="Volumes" />
    <Text Key="Teams" Text="Teams" Comment="Teams" />
    <Text Key="Locations" Text="Locaties" Comment="Locations" />
    <Text Key="Web" Text="Web" Comment="Web" />
    <Text Key="Letterer" Text="Letteraars" Comment="Letterer" />
    <Text Key="RatingAsText" Text="Mijn beoordelingen" Comment="My Ratings" />
    <Text Key="CommunityRatingAsText" Text="Groepswaarderingen" Comment="Community Ratings" />
    <Text Key="BookPriceAsText" Text="Albumprijzen" Comment="Book Prices" />
    <Text Key="BookAge" Text="Tijdvaken - Era's" Comment="Book Ages" />
    <Text Key="BookStore" Text="Stripwinkels" Comment="Book Stores" />
    <Text Key="BookOwner" Text="Albumeigenaars" Comment="Book Owners" />
    <Text Key="BookCondition" Text="Albumcondities" Comment="Book Conditions" />
    <Text Key="BookCollectionStatus" Text="Albumstatus in de Collectie" Comment="Book Collection Status" />
    <Text Key="BookLocation" Text="Albumlocaties" Comment="Book Locations" />
    <Text Key="MainCharacterOrTeam" Text="Protagonisten (Hoofdkararter of Team)" Comment="Main Characters/Teams" />
    <Text Key="SeriesGroup" Text="Globale Reeksnamen" Comment="Series Groups" />
    <Text Key="StoryArc" Text="Cyclustitels" Comment="Story Arcs" />
  </Texts>
</TR>