<?xml version="1.0"?>
<TR xmlns:xsd="http://www.w3.org/2001/XMLSchema" xmlns:xsi="http://www.w3.org/2001/XMLSchema-instance" Name="Columns" CultureName="es">
  <Texts>
    <Text Key="AgeRating" Text="Clasificación por edades" Comment="Age Rating" />
    <Text Key="AlternateCountAsText" Text="Contador alternativo" Comment="Alternate Count" />
    <Text Key="AlternateCountAsText.Description" Text="Número total de entregas del crossover/relato" Comment="Total issues of the crossover/story" />
    <Text Key="AlternateNumberAsText" Text="Nº alternativo" Comment="Alternate Number" />
    <Text Key="AlternateNumberAsText.Description" Text="Número de entrega del crossover/relato" Comment="Issue number in the crossover/story" />
    <Text Key="AlternateSeries" Text="Serie Alternativa" Comment="Alternate Series" />
    <Text Key="AlternateSeries.Description" Text="Nombre del Crossover/Relato" Comment="Crossover/story name" />
    <Text Key="BlackAndWhiteAsText" Text="B/N" Comment="B&amp;W" />
    <Text Key="Bookmark" Text="Marcador" Comment="Bookmark" />
    <Text Key="Bookmark.Description" Text="Texto del Marcador" Comment="Bookmark text" />
    <Text Key="Caption" Text="Título" Comment="Caption" />
    <Text Key="Characters" Text="Personajes" Comment="Characters" />
    <Text Key="Colorist" Text="Colorista" Comment="Colorist" />
    <Text Key="CountAsText" Text="Contador" Comment="Count" />
    <Text Key="Cover" Text="Portada" Comment="Cover" />
    <Text Key="CoverArtist" Text="Artista de la Portada" Comment="Cover Artist" />
    <Text Key="CoverArtist.Description" Text="El artista responsable de la portada" Comment="The artist responsible for the cover" />
    <Text Key="Editor" Text="Editor" Comment="Editor" />
    <Text Key="FileFormat" Text="Formato de archivo" Comment="File Format" />
    <Text Key="FileName" Text="Nombre de archivo" Comment="File Name" />
    <Text Key="FileName.Description" Text="Nombre de archivo sin la extensión" Comment="Filename without the extension" />
    <Text Key="Format" Text="Formato" Comment="Format" />
    <Text Key="Genre" Text="Género" Comment="Genre" />
    <Text Key="ImageHeightAsText" Text="Altura" Comment="Height" />
    <Text Key="ImageHeightAsText.Description" Text="Alto de página en píxeles" Comment="Height of the page in pixels" />
    <Text Key="ImageWidthAsText" Text="Ancho" Comment="Width" />
    <Text Key="ImageWidthAsText.Description" Text="Anchura de la página en píxeles" Comment="Width of the page in pixels" />
    <Text Key="Imprint" Text="Imprime" Comment="Imprint" />
    <Text Key="Inker" Text="Entintador" Comment="Inker" />
    <Text Key="Key" Text="Nombre" Comment="Name" />
    <Text Key="LanguageAsText" Text="Idioma" Comment="Language" />
    <Text Key="Letterer" Text="Rotulación" Comment="Letterer" />
    <Text Key="MangaAsText" Text="Manga" Comment="Manga" />
    <Text Key="MonthAsText" Text="Mes" Comment="Month" />
    <Text Key="NumberAsText" Text="Número" Comment="Number" />
    <Text Key="OpenedCountAsText" Text="Nº de veces abierto" Comment="Opened Count" />
    <Text Key="Page" Text="Página" Comment="Page" />
    <Text Key="Page.Description" Text="El número de página de la imagen" Comment="The page number of the image" />
    <Text Key="PageTypeAsText" Text="Tipo" Comment="Type" />
    <Text Key="PageTypeAsText.Description" Text="Tipo de página (relato, portada, etc)" Comment="The type of the page (story, cover, etc.)" />
    <Text Key="Penciller" Text="Dibujante" Comment="Penciller" />
    <Text Key="Position" Text="Posición" Comment="Position" />
    <Text Key="Publisher" Text="Editorial" Comment="Publisher" />
    <Text Key="Rating" Text="Mi valoración" Comment="My Rating" />
    <Text Key="ReadPercentageAsText" Text="% Leído" Comment="Read Percentage" />
    <Text Key="ReadPercentageAsText.Description" Text="Cuánto se ha leído" Comment="How much has been read" />
    <Text Key="Series" Text="Serie" Comment="Series" />
    <Text Key="Series.Description" Text="Nombre de la Serie" Comment="Series name" />
    <Text Key="State" Text="Estado" Comment="State" />
    <Text Key="Tags" Text="Etiquetas" Comment="Tags" />
    <Text Key="Thumbnail" Text="Miniatura" Comment="Thumbnail" />
    <Text Key="Thumbnail.Description" Text="Miniatura de la página" Comment="The thumbnail image of the page" />
    <Text Key="Title" Text="Título" Comment="Title" />
    <Text Key="VolumeAsText" Text="Volumen" Comment="Volume" />
    <Text Key="VolumeAsText.Description" Text="Número de volúmenes de la Serie" Comment="Volume number of the Series" />
    <Text Key="Writer" Text="Guionista" Comment="Writer" />
    <Text Key="YearAsText" Text="Año" Comment="Year" />
    <Text Key="RotationAsText" Text="Rotación" Comment="Rotation" />
    <Text Key="RotationAsText.Description" Text="Rotación permanente de la página" Comment="Permanent rotation of the page" />
    <Text Key="FilePath" Text="Ruta" Comment="File Path" />
    <Text Key="FileSizeAsText" Text="Tamaño" Comment="File Size" />
    <Text Key="ImageFileSizeAsText" Text="Tamaño" Comment="Size" />
    <Text Key="ImageFileSizeAsText.Description" Text="Tamaño de la pág. en bytes" Comment="Size of the page in bytes" />
    <Text Key="FileDirectory" Text="Carpeta" Comment="File Directory" />
    <Text Key="BookmarkCountAsText" Text="Nº de marcadores" Comment="Bookmark Count" />
    <Text Key="Number" Text="Número" Comment="Number" />
    <Text Key="AlternateNumber" Text="Número alternativo" Comment="Alternate Number" />
    <Text Key="Web" Text="Web" Comment="Web" />
    <Text Key="Notes" Text="Notas" Comment="Notes" />
    <Text Key="Summary" Text="Resumen" Comment="Summary" />
    <Text Key="PagesAsTextSimple" Text="Páginas" Comment="Pages" />
    <Text Key="PagesAsTextSimple.Description" Text="El nº total de páginas" Comment="The total count of pages" />
    <Text Key="PublishedAsText" Text="Publicado el" Comment="Published" />
    <Text Key="NewPagesAsText" Text="Páginas nuevas" Comment="New Pages" />
    <Text Key="NewPagesAsText.Description" Text="Nº de páginas nuevas" Comment="Count of new Pages" />
    <Text Key="Teams" Text="Equipos" Comment="Teams" />
    <Text Key="Locations" Text="Lugares" Comment="Locations" />
    <Text Key="Web.Description" Text="Un enlace Web" Comment="A Web Link" />
    <Text Key="CountAsText.Description" Text="Número total de entregas en esta serie" Comment="Total number of issues in this series" />
    <Text Key="CommunityRating" Text="Valoración de la Comunidad" Comment="Community Rating" />
    <Text Key="IsLinkedAsText" Text="Enlazado al Archivo" Comment="Linked to File" />
    <Text Key="BookAge" Text="Antigüedad del Libro" Comment="Book Age" />
    <Text Key="BookAge.Description" Text="Antigüedad del Libro" Comment="Age of the Book" />
    <Text Key="BookPriceAsText" Text="Precio del libro" Comment="Book Price" />
    <Text Key="BookPriceAsText.Description" Text="Precio del libro" Comment="Price of the Book" />
    <Text Key="BookCondition" Text="Condición del libro" Comment="Book Condition" />
    <Text Key="BookCondition.Description" Text="Condición del libro" Comment="Condition of the Book" />
    <Text Key="BookStore" Text="Comercio" Comment="Book Store" />
    <Text Key="BookStore.Description" Text="Tienda donde se compró el libro" Comment="Store the Book was bought" />
    <Text Key="BookOwner" Text="Propietario del libro" Comment="Book Owner" />
    <Text Key="BookOwner.Description" Text="Propietario del libro" Comment="Owner of the Book" />
    <Text Key="BookCollectionStatus" Text="Estado de la colección de libros" Comment="Book Collection Status" />
    <Text Key="BookCollectionStatus.Description" Text="Estado del libro en la colección" Comment="Status of the Book in the Collection" />
    <Text Key="BookLocation" Text="Ubicación del libro" Comment="Book Location" />
    <Text Key="BookLocationStatus.Description" Text="Ubicación del libro" Comment="Location of the Book" />
    <Text Key="PagePositionAsText" Text="Posición" Comment="Position" />
    <Text Key="PagePositionAsText.Description" Text="Posición en que la página queda dispuesta" Comment="Layout position of the page" />
    <Text Key="ISBN" Text="ISBN" Comment="ISBN" />
    <Text Key="ISBN.Description" Text="Nº ISBN" Comment="ISBN Number" />
    <Text Key="SeriesStatCountAsText" Text="Serie: Libros" Comment="Series: Books" />
    <Text Key="SeriesStatCountAsText.Description" Text="Libros en la serie" Comment="Books in the Series" />
    <Text Key="SeriesStatMinNumberAsText" Text="Serie: Primer número" Comment="Series: First Number" />
    <Text Key="SeriesStatMinNumberAsText.Description" Text="Primer número de la serie" Comment="First Number of the Series" />
    <Text Key="SeriesStatMaxNumberAsText" Text="Serie: Ultimo número" Comment="Series: Last Number" />
    <Text Key="SeriesStatMaxNumberAsText.Description" Text="Ultimo número de la serie" Comment="Last Number of the Series" />
    <Text Key="SeriesStatMinYearAsText" Text="Serie: Primer año" Comment="Series: First Year" />
    <Text Key="SeriesStatMinYearAsText.Description" Text="Primer año de la serie" Comment="First Year of the Series" />
    <Text Key="SeriesStatMaxYearAsText" Text="Serie: Ultimo año" Comment="Series: Last Year" />
    <Text Key="SeriesStatMaxYearAsText.Description" Text="último año de la serie" Comment="last Year of the Series" />
    <Text Key="SeriesStatPageCountAsText" Text="Serie: Páginas" Comment="Series: Pages" />
    <Text Key="SeriesStatPageCountAsText.Description" Text="Páginas de la serie" Comment="Pages in the Series" />
    <Text Key="SeriesStatPageReadCountAsText" Text="Serie: Páginas leídas" Comment="Series: Pages Read" />
    <Text Key="SeriesStatPageReadCountAsText.Description" Text="Páginas leídas en la serie" Comment="Pages of the Series read" />
    <Text Key="SeriesStatReadPercentageAsText" Text="Serie: Porcentaje leído" Comment="Series: Percent Read" />
    <Text Key="SeriesStatReadPercentageAsText.Description" Text="Porcentaje leído de la serie" Comment="Percent of the Series read" />
    <Text Key="SeriesStatAverageRating" Text="Serie: Mi valoración media" Comment="Series: My Average Rating" />
    <Text Key="SeriesStatAverageRating.Description" Text="Mi valoración media de para la serie" Comment="My average Rating of the Series" />
    <Text Key="SeriesStatAverageCommunityRating" Text="Serie: Valoración media de la comunidad" Comment="Series: Community Average Rating" />
    <Text Key="SeriesStatAverageCommunityRating.Description" Text="Valoración media de la comunidad para la Serie" Comment="Community average Rating of the Series" />
    <Text Key="SeriesStatRunningTimeAsText" Text="Serie: Años que duró la serie" Comment="Series: Running Time Years" />
    <Text Key="SeriesStatRunningTimeAsText.Description" Text="Años que duró la serie" Comment="Running time of the Series in years" />
    <Text Key="SeriesStatGapCountAsText" Text="Serie: Huecos" Comment="Series: Gaps" />
    <Text Key="SeriesStatGapCountAsText.Description" Text="Huecos en la serie" Comment="Gaps in the Series" />
    <Text Key="Caption.Description" Text="Título completo del libro" Comment="Complete caption of the Book" />
    <Text Key="Colorist.Description" Text="Colorista del libro" Comment="Colorist of the Book" />
    <Text Key="Cover.Description" Text="Portada del libro" Comment="Cover image of the Book" />
    <Text Key="Editor.Description" Text="Editor del Libro" Comment="Editor of the Book" />
    <Text Key="FilePath.Description" Text="Lugar donde está almacenado el libro " Comment="Location where the Book is stored" />
    <Text Key="FileFormat.Description" Text="Formato de archivo del Libro" Comment="File format of the Book" />
    <Text Key="FileSizeAsText.Description" Text="Tamaño del libro en bytes" Comment="Size of the Book file in bytes" />
    <Text Key="Genre.Description" Text="Género del Libro" Comment="Genre of the Book" />
    <Text Key="Imprint.Description" Text="Impresor del libro" Comment="Imprint of the Book" />
    <Text Key="Inker.Description" Text="Entintador del libro" Comment="Inker of the Book" />
    <Text Key="Key.Description" Text="Clave única para esta página en el libro" Comment="Unique key for this page in the Book" />
    <Text Key="LanguageAsText.Description" Text="Idioma del eCómic" Comment="Language of the Book" />
    <Text Key="Letterer.Description" Text="Rotulación del Libro" Comment="Letterer of the Book" />
    <Text Key="MonthAsText.Description" Text="Mes de publicación del libro" Comment="Month the Book was published" />
    <Text Key="NumberAsText.Description" Text="Número del libro en la Serie" Comment="Number of the Book in the Series" />
    <Text Key="OpenedCountAsText.Description" Text="Veces que ha sido abierto el libro" Comment="Times the Book has been opened" />
    <Text Key="Penciller.Description" Text="Dibujantes del libro" Comment="Penciller of the Book" />
    <Text Key="Position.Description" Text="Posición del libro en la lista" Comment="Position of the Book in the list" />
    <Text Key="Publisher.Description" Text="Editoriales del Libro" Comment="Publisher of the Book" />
    <Text Key="Rating.Description" Text="Tu valoración para este libro" Comment="Your rating of the Book" />
    <Text Key="CommunityRating.Description" Text="Valoración de la Comunidad para el libro" Comment="Community Rating of the Book" />
    <Text Key="State.Description" Text="Indicadores de estado de este libro" Comment="State indicators for the Book" />
    <Text Key="Tags.Description" Text="Etiquetas del libro" Comment="Tags of the Book" />
    <Text Key="Title.Description" Text="Título del libro" Comment="Title of the Book" />
    <Text Key="Writer.Description" Text="Guionista del libro" Comment="Writer of the Book" />
    <Text Key="YearAsText.Description" Text="Año de publicación del Libro" Comment="Year the Book was published" />
    <Text Key="MangaAsText.Description" Text="Sí si el libro es un Manga" Comment="Yes if the Book is a Manga" />
    <Text Key="BlackAndWhiteAsText.Description" Text="Sí si el libro es en blanco y negro" Comment="Yes if the Book is black and white" />
    <Text Key="Format.Description" Text="Formato de los Libros" Comment="Format of the Book" />
    <Text Key="AgeRating.Description" Text="Clasificación por edades del Libro" Comment="Age rating of the Book" />
    <Text Key="PublishedAsText.Description" Text="Fecha de publicación del Libro" Comment="Publication date of the Book" />
    <Text Key="Characters.Description" Text="Personajes del libro" Comment="Plot characters of the Book" />
    <Text Key="Teams.Description" Text="Equipos de emplazamiento del libro" Comment="Plot teams of the Book" />
    <Text Key="Locations.Description" Text="Emplazamientos de la trama del libro" Comment="Plot locations of the Book" />
    <Text Key="FileDirectory.Description" Text="Carpeta donde está el Libro" Comment="Directory of the Book" />
    <Text Key="BookmarkCountAsText.Description" Text="Nº de marcadores en este libro" Comment="Count of Bookmarks for this Book" />
    <Text Key="IsLinkedAsText.Description" Text="el Libro está enlazado a un Fichero" Comment="Book is linked to a File" />
    <Text Key="SeriesCompleteAsText" Text="Serie completa" Comment="Series complete" />
    <Text Key="SeriesCompleteAsText.Description" Text="La serie está completa" Comment="Series is complete" />
    <Text Key="EnableProposedAsText" Text="Valores propuestos" Comment="Proposed Values" />
    <Text Key="EnableProposedAsText.Description" Text="Utiliza los valores ppropuestos desde el nombre del archivo" Comment="Uses proposed Values from Filename" />
    <Text Key="GapInformation" Text="Información sobre el hueco" Comment="Gap Information" />
    <Text Key="GapInformation.Description" Text="Saber si este punto es el fin o el principio de un hueco en la serie" Comment="Information if this issue is the end or start of a gap in the series" />
    <Text Key="HasBeenReadAsText" Text="Leído" Comment="Read" />
    <Text Key="HasBeenReadAsText.Description" Text="El libro ha sido leído" Comment="Book has been read" />
    <Text Key="Icons" Text="Iconos" Comment="Icons" />
    <Text Key="AddedTime" Text="Añadido" Comment="Added" />
    <Text Key="AddedTime.Description" Text="Cuando fue añadido el Libro a la Base de Datos" Comment="Time the Book was added to the Database" />
    <Text Key="FileModifiedTime" Text="Archivo Modificado" Comment="File Modified" />
    <Text Key="FileModifiedTime.Description" Text="Cuando fue modificado el Libro por última vez" Comment="Time the Book was modified the last time" />
    <Text Key="OpenedTime" Text="Abierto" Comment="Opened" />
    <Text Key="OpenedTime.Description" Text="Última vez que fue abierto el Libro" Comment="Last time the Book was opened" />
    <Text Key="FileCreationTime" Text="Archivo Creado" Comment="File Created" />
    <Text Key="FileCreationTime.Description" Text="Cuando fue creado el Archivo del Libro" Comment="Creation time of the Book-File" />
    <Text Key="Icons.Description" Text="Iconos de este Libro" Comment="Icons for this Book" />
    <Text Key="ScanInformation" Text="Información de Escaneo" Comment="Scan Information" />
    <Text Key="SeriesStatLastOpenedTime" Text="Serie: Abierta" Comment="Series: Opened" />
    <Text Key="SeriesStatLastOpenedTime.Description" Text="Última vez que un Libro de esta Serie fue abierto" Comment="Last time a book from this Series has been opened" />
    <Text Key="SeriesStatLastAddedTime" Text="Serie: Libro añadido" Comment="Series: Book added" />
    <Text Key="SeriesStatLastAddedTime.Description" Text="Última vez que un Libro de esta Serie fue añadido" Comment="Last time a book was added to the Series" />
    <Text Key="DateFormats" Text="Largo|Cortot|Relativo" Comment="Long|Short|Relative" />
    <Text Key="Checked" Text="Seleccionado" Comment="Checked" />
    <Text Key="Checked.Description" Text="El Libro está seleccionado" Comment="Book is checked" />
    <Text Key="ScanInformation.Description" Text="Información adicional sobre el escaneo" Comment="Additional information about the scan" />
    <Text Key="StoryArc" Text="Arco Argumental" Comment="Story Arc" />
    <Text Key="StoryArc.Description" Text="Arco Argumental al que el Libro pertenece" Comment="Story Arc the Book belongs to" />
    <Text Key="SeriesGroup" Text="Grupo de Serie" Comment="Series Group" />
    <Text Key="SeriesGroup.Description" Text="Grupo de Serie al que el Libro pertenece" Comment="Series Group the Book belongs to" />
    <Text Key="MainCharacterOrTeam" Text="Personaje Principal/Equipo" Comment="Main Character/Team" />
    <Text Key="MainCharacterOrTeam.Description" Text="Personaje o Equipo Principal del Libro" Comment="Main Character or Team of the Book" />
    <Text Key="Review" Text="Reseña" Comment="Review" />
    <Text Key="Review.Description" Text="Una breve Reseña del Libro" Comment="A short Review of the Book" />
    <Text Key="ReleasedTime" Text="Lanzado" Comment="Released" />
    <Text Key="DayAsText" Text="Día" Comment="Day" />
    <Text Key="DayAsText.Description" Text="Día que el libro fué publicado" Comment="Day the Book was published" />
    <Text Key="WeekAsText" Text="Semana" Comment="Week" />
    <Text Key="WeekAsText.Description" Text="Semana que el libro fué publicado" Comment="Week the Book was published" />
    <Text Key="SeriesStatLastReleasedTime" Text="Serie: Libro lanzado" Comment="Series: Book released" />
    <Text Key="SeriesStatLastReleasedTime.Description" Text="Última vez que un libro de esta Serie fué lanzado" Comment="Last time a book of this Series was released" />
  </Texts>
</TR>