<?xml version="1.0"?>
<TR xmlns:xsd="http://www.w3.org/2001/XMLSchema" xmlns:xsi="http://www.w3.org/2001/XMLSchema-instance" Name="DisplaySetupDialog" CultureName="es">
  <Texts>
    <Text Key="btCancel" Text="&amp;Cancelar" Comment="&amp;Cancel" />
    <Text Key="btOK" Text="C&amp;orrecto" Comment="&amp;OK" />
    <Text Key="btApply" Text="A&amp;plicar" Comment="&amp;Apply" />
    <Text Key="chkPageMargin" Text="Dejar márgenes rodeando las págs" Comment="Leave margins around the pages" />
    <Text Key="labelPaging" Text="Pase de página:" Comment="Page Transition:" />
    <Text Key="labelBackgroundColor" Text="Color:" Comment="Color:" />
    <Text Key="labelBackgroundType" Text="Tipo:" Comment="Type:" />
    <Text Key="labelBackgroundTexture" Text="Textura:" Comment="Texture:" />
    <Text Key="cbBackgroundType.Item0" Text="Adaptarse al color de la página actual" Comment="Adjust Color to current Page" />
    <Text Key="cbBackgroundType.Item1" Text="Color" Comment="Color" />
    <Text Key="cbBackgroundType.Item2" Text="Textura" Comment="Texture" />
    <Text Key="cbPageTransition.Item0" Text="Transición de páginas sin efectos" Comment="No Page Transition Effect" />
    <Text Key="cbPageTransition.Item1" Text="La página aparece lentamente" Comment="Page fades in" />
    <Text Key="cbPageTransition.Item2" Text="La página se desplaza horizontalmente" Comment="Page scrolls in horizontally" />
    <Text Key="cbPageTransition.Item3" Text="La página se desplaza verticalmente" Comment="Page scrolls in vertically" />
    <Text Key="cbPageTransition.Item4" Text="Efecto vuelta de página" Comment="Page Turn Effect" />
    <Text Key="grpGeneral" Text="General" Comment="General" />
    <Text Key="grpEffects" Text="Efectos" Comment="Effects" />
    <Text Key="grpBackground" Text="Trasfondo" Comment="Background" />
    <Text Key="labelPaper" Text="Papel:" Comment="Paper:" />
    <Text Key="labelPaperStrength" Text="Fuerza:" Comment="Strength:" />
    <Text Key="cbPaperLayout.Item0" Text="Ninguno" Comment="None" />
    <Text Key="cbPaperLayout.Item1" Text="En mosaico" Comment="Tile" />
    <Text Key="cbPaperLayout.Item2" Text="Centrar" Comment="Center" />
    <Text Key="cbPaperLayout.Item3" Text="Estirar" Comment="Stretch" />
    <Text Key="cbPaperLayout.Item4" Text="Zoom" Comment="Zoom" />
    <Text Key="cbTextureLayout.Item0" Text="Ninguno" Comment="None" />
    <Text Key="cbTextureLayout.Item1" Text="En mosaico" Comment="Tile" />
    <Text Key="cbTextureLayout.Item2" Text="Centrar" Comment="Center" />
    <Text Key="cbTextureLayout.Item3" Text="Estirar" Comment="Stretch" />
    <Text Key="cbTextureLayout.Item4" Text="Zoom" Comment="Zoom" />
    <Text Key="ComicDisplaySettingsDialog" Text="Preferencias del visor de libros" Comment="Book Display Settings" />
    <Text Key="chkRealisticPages" Text="Visualización realista de la página" Comment="Realistic Page Display" />
  </Texts>
</TR>