<?xml version="1.0"?>
<TR xmlns:xsd="http://www.w3.org/2001/XMLSchema" xmlns:xsi="http://www.w3.org/2001/XMLSchema-instance" Name="CommandKeys" CultureName="es">
  <Texts>
    <Text Key="A" Text="A" Comment="A" />
    <Text Key="Add" Text="Añadir" Comment="Add" />
    <Text Key="Alt" Text="Alt" Comment="Alt" />
    <Text Key="B" Text="B" Comment="B" />
    <Text Key="C" Text="C" Comment="C" />
    <Text Key="Ctrl" Text="Ctrl" Comment="Ctrl" />
    <Text Key="D" Text="D" Comment="D" />
    <Text Key="D0" Text="D0" Comment="D0" />
    <Text Key="D1" Text="D1" Comment="D1" />
    <Text Key="D2" Text="D2" Comment="D2" />
    <Text Key="D3" Text="D3" Comment="D3" />
    <Text Key="D4" Text="D4" Comment="D4" />
    <Text Key="D5" Text="D5" Comment="D5" />
    <Text Key="D6" Text="D6" Comment="D6" />
    <Text Key="D7" Text="D7" Comment="D7" />
    <Text Key="D8" Text="D8" Comment="D8" />
    <Text Key="D9" Text="D9" Comment="D9" />
    <Text Key="Decimal" Text="Decimal" Comment="Decimal" />
    <Text Key="Divide" Text="Dividir" Comment="Divide" />
    <Text Key="Down" Text="Abajo" Comment="Down" />
    <Text Key="E" Text="E" Comment="E" />
    <Text Key="End" Text="Fin" Comment="End" />
    <Text Key="Enter" Text="Entrar" Comment="Enter" />
    <Text Key="Escape" Text="Escape" Comment="Escape" />
    <Text Key="F" Text="F" Comment="F" />
    <Text Key="G" Text="G" Comment="G" />
    <Text Key="H" Text="H" Comment="H" />
    <Text Key="Home" Text="Inicio" Comment="Home" />
    <Text Key="I" Text="I" Comment="I" />
    <Text Key="J" Text="J" Comment="J" />
    <Text Key="K" Text="K" Comment="K" />
    <Text Key="L" Text="L" Comment="L" />
    <Text Key="Left" Text="Izda" Comment="Left" />
    <Text Key="M" Text="M" Comment="M" />
    <Text Key="MediaNextTrack" Text="Siguiente Pista" Comment="MediaNextTrack" />
    <Text Key="MediaPlayPause" Text="Pausar reproducc." Comment="MediaPlayPause" />
    <Text Key="MediaPreviousTrack" Text="Pista anterior" Comment="MediaPreviousTrack" />
    <Text Key="MediaStop" Text="Detener reprod." Comment="MediaStop" />
    <Text Key="MouseButton4" Text="Ratón Botón4" Comment="MouseButton4" />
    <Text Key="MouseButton5" Text="Ratón Botón5" Comment="MouseButton5" />
    <Text Key="MouseDoubleButton4" Text="Ratón Doble Botón4" Comment="MouseDoubleButton4" />
    <Text Key="MouseDoubleButton5" Text="Ratón Doble Botón5" Comment="MouseDoubleButton5" />
    <Text Key="MouseDoubleLeft" Text="Ratón Doble Izdo" Comment="MouseDoubleLeft" />
    <Text Key="MouseDoubleMiddle" Text="Ratón Doble Medio" Comment="MouseDoubleMiddle" />
    <Text Key="MouseDoubleRight" Text="Ratón Doble Dcho" Comment="MouseDoubleRight" />
    <Text Key="MouseLeft" Text="Ratón Izdo" Comment="MouseLeft" />
    <Text Key="MouseMiddle" Text="Ratón Central" Comment="MouseMiddle" />
    <Text Key="MouseRight" Text="Ratón Dcho" Comment="MouseRight" />
    <Text Key="MouseTiltLeft" Text="Ratón Rueda Izq" Comment="MouseTiltLeft" />
    <Text Key="MouseTiltRight" Text="Ratón Rueda Dcha" Comment="MouseTiltRight" />
    <Text Key="MouseWheelDown" Text="Rueda de ratón abajo" Comment="MouseWheelDown" />
    <Text Key="MouseWheelUp" Text="Rueda de ratón arriba" Comment="MouseWheelUp" />
    <Text Key="Multiply" Text="Multiplicar" Comment="Multiply" />
    <Text Key="N" Text="N" Comment="N" />
    <Text Key="None" Text="Ninguno" Comment="None" />
    <Text Key="NumPad0" Text="NumPad0" Comment="NumPad0" />
    <Text Key="NumPad1" Text="NumPad1" Comment="NumPad1" />
    <Text Key="NumPad2" Text="NumPad2" Comment="NumPad2" />
    <Text Key="NumPad3" Text="NumPad3" Comment="NumPad3" />
    <Text Key="NumPad4" Text="NumPad4" Comment="NumPad4" />
    <Text Key="NumPad5" Text="NumPad5" Comment="NumPad5" />
    <Text Key="NumPad6" Text="NumPad6" Comment="NumPad6" />
    <Text Key="NumPad7" Text="NumPad7" Comment="NumPad7" />
    <Text Key="NumPad8" Text="NumPad8" Comment="NumPad8" />
    <Text Key="NumPad9" Text="NumPad9" Comment="NumPad9" />
    <Text Key="O" Text="O" Comment="O" />
    <Text Key="P" Text="P" Comment="P" />
    <Text Key="PageDown" Text="AvPág" Comment="PageDown" />
    <Text Key="PageUp" Text="RePág" Comment="PageUp" />
    <Text Key="Q" Text="Q" Comment="Q" />
    <Text Key="R" Text="R" Comment="R" />
    <Text Key="Right" Text="Derecha" Comment="Right" />
    <Text Key="S" Text="S" Comment="S" />
    <Text Key="Shift" Text="Mayús" Comment="Shift" />
    <Text Key="Space" Text="Espacio" Comment="Space" />
    <Text Key="Subtract" Text="Restar" Comment="Subtract" />
    <Text Key="T" Text="T" Comment="T" />
    <Text Key="Tab" Text="Pestaña" Comment="Tab" />
    <Text Key="U" Text="U" Comment="U" />
    <Text Key="Up" Text="Arriba" Comment="Up" />
    <Text Key="V" Text="V" Comment="V" />
    <Text Key="W" Text="W" Comment="W" />
    <Text Key="X" Text="X" Comment="X" />
    <Text Key="Y" Text="Y" Comment="Y" />
    <Text Key="Z" Text="Z" Comment="Z" />
    <Text Key="Zoom" Text="Ampliación" Comment="Zoom" />
    <Text Key="Gesture1" Text="Gesto 1" Comment="Gesture 1" />
    <Text Key="Gesture2" Text="Gesto 2" Comment="Gesture 2" />
    <Text Key="Gesture3" Text="Gesto 3" Comment="Gesture 3" />
    <Text Key="Gesture4" Text="Gesto 4" Comment="Gesture 4" />
    <Text Key="Gesture5" Text="Gesto 5" Comment="Gesture 5" />
    <Text Key="Gesture6" Text="Gesto 6" Comment="Gesture 6" />
    <Text Key="Gesture7" Text="Gesto 7" Comment="Gesture 7" />
    <Text Key="Gesture8" Text="Gesto 8" Comment="Gesture 8" />
    <Text Key="Gesture9" Text="Gesto 9" Comment="Gesture 9" />
    <Text Key="TouchPressAndTap" Text="Presionar y pulsar" Comment="Press and Tap" />
    <Text Key="TouchTwoFingerTap" Text="Pulsar con dos dedos" Comment="Two Finger Tap" />
    <Text Key="GestureDouble1" Text="Gesto Doble 1" Comment="Gesture Double 1" />
    <Text Key="GestureDouble2" Text="Gesto Doble 2" Comment="Gesture Double 2" />
    <Text Key="GestureDouble3" Text="Gesto Doble 3" Comment="Gesture Double 3" />
    <Text Key="GestureDouble4" Text="Gesto Doble 4" Comment="Gesture Double 4" />
    <Text Key="GestureDouble5" Text="Gesto Doble 5" Comment="Gesture Double 5" />
    <Text Key="GestureDouble6" Text="Gesto Doble 6" Comment="Gesture Double 6" />
    <Text Key="GestureDouble7" Text="Gesto Doble 7" Comment="Gesture Double 7" />
    <Text Key="GestureDouble8" Text="Gesto Doble 8" Comment="Gesture Double 8" />
    <Text Key="GestureDouble9" Text="Gesto Doble 9" Comment="Gesture Double 9" />
    <Text Key="TouchTap" Text="Toque" Comment="Tap" />
    <Text Key="TouchDoubleTap" Text="Doble Toque" Comment="Double Tap" />
  </Texts>
</TR>