<?xml version="1.0"?>
<TR xmlns:xsd="http://www.w3.org/2001/XMLSchema" xmlns:xsi="http://www.w3.org/2001/XMLSchema-instance" Name="ListLayoutDialog" CultureName="es">
  <Texts>
    <Text Key="btCancel" Text="&amp;Cancelar" Comment="&amp;Cancel" />
    <Text Key="btHideAll" Text="&amp;Ocultar Todos" Comment="&amp;Hide All" />
    <Text Key="btMoveDown" Text="&amp;Bajar" Comment="Move &amp;Down" />
    <Text Key="btMoveUp" Text="&amp;Subir" Comment="Move &amp;Up" />
    <Text Key="btOK" Text="&amp;Aceptar" Comment="&amp;OK" />
    <Text Key="btShowAll" Text="&amp;Mostrar Todos" Comment="&amp;Show All" />
    <Text Key="chkHideCaption" Text="No mostrar ningún texto" Comment="Do not show any Text" />
    <Text Key="labelSelectColumn" Text="Por favor seleccione las columnas que desea mostrar:" Comment="Please select the columns you want to show:" />
    <Text Key="labelHint" Text="Consejo: también puedes cambiar las columnas  a mostrar mediante clic derecho en el encabezado de columna." Comment="Hint: You can also change the displayed columns by right clicking on a column header." />
    <Text Key="labelFirstLine" Text="1ª Línea:" Comment="First Line:" />
    <Text Key="labelSecondLine" Text="2ª Línea:" Comment="Second Line:" />
    <Text Key="labelThirdLine" Text="3ª Línea:" Comment="Third Line:" />
    <Text Key="labelSelectThumbnailText" Text="Selecciona el texto que quieres que aparezca bajo las miniaturas:" Comment="Please select the text you want to display below the thumbnails:" />
    <Text Key="ListLayoutDialog" Text="Opciones de la Lista" Comment="List Options" />
    <Text Key="tabDetails" Text="Detalles" Comment="Details" />
    <Text Key="tabThumbnails" Text="Miniaturas" Comment="Thumbnails" />
    <Text Key="colName" Text="Nombre" Comment="Name" />
    <Text Key="colDescription" Text="Descripción" Comment="Description" />
    <Text Key="btApply" Text="&amp;Aplicar" Comment="&amp;Apply" />
    <Text Key="tabTiles" Text="Mosaicos" Comment="Tiles" />
    <Text Key="btTilesDefault" Text="Por defecto" Comment="Default" />
  </Texts>
</TR>