<?xml version="1.0"?>
<TR xmlns:xsd="http://www.w3.org/2001/XMLSchema" xmlns:xsi="http://www.w3.org/2001/XMLSchema-instance" Name="MatcherEditor" CultureName="es">
  <Texts>
    <Text Key="miNewRule" Text="Regla nueva" Comment="New Rule" />
    <Text Key="miNewGroup" Text="Grupo nuevo" Comment="New Group" />
    <Text Key="miDelete" Text="Eliminar" Comment="Delete" />
    <Text Key="miCut" Text="Cortar" Comment="Cut" />
    <Text Key="miCopy" Text="Copiar" Comment="Copy" />
    <Text Key="miPaste" Text="Pegar" Comment="Paste" />
    <Text Key="miMoveUp" Text="Subir" Comment="Move Up" />
    <Text Key="miMoveDown" Text="Bajar" Comment="Move Down" />
  </Texts>
</TR>