<?xml version="1.0"?>
<TR xmlns:xsd="http://www.w3.org/2001/XMLSchema" xmlns:xsi="http://www.w3.org/2001/XMLSchema-instance" Name="PasswordDialog" CultureName="es">
  <Texts>
    <Text Key="btCancel" Text="&amp;Cancelar" Comment="&amp;Cancel" />
    <Text Key="btOK" Text="&amp;Aceptar" Comment="&amp;OK" />
    <Text Key="chkRemember" Text="Recordar para este servidor" Comment="Remember for this server" />
    <Text Key="labelPassword" Text="Contraseña" Comment="Password:" />
    <Text Key="lblDescription" Text="Se necesita una contraseña para la biblioteca remota:" Comment="A password is needed for the remote library:" />
    <Text Key="PasswordDialog" Text="Contraseña" Comment="Password" />
  </Texts>
</TR>