<?xml version="1.0"?>
<TR xmlns:xsd="http://www.w3.org/2001/XMLSchema" xmlns:xsi="http://www.w3.org/2001/XMLSchema-instance" Name="SearchBrowser" CultureName="es">
  <Texts>
    <Text Key="AlternateSeries" Text="Serie Alternativa" Comment="Alternate Series" />
    <Text Key="Colorist" Text="Coloristas" Comment="Colorists" />
    <Text Key="Genre" Text="Géneros" Comment="Genres" />
    <Text Key="Imprint" Text="Impresores" Comment="Imprints" />
    <Text Key="Inker" Text="Entintadores" Comment="Inkers" />
    <Text Key="LanguageAsText" Text="Idiomas" Comment="Languages" />
    <Text Key="MonthAsText" Text="Meses" Comment="Months" />
    <Text Key="Penciller" Text="Dibujantes" Comment="Pencillers" />
    <Text Key="Publisher" Text="Editoriales" Comment="Publishers" />
    <Text Key="ShadowSeries" Text="Serie" Comment="Series" />
    <Text Key="ShadowYearAsText" Text="Año" Comment="Years" />
    <Text Key="Writer" Text="Guionistas" Comment="Writers" />
    <Text Key="Unspecified" Text="Sin especificar" Comment="Unspecified" />
    <Text Key="AllItems" Text="Todos ({0} {1})" Comment="All ({0} {1})" />
    <Text Key="ShadowTitle" Text="Títulos" Comment="Titles" />
    <Text Key="ShadowFormat" Text="Formatos" Comment="Formats" />
    <Text Key="Editor" Text="Editores" Comment="Editors" />
    <Text Key="Characters" Text="Personajes" Comment="Characters" />
    <Text Key="CoverArtist" Text="Artistas de la portada" Comment="Cover Artists" />
    <Text Key="AgeRating" Text="Clasif. por edades" Comment="Age Ratings" />
    <Text Key="Tags" Text="Etiquetas" Comment="Tags" />
    <Text Key="ShadowVolumeAsText" Text="Volúmenes" Comment="Volumes" />
    <Text Key="Teams" Text="Equipos" Comment="Teams" />
    <Text Key="Locations" Text="Emplazamientos" Comment="Locations" />
    <Text Key="Web" Text="Web" Comment="Web" />
    <Text Key="Letterer" Text="Rotulación" Comment="Letterer" />
    <Text Key="RatingAsText" Text="Mis valoraciones" Comment="My Ratings" />
    <Text Key="CommunityRatingAsText" Text="Valoraciones de la Comunidad" Comment="Community Ratings" />
    <Text Key="BookPriceAsText" Text="Precios de libros" Comment="Book Prices" />
    <Text Key="BookAge" Text="Antigüedades de los Libros" Comment="Book Ages" />
    <Text Key="BookStore" Text="Librerías comerciales" Comment="Book Stores" />
    <Text Key="BookOwner" Text="Propietarios de libros" Comment="Book Owners" />
    <Text Key="BookCondition" Text="Condiciones de libros" Comment="Book Conditions" />
    <Text Key="BookCollectionStatus" Text="Estado de la colección de libros" Comment="Book Collection Status" />
    <Text Key="BookLocation" Text="Ubicaciones de libros" Comment="Book Locations" />
    <Text Key="MainCharacterOrTeam" Text="Personajes Principales/Equipos" Comment="Main Characters/Teams" />
    <Text Key="SeriesGroup" Text="Grupo de Serie" Comment="Series Groups" />
    <Text Key="StoryArc" Text="Arcos Argumentales" Comment="Story Arcs" />
  </Texts>
</TR>