﻿<?xml version="1.0"?>
<TR xmlns:xsi="http://www.w3.org/2001/XMLSchema-instance" xmlns:xsd="http://www.w3.org/2001/XMLSchema" Name="DisplaySetupDialog" CultureName="de">
  <Texts>
    <Text Key="ComicDisplaySettingsDialog" Text="Buch Anzeige Einstellungen" Comment="Book Display Settings" />
    <Text Key="btCancel" Text="&amp;Abbruch" Comment="&amp;Cancel" />
    <Text Key="btOK" Text="&amp;OK" Comment="&amp;OK" />
    <Text Key="btApply" Text="&amp;Anwenden" Comment="&amp;Apply" />
    <Text Key="chkRealisticPages" Text="Realistische Seiten Anzeige" Comment="Realistic Page Display"/>
    <Text Key="chkPageMargin" Text="Freier Rand um die Seiten" Comment="Leave margins around the pages"/>
    <Text Key="labelPaging" Text="Seitenwechsel:" Comment="Page Transition:"/>
    <Text Key="labelPaper" Text="Papier:" Comment="Paper:"/>
    <Text Key="labelBackgroundColor" Text="Farbe:" Comment="Color:" />
    <Text Key="labelBackgroundType" Text="Typ:" Comment="Type:"/>
    <Text Key="labelBackgroundTexture" Text="Textur:" Comment="Texture:"/>
    <Text Key="cbBackgroundType.Item0" Text="Farbe an aktuelle Seite anpassen" Comment="Adjust Color to current Page"/>
    <Text Key="cbBackgroundType.Item1" Text="Farbe" Comment="Color"/>
    <Text Key="cbBackgroundType.Item2" Text="Textur" Comment="Texture"/>
    <Text Key="cbPageTransition.Item0" Text="Ausgeschaltet" Comment="No Page Transition Effect"/>
    <Text Key="cbPageTransition.Item1" Text="Neue Seite wird eingeblendet" Comment="Page fades in"/>
    <Text Key="cbPageTransition.Item2" Text="Neue Seite scrollt seitlich herein" Comment="Page scrolls in horizontally"/>
    <Text Key="cbPageTransition.Item3" Text="Neue Seite scrollt vertikal herein" Comment="Page scrolls in vertically"/>
    <Text Key="cbPageTransition.Item4" Text="Blättern" Comment="Page Turn Effect"/>
    <Text Key="grpGeneral" Text="Allgemein" Comment="General"/>
    <Text Key="grpEffects" Text="Effekte" Comment="Effects"/>
    <Text Key="grpBackground" Text="Hintergrund" Comment="Background"/>
    <Text Key="labelPaperStrength" Text="Stärke:" Comment="Strength:"/>
    <Text Key="cbPaperLayout.Item0" Text="Nichts" Comment="None"/>
    <Text Key="cbPaperLayout.Item1" Text="Kacheln" Comment="Tile"/>
    <Text Key="cbPaperLayout.Item2" Text="Zentrieren" Comment="Center"/>
    <Text Key="cbPaperLayout.Item3" Text="Strecken" Comment="Stretch"/>
    <Text Key="cbPaperLayout.Item4" Text="Zoom" Comment="Zoom"/>
    <Text Key="cbTextureLayout.Item0" Text="Nichts" Comment="None"/>
    <Text Key="cbTextureLayout.Item1" Text="Kacheln" Comment="Tile"/>
    <Text Key="cbTextureLayout.Item2" Text="Zentrieren" Comment="Center"/>
    <Text Key="cbTextureLayout.Item3" Text="Strecken" Comment="Stretch"/>
    <Text Key="cbTextureLayout.Item4" Text="Zoom" Comment="Zoom"/>
  </Texts>
</TR>