<?xml version="1.0"?>
<TR xmlns:xsi="http://www.w3.org/2001/XMLSchema-instance" xmlns:xsd="http://www.w3.org/2001/XMLSchema" Name="CommandKeys" CultureName="de">
  <Texts>
    <Text Key="A" Text="A" Comment="A" />
    <Text Key="Add" Text="+" Comment="Add" />
    <Text Key="Alt" Text="Alt" Comment="Alt" />
    <Text Key="B" Text="B" Comment="B" />
    <Text Key="C" Text="C" Comment="C" />
    <Text Key="Ctrl" Text="Strg" Comment="Ctrl" />
    <Text Key="D" Text="D" Comment="D" />
    <Text Key="D0" Text="0" Comment="D0" />
    <Text Key="D1" Text="1" Comment="D1" />
    <Text Key="D2" Text="2" Comment="D2" />
    <Text Key="D3" Text="3" Comment="D3" />
    <Text Key="D4" Text="4" Comment="D4" />
    <Text Key="D5" Text="5" Comment="D5" />
    <Text Key="D6" Text="6" Comment="D6" />
    <Text Key="D7" Text="7" Comment="D7" />
    <Text Key="D8" Text="8" Comment="D8" />
    <Text Key="D9" Text="9" Comment="D9" />
    <Text Key="Decimal" Text="," Comment="Decimal" />
    <Text Key="Divide" Text="/" Comment="Divide" />
    <Text Key="Down" Text="Runter" Comment="Down" />
    <Text Key="E" Text="E" Comment="E" />
    <Text Key="End" Text="End" Comment="End" />
    <Text Key="Enter" Text="Eingabe" Comment="Enter" />
    <Text Key="Escape" Text="Escape" Comment="Escape" />
    <Text Key="F" Text="F" Comment="F" />
    <Text Key="G" Text="G" Comment="G" />
    <Text Key="H" Text="H" Comment="H" />
    <Text Key="Home" Text="Pos1" Comment="Home" />
    <Text Key="I" Text="I" Comment="I" />
    <Text Key="J" Text="J" Comment="J" />
    <Text Key="K" Text="K" Comment="K" />
    <Text Key="L" Text="L" Comment="L" />
    <Text Key="Left" Text="Links" Comment="Left" />
    <Text Key="M" Text="M" Comment="M" />
    <Text Key="MediaNextTrack" Text="NextTrack" Comment="MediaNextTrack" />
    <Text Key="MediaPlayPause" Text="PlayPause" Comment="MediaPlayPause" />
    <Text Key="MediaPreviousTrack" Text="PreviousTrack" Comment="MediaPreviousTrack" />
    <Text Key="MediaStop" Text="Stop" Comment="MediaStop" />
    <Text Key="MouseButton4" Text="Maus 4" Comment="MouseButton4" />
    <Text Key="MouseButton5" Text="Maus 5" Comment="MouseButton5" />
    <Text Key="MouseDoubleButton4" Text="Dpl Maus 4" Comment="MouseDoubleButton4" />
    <Text Key="MouseDoubleButton5" Text="Dpl Maus 5" Comment="MouseDoubleButton5" />
    <Text Key="MouseDoubleLeft" Text="Dpl Maus Links" Comment="MouseDoubleLeft" />
    <Text Key="MouseDoubleMiddle" Text="Dpl Maus Mitte" Comment="MouseDoubleMiddle" />
    <Text Key="MouseDoubleRight" Text="Dpl Maus Rechts" Comment="MouseDoubleRight" />
    <Text Key="MouseLeft" Text="Maus Links" Comment="MouseLeft" />
    <Text Key="MouseMiddle" Text="Maus Mitte" Comment="MouseMiddle" />
    <Text Key="MouseRight" Text="Maus Rechts" Comment="MouseRight" />
    <Text Key="MouseTiltLeft" Text="Maus Links Kippen" Comment="MouseTiltLeft" />
    <Text Key="MouseTiltRight" Text="Maus Rechts Kippen" Comment="MouseTiltRight" />
    <Text Key="MouseWheelDown" Text="Mausrad runter" Comment="MouseWheelDown" />
    <Text Key="MouseWheelUp" Text="Mausrad rauf" Comment="MouseWheelUp" />
    <Text Key="Multiply" Text="*" Comment="Multiply" />
    <Text Key="N" Text="N" Comment="N" />
    <Text Key="None" Text="Keine" Comment="None" />
    <Text Key="NumPad0" Text="Num 0" Comment="NumPad0" />
    <Text Key="NumPad1" Text="Num 1" Comment="NumPad1" />
    <Text Key="NumPad2" Text="Num 2" Comment="NumPad2" />
    <Text Key="NumPad3" Text="Num 3" Comment="NumPad3" />
    <Text Key="NumPad4" Text="Num 4" Comment="NumPad4" />
    <Text Key="NumPad5" Text="Num 5" Comment="NumPad5" />
    <Text Key="NumPad6" Text="Num 6" Comment="NumPad6" />
    <Text Key="NumPad7" Text="Num 7" Comment="NumPad7" />
    <Text Key="NumPad8" Text="Num 8" Comment="NumPad8" />
    <Text Key="NumPad9" Text="Num 9" Comment="NumPad9" />
    <Text Key="O" Text="O" Comment="O" />
    <Text Key="P" Text="P" Comment="P" />
    <Text Key="PageDown" Text="Bild Runter" Comment="PageDown" />
    <Text Key="PageUp" Text="Bild Rauf" Comment="PageUp" />
    <Text Key="Q" Text="Q" Comment="Q" />
    <Text Key="R" Text="R" Comment="R" />
    <Text Key="Right" Text="Rechts" Comment="Right" />
    <Text Key="S" Text="S" Comment="S" />
    <Text Key="Shift" Text="Umsch" Comment="Shift" />
    <Text Key="Space" Text="Leertaste" Comment="Space" />
    <Text Key="Subtract" Text="-" Comment="Subtract" />
    <Text Key="T" Text="T" Comment="T" />
    <Text Key="Tab" Text="Tab" Comment="Tab" />
    <Text Key="U" Text="U" Comment="U" />
    <Text Key="Up" Text="Rauf" Comment="Up" />
    <Text Key="V" Text="V" Comment="V" />
    <Text Key="W" Text="W" Comment="W" />
    <Text Key="X" Text="X" Comment="X" />
    <Text Key="Y" Text="Y" Comment="Y" />
    <Text Key="Z" Text="Z" Comment="Z" />
    <Text Key="Zoom" Text="Zoom" Comment="Zoom" />
    <Text Key="Gesture1" Text="Geste 1" Comment="Gesture 1"/>
    <Text Key="Gesture2" Text="Geste 2" Comment="Gesture 2"/>
    <Text Key="Gesture3" Text="Geste 3" Comment="Gesture 3"/>
    <Text Key="Gesture4" Text="Geste 4" Comment="Gesture 4"/>
    <Text Key="Gesture5" Text="Geste 5" Comment="Gesture 5"/>
    <Text Key="Gesture6" Text="Geste 6" Comment="Gesture 6"/>
    <Text Key="Gesture7" Text="Geste 7" Comment="Gesture 7"/>
    <Text Key="Gesture8" Text="Geste 8" Comment="Gesture 8"/>
    <Text Key="Gesture9" Text="Geste 9" Comment="Gesture 9"/>
    <Text Key="GestureDouble1" Text="Dpl Geste 1" Comment="Gesture Double 1"/>
    <Text Key="GestureDouble2" Text="Dpl Geste 2" Comment="Gesture Double 2"/>
    <Text Key="GestureDouble3" Text="Dpl Geste 3" Comment="Gesture Double 3"/>
    <Text Key="GestureDouble4" Text="Dpl Geste 4" Comment="Gesture Double 4"/>
    <Text Key="GestureDouble5" Text="Dpl Geste 5" Comment="Gesture Double 5"/>
    <Text Key="GestureDouble6" Text="Dpl Geste 6" Comment="Gesture Double 6"/>
    <Text Key="GestureDouble7" Text="Dpl Geste 7" Comment="Gesture Double 7"/>
    <Text Key="GestureDouble8" Text="Dpl Geste 8" Comment="Gesture Double 8"/>
    <Text Key="GestureDouble9" Text="Dpl Geste 9" Comment="Gesture Double 9"/>
    <Text Key="TouchPressAndTap" Text="Press and Tap" Comment="Press and Tap"/>
    <Text Key="TouchTwoFingerTap" Text="Zwei Finger Tap" Comment="Two Finger Tap"/>
    <Text Key="TouchTap" Text="Tap" Comment="Tap"/>
    <Text Key="TouchDoubleTap" Text="Dpl Tap" Comment="Double Tap"/>
    <Text Key="FlickLeft" Text="Flick Links" Comment="Flick Left"/>
    <Text Key="FlickRight" Text="Flick Rechts" Comment="Flick Right"/>
  </Texts>
</TR>