﻿<?xml version="1.0"?>
<TR xmlns:xsi="http://www.w3.org/2001/XMLSchema-instance" xmlns:xsd="http://www.w3.org/2001/XMLSchema" Name="CrashDialog" CultureName="de">
  <Texts>
    <Text Key="labelMessage" Text="Bitte helfen sie mit ComicRack zu verbessern indem sie den folgenden Report abschicken. Der Report enhtält keinerlei Daten aufgrund derer sie identifiziert werden können." Comment="Please help to make ComicRack a better application by submitting the follwing report. This report does not contain any data that could identify you." />
    <Text Key="chkSubmit" Text="Schicken" Comment="Submit"/>
    <Text Key="btDetails" Text="Details" Comment="Details"/>
    <Text Key="btResume" Text="Fortsetzen" Comment="Try Resume"/>
    <Text Key="btRestart" Text="Neu Starten" Comment="Restart"/>
    <Text Key="btExit" Text="Beenden" Comment="Exit"/>
    <Text Key="CrashDialog" Text="Es ist ein Problem aufgetreten..." Comment="ComicRack encountered a Problem..."/>
  </Texts>
</TR>
