<?xml version="1.0"?>
<TR xmlns:xsi="http://www.w3.org/2001/XMLSchema-instance" xmlns:xsd="http://www.w3.org/2001/XMLSchema" Name="NewsDialog" CultureName="de">
  <Texts>
    <Text Key="btClose" Text="&amp;Schließen" Comment="&amp;Close" />
    <Text Key="btMarkRead" Text="Alles gelesen" Comment="Mark all as Read" />
    <Text Key="btRefresh" Text="Aktualisieren" Comment="Refresh" />
    <Text Key="chkNewsStartup" Text="Beim starten nach neuen Nachrichten abfragen" Comment="Check for News on Startup" />
    <Text Key="colTitle" Text="Titel" Comment="Title" />
    <Text Key="NewsDialog" Text="Letzte ComicRack Neuigkeiten" Comment="Latest ComicRack News" />
  </Texts>
</TR>