<?xml version="1.0"?>
<TR xmlns:xsi="http://www.w3.org/2001/XMLSchema-instance" xmlns:xsd="http://www.w3.org/2001/XMLSchema" Name="PasswordDialog" CultureName="de">
  <Texts>
    <Text Key="btCancel" Text="&amp;Abbruch" Comment="&amp;Cancel" />
    <Text Key="btOK" Text="&amp;OK" Comment="&amp;OK" />
    <Text Key="chkRemember" Text="Für diesen Server merken" Comment="Remember for this server" />
    <Text Key="labelPassword" Text="Passwort:" Comment="Password:" />
    <Text Key="lblDescription" Text="Ein Passwort wird für die freigegebene Bibliothek benötigt:" Comment="A password is needed for the remote library:" />
    <Text Key="PasswordDialog" Text="Passwort" Comment="Password" />
  </Texts>
</TR>