<?xml version="1.0"?>
<TR xmlns:xsd="http://www.w3.org/2001/XMLSchema" xmlns:xsi="http://www.w3.org/2001/XMLSchema-instance" Name="Groups" CultureName="tr">
  <Texts>
    <Text Key="AlphabetGroups" Text="0-9|A|B|C|D|E|F|G|H|I|J|K|L|M|N|O|P|Q|R|S|T|U|V|W|X|Y|Z|Diğer" Comment="0-9|A|B|C|D|E|F|G|H|I|J|K|L|M|N|O|P|Q|R|S|T|U|V|W|X|Y|Z|Other" />
    <Text Key="CountGroups" Text="0-20|21-50|51-100|101-200|201-500|501-1000|&gt;1000|Belirtilmemiş" Comment="0-20|21-50|51-100|101-200|201-500|501-1000|&gt;1000|Unspecified" />
    <Text Key="DateGroups" Text="Asla|Bugün|Dün|İki gün önce|Üç gün önce|Bu hafta|Geçen hafta|İki hafta önce|Üç hafta önce|Bu ay|Geçen ay|İki ay önce|Üç ay önce|Dört ay önce|Beş ay önce|Altı ay önce|Bu sene|Geçen sene|İki sene önce|Üç sene önce|Üç seneden fazla" Comment="Never|Today|Yesterday|Two Days Ago|Three Days Ago|This Week|Last Week|Two Weeks Ago|Three Weeks Ago|This Month|Last Month|Two Months ago|Three Months ago|Four Months ago|Five Months ago|Six Months ago|This Year|Last Year|Two Years ago|Three Years ago|Older than Three Years" />
    <Text Key="RatingGroups" Text="Puanlanmadı|Yıldızsız|1 Yıldız|2 Yıldız|3 Yıldız|4 Yıldız|5 Yıldız" Comment="Not Rated|No Stars|1 Star|2 Stars|3 Stars|4 Stars|5 Stars" />
    <Text Key="ReadPercentageGroups" Text="Okunmadı|0%|10%|20%|30%|40%|50%|60%|70%|80%|90%|Tamamlandı" Comment="Not Read|0%|10%|20%|30%|40%|50%|60%|70%|80%|90%|Completed" />
    <Text Key="SizeGroups" Text="Boş|Çok Küçük|Küçük|Orta|Büyük|Çok Büyük" Comment="Empty|Very Small|Small|Medium|Big|Huge" />
    <Text Key="VolumeGroups" Text="Yok|V{0}|Other" Comment="None|V{0}|Other" />
    <Text Key="MangaGroups" Text="Manga|Manga değil|Bilinmiyor" Comment="Manga|No Manga|Unknown" />
    <Text Key="BWGroups" Text="Siyah/Beyaz|Renk|Bilinmiyor" Comment="Black and White|Color|Unknown" />
  </Texts>
</TR>