<?xml version="1.0"?>
<TR xmlns:xsd="http://www.w3.org/2001/XMLSchema" xmlns:xsi="http://www.w3.org/2001/XMLSchema-instance" Name="ListLayoutDialog" CultureName="tr">
  <Texts>
    <Text Key="btCancel" Text="&amp;İptal" Comment="&amp;Cancel" />
    <Text Key="btHideAll" Text="&amp;Tümünü Gizle" Comment="&amp;Hide All" />
    <Text Key="btMoveDown" Text="Hareket &amp;Aşağı" Comment="Move &amp;Down" />
    <Text Key="btMoveUp" Text="Hareket &amp;Yukarı" Comment="Move &amp;Up" />
    <Text Key="btOK" Text="&amp;Tamam" Comment="&amp;OK" />
    <Text Key="btShowAll" Text="&amp;Tümünü Göster" Comment="&amp;Show All" />
    <Text Key="chkHideCaption" Text="Hiçbir Yazı gösterme" Comment="Do not show any Text" />
    <Text Key="labelSelectColumn" Text="Lütfen göstermek istediğiniz kolonları seçiniz:" Comment="Please select the columns you want to show:" />
    <Text Key="labelHint" Text="İpucu: Gösterilen kolonları başlıklarına sağ tıklayarak değiştirebilirsiniz" Comment="Hint: You can also change the displayed columns by right clicking on a column header." />
    <Text Key="labelFirstLine" Text="İlk satır" Comment="First Line:" />
    <Text Key="labelSecondLine" Text="İkinci Satır:" Comment="Second Line:" />
    <Text Key="labelThirdLine" Text="Üçüncü satır:" Comment="Third Line:" />
    <Text Key="labelSelectThumbnailText" Text="Lütfen Küçük resimlerin altında görünmesini istediğiniz kısa mesajları yazınız:" Comment="Please select the text you want to display below the thumbnails:" />
    <Text Key="ListLayoutDialog" Text="Liste Seçenekleri" Comment="List Options" />
    <Text Key="tabDetails" Text="Detaylar" Comment="Details" />
    <Text Key="tabThumbnails" Text="Küçük İkonlar" Comment="Thumbnails" />
  </Texts>
</TR>