<?xml version="1.0"?>
<TR xmlns:xsd="http://www.w3.org/2001/XMLSchema" xmlns:xsi="http://www.w3.org/2001/XMLSchema-instance" Name="PasswordDialog" CultureName="tr">
  <Texts>
    <Text Key="btCancel" Text="&amp;İptal" Comment="&amp;Cancel" />
    <Text Key="btOK" Text="&amp;Tamam" Comment="&amp;OK" />
    <Text Key="chkRemember" Text="Bu sunucu için hatırla" Comment="Remember for this server" />
    <Text Key="labelPassword" Text="Şifre:" Comment="Password:" />
    <Text Key="lblDescription" Text="Harici kütüphaneye giriş yapmak için bir şifre girmelisiniz:" Comment="A password is needed for the remote library:" />
    <Text Key="PasswordDialog" Text="Şifre" Comment="Password" />
  </Texts>
</TR>