<?xml version="1.0"?>
<TR xmlns:xsd="http://www.w3.org/2001/XMLSchema" xmlns:xsi="http://www.w3.org/2001/XMLSchema-instance" Name="DisplaySetupDialog" CultureName="hu">
  <Texts>
    <Text Key="ComicDisplaySettingsDialog" Text="Képregény megjelenítési beállítások" Comment="Book Display Settings" />
    <Text Key="btCancel" Text="&amp;Mégse" Comment="&amp;Cancel" />
    <Text Key="btOK" Text="&amp;OK" Comment="&amp;OK" />
    <Text Key="btApply" Text="&amp;Alkalmaz" Comment="&amp;Apply" />
    <Text Key="chkRealisticPages" Text="Élethű oldal megjelenítés" Comment="Realistic Page Display" />
    <Text Key="chkPageMargin" Text="Margó hagyása az oldal körül" Comment="Leave margins around the pages" />
    <Text Key="labelPaging" Text="Oldal áttűnések:" Comment="Page Transition:" />
    <Text Key="labelPaper" Text="Papír:" Comment="Paper:" />
    <Text Key="labelBackgroundColor" Text="Szín:" Comment="Color:" />
    <Text Key="labelBackgroundType" Text="Típus:" Comment="Type:" />
    <Text Key="labelBackgroundTexture" Text="Textúra:" Comment="Texture:" />
    <Text Key="cbBackgroundType.Item0" Text="Állítsa a színt az adott oldalhoz" Comment="Adjust Color to current Page" />
    <Text Key="cbBackgroundType.Item1" Text="Szín" Comment="Color" />
    <Text Key="cbBackgroundType.Item2" Text="Textúra" Comment="Texture" />
    <Text Key="cbPageTransition.Item0" Text="Nincs áttűnés effekt" Comment="No Page Transition Effect" />
    <Text Key="cbPageTransition.Item1" Text="Előtűnik az oldal" Comment="Page fades in" />
    <Text Key="cbPageTransition.Item2" Text="Vízszintesen beúszik az oldal" Comment="Page scrolls in horizontally" />
    <Text Key="cbPageTransition.Item3" Text="Függőlegesen beúszik az oldal" Comment="Page scrolls in vertically" />
    <Text Key="cbPageTransition.Item4" Text="Lapozás effekt" Comment="Page Turn Effect" />
    <Text Key="grpGeneral" Text="Általános" Comment="General" />
    <Text Key="grpEffects" Text="Hatások" Comment="Effects" />
    <Text Key="grpBackground" Text="Háttér" Comment="Background" />
    <Text Key="labelPaperStrength" Text="Erősség:" Comment="Strength:" />
    <Text Key="cbPaperLayout.Item0" Text="Semmi" Comment="None" />
    <Text Key="cbPaperLayout.Item1" Text="Mozaik" Comment="Tile" />
    <Text Key="cbPaperLayout.Item2" Text="Középre igazít" Comment="Center" />
    <Text Key="cbPaperLayout.Item3" Text="Nyújtás" Comment="Stretch" />
    <Text Key="cbPaperLayout.Item4" Text="Nagyítás" Comment="Zoom" />
    <Text Key="cbTextureLayout.Item0" Text="Semmi" Comment="None" />
    <Text Key="cbTextureLayout.Item1" Text="Mozaik" Comment="Tile" />
    <Text Key="cbTextureLayout.Item2" Text="Középre igazít" Comment="Center" />
    <Text Key="cbTextureLayout.Item3" Text="Nyújtás" Comment="Stretch" />
    <Text Key="cbTextureLayout.Item4" Text="Nagyítás" Comment="Zoom" />
  </Texts>
</TR>