<?xml version="1.0"?>
<TR xmlns:xsd="http://www.w3.org/2001/XMLSchema" xmlns:xsi="http://www.w3.org/2001/XMLSchema-instance" Name="DeviceSelectDialog" CultureName="hu">
  <Texts>
    <Text Key="DeviceSelectDialog" Text="Készülék kiválasztása" Comment="Select Device" />
    <Text Key="btCancel" Text="&amp;Mégse" Comment="&amp;Cancel" />
    <Text Key="btOK" Text="&amp;OK" Comment="&amp;OK" />
    <Text Key="colName" Text="Név" Comment="Name" />
    <Text Key="colModel" Text="Típus" Comment="Model" />
    <Text Key="colSerial" Text="Szériaszám" Comment="Serial" />
  </Texts>
</TR>