<?xml version="1.0"?>
<TR xmlns:xsd="http://www.w3.org/2001/XMLSchema" xmlns:xsi="http://www.w3.org/2001/XMLSchema-instance" Name="EditListDialog" CultureName="hu">
  <Texts>
    <Text Key="EditListDialog" Text="Lista szerkesztése" Comment="Edit List" />
    <Text Key="btCancel" Text="&amp;Mégse" Comment="&amp;Cancel" />
    <Text Key="btOK" Text="&amp;OK" Comment="&amp;OK" />
    <Text Key="labelName" Text="Név:" Comment="Name:" />
    <Text Key="labelBooks" Text="Képregények:" Comment="Books:" />
    <Text Key="labelNotes" Text="Megjegyzések:" Comment="Notes:" />
    <Text Key="CombineMode" Text="Minden képregény minden listáról|Csak az összes listán szereplő képregények|Üres lista" Comment="All Books from every list|Only Books existing in every list|Empty list" />
    <Text Key="chkQuickOpen" Text="Gyors megnyitás" Comment="Quick Open" />
  </Texts>
</TR>