<?xml version="1.0"?>
<TR xmlns:xsd="http://www.w3.org/2001/XMLSchema" xmlns:xsi="http://www.w3.org/2001/XMLSchema-instance" Name="Groups" CultureName="hu">
  <Texts>
    <Text Key="AlphabetGroups" Text="0-9|A|B|C|D|E|F|G|H|I|J|K|L|M|N|O|P|Q|R|S|T|U|V|W|X|Y|Z|Egyéb" Comment="0-9|A|B|C|D|E|F|G|H|I|J|K|L|M|N|O|P|Q|R|S|T|U|V|W|X|Y|Z|Other" />
    <Text Key="CountGroups" Text="0-20|21-50|51-100|101-200|201-500|501-1000|&gt;1000|Nem megadott" Comment="0-20|21-50|51-100|101-200|201-500|501-1000|&gt;1000|Unspecified" />
    <Text Key="ReadPercentageGroups" Text="Nem olvasva|0%|10%|20%|30%|40%|50%|60%|70%|80%|90%|Teljesen elolvasva" Comment="Not Read|0%|10%|20%|30%|40%|50%|60%|70%|80%|90%|Completed" />
    <Text Key="SizeGroups" Text="Üres|Nagyon kicsi|Kicsi|Közepes|Nagy|Hatalmas" Comment="Empty|Very Small|Small|Medium|Big|Huge" />
    <Text Key="RatingGroups" Text="Nincs értékelés|Nincs csillag|1 csillag|2 csillag|3 csillag|4 csillag|5 csillag" Comment="Not Rated|No Stars|1 Star|2 Stars|3 Stars|4 Stars|5 Stars" />
    <Text Key="VolumeGroups" Text="Nincs|V0|V1|V2|V3|V4|V5|V6|V7|V8|V9|V10|V11|V12|Más" Comment="None|V{0}|Other" />
    <Text Key="MangaGroups" Text="Manga|Nem Manga|Ismeretlen" Comment="Manga|No Manga|Unknown" />
    <Text Key="BWGroups" Text="Fekete-fehér|Színes|Ismeretlen" Comment="Black and White|Color|Unknown" />
    <Text Key="DateGroups" Text="Soha|Ma|Tegnap|Két napja|Három napja|Ezen a héten|Múlt héten|Két hete|Három hete|Ebben a hónapban|Múlt hónapban|Két hónapja|Három hónapja|Négy hónapja|Öt hónapja|Hat hónapja|Idén|Tavaly|Két éve|Három éve|Több mint három éve" Comment="Never|Today|Yesterday|Two Days Ago|Three Days Ago|This Week|Last Week|Two Weeks Ago|Three Weeks Ago|This Month|Last Month|Two Months ago|Three Months ago|Four Months ago|Five Months ago|Six Months ago|This Year|Last Year|Two Years ago|Three Years ago|Older than Three Years|Next Year|In the Future" />
    <Text Key="SeriesCompleteGroups" Text="Sorozat teljes|Sorozat nem teljes|Ismeretlen" Comment="Series complete|Series not complete|Unknown" />
    <Text Key="EnableProposedGroups" Text="Javasolt értékek használva|Javasolt értékek nem használva" Comment="Proposed Values used|Proposed Values no used" />
    <Text Key="HasBeenReadGroups" Text="Olvasott|Nem olvasott" Comment="Read|Unread" />
    <Text Key="LinkedGroups" Text="Fájlhoz kapcsolva|Nincs fájlhoz kapcsolva" Comment="Linked to File|Not linked to File" />
    <Text Key="PriceGroups" Text="Ismeretlen|Ingyenes|0-10|10-20|20-30|30-40|40-50|50-100|több, mint 100" Comment="Unknown|Free|0-10|10-20|20-30|30-40|40-50|50-100|over 100" />
    <Text Key="CheckedGroups" Text="Pipálva|Nincs pipálva" Comment="Checked|Not Checked" />
  </Texts>
</TR>