<?xml version="1.0"?>
<TR xmlns:xsd="http://www.w3.org/2001/XMLSchema" xmlns:xsi="http://www.w3.org/2001/XMLSchema-instance" Name="ItemView" CultureName="hu">
  <Texts>
    <Text Key="AutoFitAllColumns" Text="Oszlopok igazítása az ablakhoz" Comment="Auto Fit All Columns" />
    <Text Key="AutoSizeAllColumns" Text="Minden oszlop automatikus méretezése" Comment="Auto Size All Columns" />
    <Text Key="AutoSizeColumn" Text="Oszlop automatikus méretezése" Comment="Auto Size Column" />
    <Text Key="miArrange" Text="Sorba rendezés..." Comment="Arrange by" />
    <Text Key="miGroup" Text="Csoportosítás..." Comment="Group by" />
    <Text Key="miStack" Text="Halmozás..." Comment="Stack by" />
    <Text Key="miViewDetails" Text="Részletek" Comment="Details" />
    <Text Key="miViewMode" Text="Megjelenítés" Comment="View" />
    <Text Key="miViewThumbs" Text="Miniatűrök" Comment="Thumbnails" />
    <Text Key="miViewTiles" Text="Mozaikok" Comment="Tiles" />
    <Text Key="NotGrouped" Text="Nincs csoportosítva" Comment="Not Grouped" />
    <Text Key="NotSorted" Text="Nincs rendezve" Comment="Not Sorted" />
    <Text Key="NotStacked" Text="Nincs halmozva" Comment="Not Stacked" />
    <Text Key="Layout" Text="Elrendezés" Comment="Layout" />
  </Texts>
</TR>