<?xml version="1.0"?>
<TR xmlns:xsd="http://www.w3.org/2001/XMLSchema" xmlns:xsi="http://www.w3.org/2001/XMLSchema-instance" Name="ListEditorDialog" CultureName="hu">
  <Texts>
    <Text Key="btNew" Text="&amp;Új..." Comment="&amp;New..." />
    <Text Key="btEdit" Text="&amp;Szerkesztés..." Comment="&amp;Edit..." />
    <Text Key="btActivate" Text="&amp;Aktiválás" Comment="&amp;Activate" />
    <Text Key="btDelete" Text="Törlés" Comment="Delete" />
    <Text Key="btMoveTop" Text="Mozgatás a &amp;tetejére" Comment="Move &amp;Top" />
    <Text Key="btMoveUp" Text="Mozgatás &amp;felfele" Comment="Move &amp;Up" />
    <Text Key="btMoveDown" Text="Mozgatás &amp;lefele" Comment="Move &amp;Down" />
    <Text Key="btMoveBottom" Text="Mozgatás az &amp;aljára" Comment="Move &amp;Bottom" />
    <Text Key="btOK" Text="&amp;OK" Comment="&amp;OK" />
    <Text Key="btCancel" Text="&amp;Mégse" Comment="&amp;Cancel" />
    <Text Key="colName" Text="Név" Comment="Name" />
    <Text Key="colDescription" Text="Leírás" Comment="Description" />
  </Texts>
</TR>