<?xml version="1.0"?>
<TR xmlns:xsd="http://www.w3.org/2001/XMLSchema" xmlns:xsi="http://www.w3.org/2001/XMLSchema-instance" Name="Messages" CultureName="hu">
  <Texts>
    <Text Key="AskRemoveFavorite" Text="Valóban törölni szeretnéd ezt a Kedvencek linket?" Comment="Do you really want to remove this Favorite Folder link?" />
    <Text Key="AskRemoveItem" Text="Valóban törölni szeretnéd ezt az elemet?" Comment="Do you really want to remove this item?" />
    <Text Key="Attention" Text="Figyelem" Comment="Attention" />
    <Text Key="CloseComicRack" Text="ComicRack bezárása" Comment="Close ComicRack" />
    <Text Key="ClosingComicRack" Text="ComicRack bezárása" Comment="Closing ComicRack" />
    <Text Key="CouldNotSaveImage" Text="Az oldalképet nem sikerült elmenteni: {0}" Comment="Could not save the page image!\nReason: {0}" />
    <Text Key="CreateMainWindow" Text="Főablak előkészítése" Comment="Creating Main Window" />
    <Text Key="Error" Text="Hiba" Comment="Error" />
    <Text Key="ErrorShutDown" Text="ComicRack nem megfelelően állt le:\n{0}" Comment="There was an error shutting down the application:\n{0}" />
    <Text Key="FailedRetrieveDatabase" Text="Nem sikerült lehívni az adatbázist a szerverről!" Comment="Failed to retrieve the Database from the Server!" />
    <Text Key="FailedToInitialize" Text="ComicRack inicializálása sikertelen: {0}" Comment="Failed to initialize ComicRack: {0}" />
    <Text Key="GetServerLibraryText" Text="Megosztott könytár beolvasása a szerverről" Comment="Retrieving the shared Library from the Server" />
    <Text Key="InitCache" Text="Gyorsítótár inicializálása" Comment="Initialize Disk Caches" />
    <Text Key="InitGUI" Text="Felhasználói felület inicializálása" Comment="Initalizing User Interface" />
    <Text Key="InitScripts" Text="Szkriptek inicializálása" Comment="Initalizing Scripts" />
    <Text Key="ListLayout" Text="Listanézet" Comment="List Layout" />
    <Text Key="LoadCustomSettings" Text="Egyéni beállítások betöltése" Comment="Loading custom settings" />
    <Text Key="LoadingThumbnail" Text="Miniatűrök betöltése..." Comment="Loading Thumbnail..." />
    <Text Key="MoveBin" Text="&amp;Fájlok Lomtárba helyezése" Comment="&amp;Also move the files to the Recycle Bin" />
    <Text Key="NotAskAgain" Text="&amp;Ne kérdezze újra" Comment="&amp;Do not ask me again" />
    <Text Key="OpenDatabase" Text="Adatbázis megnyitása" Comment="Opening Database" />
    <Text Key="PasswordNeeded" Text="A(z) '{0}' távoli könytárhoz jelszó szükséges" Comment="A password is needed for the remote Library '{0}':" />
    <Text Key="ReadNewsFeed" Text="Hírek olvasása" Comment="Reading News Feed" />
    <Text Key="RefreshInfo" Text="Információk frissítése" Comment="Refreshing Information" />
    <Text Key="RefreshServer" Text="Szerver könytár frissítése" Comment="Refreshing Server Library" />
    <Text Key="Remove" Text="Eltávolítás" Comment="Remove" />
    <Text Key="RetrieveNews" Text="Hírek lehívása" Comment="Retrieving News" />
    <Text Key="RetrieveNewsText" Text="Beállított hírcsatorák frissítése" Comment="Refreshing subscribed News Channels" />
    <Text Key="SaveAllData" Text="Minden adat mentése..." Comment="Saving all Data to Disk..." />
    <Text Key="SaveListLayout" Text="Listanézet mentése" Comment="Save List Layout" />
    <Text Key="ScriptFailed" Text="Szkript végrehajtása nem sikerült!" Comment="Execution of the script failed!" />
    <Text Key="WrongPassword" Text="A '{0}' könytárhoz megadott jelszó hibás. Kérlek próbáld újra:" Comment="The specified password for the Library'{0}' is not correct. Please try again:" />
    <Text Key="AskRemoveComics" Text="Biztos, hogy el szeretnéd távolítani a listáról ezeket a képregényeket?" Comment="Are you sure you want to remove these books from the list?" />
    <Text Key="AskRemoveFromLibrary" Text="Biztos, hogy el szeretnéd távolítani a könyvtárból ezeket a képregényeket?\nMinden nem fájlokban tárolt információ el fog veszni (mint a legutóbbi olvasás ideje, megnyitások száma stb.)!" Comment="Are you sure you want to remove these books from the library?\nAll information not stored in the files will be lost (like Open Count, Last Read etc.)!" />
    <Text Key="Set" Text="Beállít" Comment="Set" />
    <Text Key="AskSetAllLists" Text="Biztos azt szeretné, hogy minden lista ezt az elrendezést használja?" Comment="Are you sure you want to set all Lists to the current layout?" />
    <Text Key="PageFailedToLoad" Text="Az oldalt nem sikerült betölteni.\nÚjra próbálhatod a frissítéssel..." Comment="Page failed to load.\nTry refresh to load again..." />
    <Text Key="LoadingPage" Text="{0}. oldal betöltése..." Comment="Loading Page {0}..." />
    <Text Key="OpenError" Text="Ez a fájl nem nyitható meg: '{0}'!" Comment="Could not open the book '{0}'!" />
    <Text Key="FastThumbanilQueueMessage" Text="Tárolt minatűr betöltése a(z) '{1}' fájl {0}. oldaláról" Comment="Retrieve cached thumbnail for page {0} in file '{1}'" />
    <Text Key="SlowThumbnailQueueMessage" Text="Miniatűr készítése a(z) '{1}' fájl {0}. oldaláról" Comment="Create thumbnail for page {0} in file '{1}'" />
    <Text Key="GetImageQueueMessage" Text="{0}. oldal betöltése a(z) '{1}' fájlban" Comment="Get page {0} in file '{1}'" />
    <Text Key="OpeningComic" Text="'{0}' megnyitása..." Comment="Opening the book '{0}'..." />
    <Text Key="NoComicOpen" Text="Nincs nyitott képregény" Comment="No book is open" />
    <Text Key="RestartQuestion" Text="A ComicRack-et újra kell indítani a feladat befejezéséhez! Újraindítod most?" Comment="ComicRack needs to restart to complete the operation! Do you want to restart now?" />
    <Text Key="DatabaseBackupError" Text="Hiba történt az adatbázis biztonsági másolat mentés során" Comment="There was an error saving the Database backup" />
    <Text Key="DatabaseBackupRestored" Text="Korábbi adatbázis biztonsági másolat sikeresen helyreállítva!" Comment="A previous database backup has been successfully restored!" />
    <Text Key="Export" Text="Exportálás" Comment="Export" />
    <Text Key="DontShowAgain" Text="Ne mutasd ezt újra" Comment="Do not show this again" />
    <Text Key="ScanComicQueueMessage" Text="Keresés '{0}'" Comment="Scanning '{0}'" />
    <Text Key="ErrorWritingReadingList" Text="'{0}' olvasási lista exportálása közben hiba történt." Comment="There was an error exporting the Reading List '{0}'" />
    <Text Key="ErrorOpeningReadingList" Text="'{0}' olvasási lista importálása közben hiba történt." Comment="There was an error importing the Reading List '{0}'" />
    <Text Key="OutputFileExists" Text="Már létezik &quot;{0}&quot; kimeneti fájl!" Comment="Output File '{0}' already exists!" />
    <Text Key="ConvertToCBZ" Text="Konvertálás CBZ fájlba" Comment="Convert to CBZ" />
    <Text Key="ConvertToCB7" Text="Konvertálás CB7 fájlba" Comment="Convert to CB7" />
    <Text Key="ExportForPSP" Text="Exportálás PSP formátumban" Comment="Export for PSP" />
    <Text Key="AbortScan" Text="Keresés megszakítása" Comment="Abort Scanning" />
    <Text Key="AbortExport" Text="Exportálás megszakítása" Comment="Abort Export" />
    <Text Key="FailedToReadImage" Text="{0}. kép olvasása sikertelen!" Comment="Failed to read Image {0}!" />
    <Text Key="InvalidExportSettings" Text="Az exportálási beállítások helytelenek (pl. nem támogatott formátumot ad a könyvtárhoz." Comment="The export settings are not valid (e.g. adding a not supported format to the library)" />
    <Text Key="ComicRackMinimizedTitle" Text="A ComicRack még fut" Comment="ComicRack is still running" />
    <Text Key="ComicRackMinimized" Text="Bezárhatja a ComicRacket a Fájl/Kilépés gombbal, vagy megváltoztathatja ezt a viselkedést a Beállításokban.\nKattintson ide, ha nem akarja többet látni ezt az üzenetet." Comment="You either close ComicRack with File/Exit or you can change this behavior in the Preferences Dialog.\nClick here to not show this message again" />
    <Text Key="ConnectRemoteError" Text="Nem tudtam csatlakozni '{0}' távoli szerverhez" Comment="Could not connect to Remote Server '{0}'" />
    <Text Key="CheckingDatabase" Text="Adatbázis ellenőrzése" Comment="Checking Database" />
    <Text Key="CheckingDatabaseText" Text="Sértetlenség ellenőrzése, és hiányzó adat frissítése" Comment="Checking integrity and updating any missing Data" />
    <Text Key="SaveInfoText" Text="Kérem várjon, amíg minden információt tárol a program!" Comment="Please wait while all unsaved information is stored!" />
    <Text Key="UndoScript" Text="Automatizálás '{0}'" Comment="Automation '{0}'" />
    <Text Key="UndoEditColumn" Text="Oszlop szerkesztése: '{0}'" Comment="Edit Column '{0}'" />
    <Text Key="UndoRating" Text="Értékelés megváltoztatása" Comment="Change Rating" />
    <Text Key="AlsoRemoveDatabase" Text="&amp;Fájlok eltávolítása az adatbázisból" Comment="&amp;Also remove the Books from the Database" />
    <Text Key="AskExport" Text="Azt választotta, hogy törli vagy áthelyezi a létező fájlokat az exportálás során. Biztosan folytatni akarja?\nA törölt fájlok a Lomtárba kerülnek. Bizonyosodjon meg róla, hogy van elég hely a lemezen, és a törölt fájlok nem hálózati meghajtón vannak." Comment="You have chosen to delete or replace existing files during export. Are you sure you want to continue?\nThe deleted files will be moved to the Recycle Bin during export. Please make sure there is enough disk space available and the eComics are not located on a network drive!" />
    <Text Key="AskMoveBin" Text="Biztos, hogy a Lomtárba szeretnéd helyezni ezeket a képregényeket?" Comment="Are you sure you want to move these files to the recycle bin?" />
    <Text Key="BackgroundConvert" Text="A háttérben fájlok aktuálizálása/konvertálása történik. A ComicRack bezárása adatvesztést eredményezhet!" Comment="Files are still being updated/converted/synchronized in the background. If you close now, some information will not be written!" />
    <Text Key="CouldNotSaveComic" Text="A képregényt nem sikerült elmenteni: {0}" Comment="Could not save Book!\nReason: {0}" />
    <Text Key="CouldNotExportKeyboardLayout" Text="Nem sikerült exportálni a Billentyűzet-kiosztást!\nOka: {0}" Comment="Could not export Keyboard Layout!\nReason: {0}" />
    <Text Key="CouldNotImportKeyboardLayout" Text="Nem sikerült importálni a Billentyűzet-kiosztást!\nOka: {0}" Comment="Could not import Keyboard Layout!\nReason: {0}" />
    <Text Key="CouldNotLoadThumbnail" Text="Nem sikerült megnyitni a Miniatűrt\nOka: {0}" Comment="Could not open Thumbnail!\nReason: {0}" />
    <Text Key="DatabaseNewEmpty" Text="Hiba lépett fel a képregény adatbázisban. Egy új, üres adatbázis került megalkotásra." Comment="There was a problem opening the Database. A new empty Database has been created." />
    <Text Key="DatabaseRestored" Text="Hiba lépett fel a képregény adatbázisban. A legutóbbi helyes verzió került visszaállításra. Lehetséges, hogy néhány bejegyzés elveszett." Comment="There was a problem with the Database. The last version to be known good has been restored. You may have lost some entires." />
    <Text Key="FailedDeleteBooks" Text="Néhány képregényt nem lehet törölni (talán használatban vannak)!" Comment="Some files could not be deleted (maybe they are in use)!" />
    <Text Key="ConnectToServer" Text="Kapcsolódás Szerverhez" Comment="Connecting to Server" />
    <Text Key="GetShareInfoText" Text="Információ letöltése a megosztott Könyvtárról" Comment="Getting information about the shared Library" />
    <Text Key="GettingList" Text="Képregény lista betöltése" Comment="Getting List of Books" />
    <Text Key="GettingListText" Text="Minden képregény beolvasása a megadott könytárból" Comment="Retrieving all Books from the selected folder" />
    <Text Key="ListLayouts" Text="Listanézetek" Comment="List Layouts" />
    <Text Key="LoadComic" Text="Képregény betöltése" Comment="Opening Files" />
    <Text Key="RefreshInfoText" Text="Kiválasztott képregények információinak aktualizálása" Comment="Refreshing information for selected Books" />
    <Text Key="SavingNewComic" Text="Új képregény mentése..." Comment="Saving new Book..." />
    <Text Key="WriteData" Text="Adatok írása" Comment="Pasting Data" />
    <Text Key="WriteDataText" Text="Adatok hozzáadása a kiválasztott képregényekhez" Comment="Pasting Data into selected Books" />
    <Text Key="AddFolderLibrary" Text="Az ebben a mappában és almappáiban lévő képregények a Könyvtárba kerülnek." Comment="Books in this Folder and all sub Folders will be added to the library." />
    <Text Key="ExportQueueMessage" Text="Képregény exportálása: '{0}'" Comment="Export Book '{0}'" />
    <Text Key="RefreshInfoQueueMessage" Text="Információk frissítés a(z) '{0}' képregényről" Comment="Refresh information for Book '{0}'" />
    <Text Key="WriteInfoQueueMessage" Text="Információk írása a(z) '{0}' képregénybe" Comment="Write information to Book file '{0}'" />
    <Text Key="CloseExternalReader" Text="Ez csak az olvasóablakot zárja be, a nyitott képregény(eke)t nem!" Comment="This will only close the reader Window and not the open Book(s)!" />
    <Text Key="DeviceSyncQueueMessage" Text="{0}. készülék szinkronizálása" Comment="Syncing Device '{0}'" />
    <Text Key="UpdateComicDynamicMessage" Text="Webes képregény frissítése: '{0}'" Comment="Updating Web Comic '{0}'" />
    <Text Key="UnsolvedBookItems" Text="Ezek a képregények nincsenek benne a könyvtárban:\n{0}\nMégis importálja az Olvasási listát?" Comment="The following Books were not found in the Library:\n{0}\nDo you still want to import the Reading List?" />
    <Text Key="AbortDeviceSync" Text="Készülék-szinkronizálás Megszakítása" Comment="Abort syncinc Devices" />
    <Text Key="SourceComicNotValid" Text="Képregény forrása érvénytelen" Comment="Source of Book is not valid" />
    <Text Key="ExportComicTitle" Text="Képregény exportálása ide" Comment="Export Book to" />
    <Text Key="AskDirtyItems" Text="Menti azon képregények információit, melyek nincsenek az adatbázisban?\nA nem mentett változtatások elvesznek!" Comment="Save changed information for Books that are not in the database?\nAll changes not saved now will be lost!" />
    <Text Key="AlwaysSaveDirty" Text="Mindig mentse a változásokat" Comment="Always save changes" />
    <Text Key="SaveInfo" Text="Képregények mentése" Comment="Saving Book Information" />
    <Text Key="UndoEditMultipleComics" Text="Több képregény szerkesztése" Comment="Edit multiple Books" />
    <Text Key="UndoShowInfo" Text="Képregény információ" Comment="Book Info" />
    <Text Key="ScriptPackageExists" Text="Egy azonos nevű Szkript csomag már létezik! Felülírja a csomagot?" Comment="A Script Package with the same name already exists! Do you want to overwrite this Package?" />
    <Text Key="SelectLocalFolder" Text="Válasszon egy helyi mappát, amiben a távoli könyveket tárolja." Comment="Select a local folder to store the remote Books" />
    <Text Key="ServerActivity" Text="{0} szerver fut" Comment="{0} Server(s) running" />
    <Text Key="ConnectServerText" Text="Kapcsolódás a távoli szerverhez" Comment="Opening connection to the remote Server" />
    <Text Key="ErrorFileUsed" Text="Ez a fájl már használatban van a Könyvtárban" Comment="This file is already used in the Library" />
    <Text Key="CreateMissingBooks" Text="Hiányzó Képregények hozzáadása a könyvtárhoz" Comment="Add missing Books to Library" />
    <Text Key="ImportReadingList" Text="Olvasási lista importálása" Comment="Import Reading List" />
    <Text Key="MatchBooksWithLibrary" Text="Lista azonosítása a Könyvtárral" Comment="Matching list with Library" />
    <Text Key="ListMore" Text="Még {0}..." Comment="{0} more..." />
    <Text Key="TaskGroupLoadThumbnails" Text="Miniatűrök betöltése" Comment="Load Thumbnails" />
    <Text Key="TaskGroupCreateThumbnails" Text="Miniatűrök létrehozása" Comment="Create Thumbnails" />
    <Text Key="TaskGroupLoadPages" Text="Oldalak betöltése" Comment="Load Pages" />
    <Text Key="TaskGroupCreatePages" Text="Oldalak létrehozása" Comment="Create Pages" />
    <Text Key="TaskGroupReadInfo" Text="Információ olvasása" Comment="Read Info" />
    <Text Key="TaskGroupWriteInfo" Text="Információ írása" Comment="Write Info" />
    <Text Key="TaskGroupUpdateDynamic" Text="Webes képregények frissítése" Comment="Update Web Comics" />
    <Text Key="TaskGroupExport" Text="Képregények exportálása" Comment="Export Books" />
    <Text Key="TaskGroupScanning" Text="Scannelés" Comment="Scanning" />
    <Text Key="TaskGroupDeviceSync" Text="Készülékek szinkronizálása" Comment="Syncing Devices" />
    <Text Key="DatabaseBackup" Text="Adatbázis biztonsági mentése" Comment="Database Backup" />
    <Text Key="DatabaseBackupText" Text="Biztonsági mentés fájl létrehozása és mentése" Comment="Creating and saving the Backup File" />
    <Text Key="DatabaseRestore" Text="Adatbázis visszaállítás" Comment="Database Restore" />
    <Text Key="DatabaseRestoreText" Text="Adatbázis visszaállítása Biztonsági mentés fájlból" Comment="Restoring Database from Backup File" />
    <Text Key="DatabaseRestoreError" Text="Hiba történt az adatbázis visszaállítása közben" Comment="There was an error restoring the Database Backup" />
    <Text Key="ClearComicData" Text="Képregény-adatok törlése" Comment="Clear Books" />
    <Text Key="ClearComicDataText" Text="Minden beírt adatot eltávolít a Képregényekből" Comment="Removing all entered data from the Books" />
    <Text Key="AskClearComicData" Text="Töröl minden beírt adatot a kijelölt képregényekből? (A Visszavonás gomb használható)" Comment="Do you want to remove all entered data from the selected Books (can be reverted with Undo)?" />
    <Text Key="DiscoveringDevicesCaption" Text="Készülékek keresése" Comment="Discovering devices" />
    <Text Key="DiscoveringDevicesDescription" Text="A géphez kapcsolt készülékek megkeresése" Comment="Searching for connected devices" />
    <Text Key="DeviceOutOfSpace" Text="'{0}' készüléken nincs elég szabad hely" Comment="Device '{0}' does not have enough free space" />
    <Text Key="RenameDevice" Text="Készülék átnevezése" Comment="Rename Device" />
  </Texts>
</TR>