<?xml version="1.0"?>
<TR xmlns:xsd="http://www.w3.org/2001/XMLSchema" xmlns:xsi="http://www.w3.org/2001/XMLSchema-instance" Name="PasswordDialog" CultureName="hu">
  <Texts>
    <Text Key="btCancel" Text="&amp;Mégse" Comment="&amp;Cancel" />
    <Text Key="btOK" Text="&amp;OK" Comment="&amp;OK" />
    <Text Key="chkRemember" Text="Emlékezzen erre a szerverre" Comment="Remember for this server" />
    <Text Key="labelPassword" Text="Jelszó:" Comment="Password:" />
    <Text Key="lblDescription" Text="A távoli könyvtárhoz jelszó szükségest:" Comment="A password is needed for the remote library:" />
    <Text Key="PasswordDialog" Text="Jelszó" Comment="Password" />
  </Texts>
</TR>