<?xml version="1.0"?>
<TR xmlns:xsd="http://www.w3.org/2001/XMLSchema" xmlns:xsi="http://www.w3.org/2001/XMLSchema-instance" Name="Script.Autonumber" CultureName="hu">
  <Texts>
    <Text Key="Cancel" Text="&amp;Mégse" Comment="&amp;Cancel" />
    <Text Key="chkTotal" Text="Összes szám mentése:" Comment="Save total Number:" />
    <Text Key="labelBegin" Text="Kezdő szám:" Comment="Begin at Number:" />
    <Text Key="Name" Text="Automatikus számozás varázsló..." Comment="Autonumber Wizard..." />
    <Text Key="NumberAltSeries" Text="Alternatív sorozatok számozása" Comment="Number Alternate Series" />
    <Text Key="NumberSeries" Text="Sorozatok számozása" Comment="Number Series" />
    <Text Key="OK" Text="&amp;OK" Comment="&amp;OK" />
    <Text Key="Caption" Text="Automatikus számozás varázsló" Comment="Autonumber Wizard" />
    <Text Key="Description" Text="Szkript, ami újraszámozza a kiválasztott képregényeket" Comment="A script to renumber the selected Books" />
  </Texts>
</TR>