<?xml version="1.0"?>
<TR xmlns:xsd="http://www.w3.org/2001/XMLSchema" xmlns:xsi="http://www.w3.org/2001/XMLSchema-instance" Name="Script.NewComics" CultureName="hu">
  <Texts>
    <Text Key="Name" Text="Új fájl-nélküli képregény sorozat..." Comment="New fileless Book Series..." />
    <Text Key="Description" Text="Új képregénysorozatot ad hozzá" Comment="Adds a new Series of Books" />
    <Text Key="Caption" Text="Új fájl-nélküli képregény sorozat" Comment="New fileless Book Series" />
    <Text Key="btOK" Text="&amp;OK" Comment="&amp;OK" />
    <Text Key="btCancel" Text="&amp;Mégse" Comment="&amp;Cancel" />
    <Text Key="labelSeries" Text="Sorozat:" Comment="Series:" />
    <Text Key="labelFromNumber" Text="Szám:" Comment="Number:" />
    <Text Key="labelToNumber" Text="eddig:" Comment="to" />
    <Text Key="labelVolume" Text="Kötet:" Comment="Volume:" />
  </Texts>
</TR>