<?xml version="1.0"?>
<TR xmlns:xsd="http://www.w3.org/2001/XMLSchema" xmlns:xsi="http://www.w3.org/2001/XMLSchema-instance" Name="TasksDialog" CultureName="hu">
  <Texts>
    <Text Key="btClose" Text="Bezárás" Comment="Close" />
    <Text Key="tabTasks" Text="Háttérben futó műveletek" Comment="Background Tasks" />
    <Text Key="tabNetwork" Text="Szerver statisztikák" Comment="Server Statistics" />
    <Text Key="colTask" Text="Művelet" Comment="Task" />
    <Text Key="colState" Text="Állapot" Comment="State" />
    <Text Key="lblItemCount" Text="{0} feladat függőben" Comment="{0} Tasks are pending" />
    <Text Key="TasksDialog" Text="Műveletek" Comment="Tasks" />
    <Text Key="btAbort" Text="Minden művelet félbeszakítása" Comment="Abort all User Tasks" />
    <Text Key="Clients" Text="Kliensek: {0}" Comment="Clients: {0}" />
    <Text Key="Info" Text="Információ lekérések: {0}" Comment="Info Requests: {0}" />
    <Text Key="Library" Text="Könyvtár lekérések: {0}/{1}" Comment="Library Requests: {0}/{1}" />
    <Text Key="Page" Text="Oldal lekérések: {0}/{1}" Comment="Page Requests: {0}/{1}" />
    <Text Key="Thumbnail" Text="Miniatűr lekérések: {0}/{1}" Comment="Thumbnail Requests: {0}/{1}" />
    <Text Key="FailedAuth" Text="Hibás bejelentkezések: {0}" Comment="Failed Authentications: {0}" />
    <Text Key="AllShares" Text="Minden megosztás" Comment="All Shares" />
    <Text Key="LastMinute" Text="Utolsó perc" Comment="Last Minute" />
    <Text Key="Last5Minutes" Text="Utolsó 5 perc" Comment="Last 5 Minutes" />
    <Text Key="LastHour" Text="Utolsó óra" Comment="Last Hour" />
    <Text Key="Session" Text="Munkaszakasz" Comment="Session" />
  </Texts>
</TR>