<?xml version="1.0"?>
<TR xmlns:xsd="http://www.w3.org/2001/XMLSchema" xmlns:xsi="http://www.w3.org/2001/XMLSchema-instance" Name="ComicBook" CultureName="it">
  <Texts>
    <Text Key="Added" Text="Aggiunto il:\t{0}" Comment="Added:\t{0}" />
    <Text Key="Format" Text="Formato; \t{0}" Comment="Format:\t{0}" />
    <Text Key="LastPageReadIs" Text="Ultima Pagina Letta: {0}" Comment="Last page read is {0}" />
    <Text Key="LastTimeOpenedAt" Text="Aperto l'Ultima volta il {0}" Comment="Last time opened at {0}" />
    <Text Key="Library" Text="Libreria" Comment="Library" />
    <Text Key="MyFavoritesList" Text="Preferiti" Comment="My Favorites" />
    <Text Key="Never" Text="mai" Comment="never" />
    <Text Key="NeverReadList" Text="Mai Letto" Comment="Never Read" />
    <Text Key="NoInformation" Text="Nessuna Informazione Disp." Comment="No information available" />
    <Text Key="None" Text="Nessuno" Comment="None" />
    <Text Key="Of" Text="di" Comment="of" />
    <Text Key="Opened" Text="Aperto: \t{0}" Comment="Opened:\t{0}" />
    <Text Key="Pages" Text="{0} Pag." Comment="{0} Page(s)" />
    <Text Key="PageSize" Text="Grand. :\t{0}" Comment="Size:\t{0}" />
    <Text Key="PageText" Text="Pagina #{0}" Comment="Page #{0}" />
    <Text Key="FileName" Text="File:\t{0}" Comment="File:\t{0}" />
    <Text Key="ReadingAtPage" Text="In Lettura a Pag. {0}" Comment="Reading at page {0}" />
    <Text Key="ReadingList" Text="In Lettura" Comment="Reading" />
    <Text Key="ReadList" Text="Leggi" Comment="Read" />
    <Text Key="RecentlyAddedList" Text="Aggiunti di Recente" Comment="Recently Added" />
    <Text Key="RecentlyReadList" Text="Letti di Recente" Comment="Recently Read" />
    <Text Key="Resolution" Text="Risoluzione: \t{0} x {1}" Comment="Resolution:\t{0} x {1}" />
    <Text Key="Size" Text="Grand.: \t{0}/{1}" Comment="Size:\t{0}/{1}" />
    <Text Key="SmartLists" Text="Liste Intelligenti" Comment="Smart Lists" />
    <Text Key="UnknownSize" Text="Grandezza Sconosciuta" Comment="Unknown Size" />
    <Text Key="Unknown" Text="Sconosciuto" Comment="Unknown" />
    <Text Key="Volume" Text="V{0}" Comment="V{0}" />
    <Text Key="Bookmark" Text="Segnalibro: \t{0}" Comment="Bookmark:\t{0}" />
    <Text Key="Rotation" Text="Rotazione: \t{0}" Comment="Rotation:\t{0}" />
    <Text Key="FilesUpdateList" Text="File da Aggiornare" Comment="Files to update" />
    <Text Key="TempLists" Text="Liste Temporanee" Comment="Temporary Lists" />
    <Text Key="BookCount" Text="Album:\t{0}" Comment="Books:\t{0}" />
  </Texts>
</TR>