<?xml version="1.0"?>
<TR xmlns:xsd="http://www.w3.org/2001/XMLSchema" xmlns:xsi="http://www.w3.org/2001/XMLSchema-instance" Name="DisplaySetupDialog" CultureName="it">
  <Texts>
    <Text Key="ComicDisplaySettingsDialog" Text="Impostazione Disposizione Album" Comment="Book Display Settings" />
    <Text Key="btCancel" Text="&amp;Annulla" Comment="&amp;Cancel" />
    <Text Key="btOK" Text="&amp;OK" Comment="&amp;OK" />
    <Text Key="btApply" Text="&amp;Applica" Comment="&amp;Apply" />
    <Text Key="chkRealisticPages" Text="Visualizzazione Realistica Pagine" Comment="Realistic Page Display" />
    <Text Key="chkPageMargin" Text="Lascia un Margine attorno alle Pagine" Comment="Leave margins around the pages" />
    <Text Key="labelPaging" Text="Transizione Pagina:" Comment="Page Transition:" />
    <Text Key="labelPaper" Text="Carta:" Comment="Paper:" />
    <Text Key="labelBackgroundColor" Text="Colore:" Comment="Color:" />
    <Text Key="labelBackgroundType" Text="Tipo:" Comment="Type:" />
    <Text Key="labelBackgroundTexture" Text="Struttura:" Comment="Texture:" />
    <Text Key="cbBackgroundType.Item0" Text="Aggiusta il Colore alla Pag. Corrente" Comment="Adjust Color to current Page" />
    <Text Key="cbBackgroundType.Item1" Text="Colore" Comment="Color" />
    <Text Key="cbBackgroundType.Item2" Text="Struttura" Comment="Texture" />
    <Text Key="cbPageTransition.Item0" Text="Nessun Effetto Transiz.Pag." Comment="No Page Transition Effect" />
    <Text Key="cbPageTransition.Item1" Text="Pagina Schiarisce in" Comment="Page fades in" />
    <Text Key="cbPageTransition.Item2" Text="La Pagina Scorre in Orizz." Comment="Page scrolls in horizontally" />
    <Text Key="cbPageTransition.Item3" Text="La Pagina Scorre in Vert." Comment="Page scrolls in vertically" />
    <Text Key="cbPageTransition.Item4" Text="Effetto Cambio Pagina" Comment="Page Turn Effect" />
    <Text Key="grpGeneral" Text="Generale" Comment="General" />
    <Text Key="grpEffects" Text="Effetti" Comment="Effects" />
    <Text Key="grpBackground" Text="Sfondo" Comment="Background" />
    <Text Key="labelPaperStrength" Text="Intensità:" Comment="Strength:" />
    <Text Key="cbPaperLayout.Item0" Text="Nessuna" Comment="None" />
    <Text Key="cbPaperLayout.Item1" Text="Allunga" Comment="Tile" />
    <Text Key="cbPaperLayout.Item2" Text="Centra" Comment="Center" />
    <Text Key="cbPaperLayout.Item3" Text="Allunga" Comment="Stretch" />
    <Text Key="cbPaperLayout.Item4" Text="Zoom" Comment="Zoom" />
    <Text Key="cbTextureLayout.Item0" Text="Nessuna" Comment="None" />
    <Text Key="cbTextureLayout.Item1" Text="Allunga" Comment="Tile" />
    <Text Key="cbTextureLayout.Item2" Text="Centra" Comment="Center" />
    <Text Key="cbTextureLayout.Item3" Text="Allunga" Comment="Stretch" />
    <Text Key="cbTextureLayout.Item4" Text="Zoom" Comment="Zoom" />
  </Texts>
</TR>