<?xml version="1.0"?>
<TR xmlns:xsd="http://www.w3.org/2001/XMLSchema" xmlns:xsi="http://www.w3.org/2001/XMLSchema-instance" Name="EditListDialog" CultureName="it">
  <Texts>
    <Text Key="EditListDialog" Text="Modifica Lista" Comment="Edit List" />
    <Text Key="btCancel" Text="&amp;Annulla" Comment="&amp;Cancel" />
    <Text Key="btOK" Text="&amp;OK" Comment="&amp;OK" />
    <Text Key="labelName" Text="Nome:" Comment="Name:" />
    <Text Key="labelBooks" Text="Album:" Comment="Books:" />
    <Text Key="labelNotes" Text="Note:" Comment="Notes:" />
    <Text Key="chkQuickOpen" Text="Apri Rapido" Comment="Quick Open" />
    <Text Key="CombineMode" Text="Tutti gli Album di ogni Lista|Solo Album eisstenti in ogni Lista|Lista Vuota" Comment="All Books from every list|Only Books existing in every list|Empty list" />
  </Texts>
</TR>