<?xml version="1.0"?>
<TR xmlns:xsd="http://www.w3.org/2001/XMLSchema" xmlns:xsi="http://www.w3.org/2001/XMLSchema-instance" Name="KeyboardShortcutEditor" CultureName="it">
  <Texts>
    <Text Key="chkAlt1" Text="Alt" Comment="Alt" />
    <Text Key="chkAlt2" Text="Alt" Comment="Alt" />
    <Text Key="chkAlt3" Text="Alt" Comment="Alt" />
    <Text Key="chkCtrl1" Text="Ctrl" Comment="Ctrl" />
    <Text Key="chkCtrl2" Text="Ctrl" Comment="Ctrl" />
    <Text Key="chkCtrl3" Text="Ctrl" Comment="Ctrl" />
    <Text Key="chkShift1" Text="Maiusc." Comment="Shift" />
    <Text Key="chkShift2" Text="Maiusc." Comment="Shift" />
    <Text Key="chkShift3" Text="Maiusc." Comment="Shift" />
    <Text Key="colAction" Text="Azione" Comment="Action" />
    <Text Key="colKeys" Text="Tasti" Comment="Keys" />
    <Text Key="labelAlternateKey" Text="Alternativo:" Comment="Alternate:" />
    <Text Key="labelAlternate2Key" Text="Alternativo:" Comment="Alternate:" />
    <Text Key="labelMainKey" Text="Principale:" Comment="Main:" />
    <Text Key="NothingSelected" Text="Nessuna Azione Selez." Comment="No action selected" />
    <Text Key="GetKeyCaption" Text="Premi un Tasto" Comment="Press Key" />
    <Text Key="GetKeyDescription" Text="Premi una combinazione di Tasti o chiudi questa finestra" Comment="Press your key combination or close this window" />
  </Texts>
</TR>