<?xml version="1.0"?>
<TR xmlns:xsd="http://www.w3.org/2001/XMLSchema" xmlns:xsi="http://www.w3.org/2001/XMLSchema-instance" Name="MagnifySetupControl" CultureName="it">
  <Texts>
    <Text Key="labelHeight" Text="Altezza" Comment="Height" />
    <Text Key="labelOpacity" Text="Opacità" Comment="Opacity" />
    <Text Key="labelWidth" Text="Larghezza" Comment="Width" />
    <Text Key="labelZoom" Text="Zoom" Comment="Zoom" />
    <Text Key="chkSimpleStyle" Text="Stile Semplice" Comment="Simple Style" />
    <Text Key="chkAutoMagnifier" Text="Attiva con Click 'lungo'" Comment="Activate with 'long' Click" />
    <Text Key="chkAutoHideMagnifier" Text="Nascondi a Bordo Pagina" Comment="Hide at Page Border" />
  </Texts>
</TR>