<?xml version="1.0"?>
<TR xmlns:xsd="http://www.w3.org/2001/XMLSchema" xmlns:xsi="http://www.w3.org/2001/XMLSchema-instance" Name="ComicBookDialog" CultureName="it">
  <Texts>
    <Text Key="btCancel" Text="&amp;Annulla" Comment="&amp;Cancel" />
    <Text Key="btOK" Text="&amp;OK" Comment="&amp;OK" />
    <Text Key="ShowList" Text="Mostra Pubbliche" Comment="Show Public" />
    <Text Key="RefreshList" Text="Aggiorna" Comment="Refresh" />
    <Text Key="OpenRemoteDialog" Text="Apertura Libreria remota" Comment="Open Remote Library" />
    <Text Key="labelServerAddress" Text="Indirizzo Libreria:" Comment="Library Address:" />
    <Text Key="colName" Text="Nome" Comment="Name" />
    <Text Key="colDescription" Text="Descrizione" Comment="Description" />
    <Text Key="colEdit" Text="Modifica" Comment="Edit" />
    <Text Key="colExport" Text="Esporta" Comment="Export" />
    <Text Key="labelListPassword" Text="Lista delle Password Personali:" Comment="Private List Password:" />
    <Text Key="labelFailedServerList" Text="Impossibile recuperare la lista dei Server!" Comment="Failed to get Server List!" />
    <Text Key="groupLocal" Text="Condivisioni Locali" Comment="Local Shares" />
    <Text Key="groupInternet" Text="Condivisioni Internet" Comment="Internet Shares" />
  </Texts>
</TR>