<?xml version="1.0"?>
<TR xmlns:xsd="http://www.w3.org/2001/XMLSchema" xmlns:xsi="http://www.w3.org/2001/XMLSchema-instance" Name="PasswordDialog" CultureName="it">
  <Texts>
    <Text Key="btCancel" Text="&amp;Annulla" Comment="&amp;Cancel" />
    <Text Key="btOK" Text="&amp;OK" Comment="&amp;OK" />
    <Text Key="chkRemember" Text="Ricorda per questo Server" Comment="Remember for this server" />
    <Text Key="labelPassword" Text="Password:" Comment="Password:" />
    <Text Key="lblDescription" Text="E' richiesta una password per la Libreria remota:" Comment="A password is needed for the remote library:" />
    <Text Key="PasswordDialog" Text="Password" Comment="Password" />
  </Texts>
</TR>