<?xml version="1.0"?>
<TR xmlns:xsd="http://www.w3.org/2001/XMLSchema" xmlns:xsi="http://www.w3.org/2001/XMLSchema-instance" Name="PendingTasksDialog" CultureName="it">
  <Texts>
    <Text Key="btOk" Text="OK" Comment="OK" />
    <Text Key="colTask" Text="Attività" Comment="Task" />
    <Text Key="colState" Text="Stato" Comment="State" />
    <Text Key="lblItemCount" Text="{0} Attività in corso" Comment="{0} Tasks are pending" />
    <Text Key="PendingTasksDialog" Text="Attività in Background in corso" Comment="Pending Background Tasks" />
    <Text Key="btAbort" Text="Annulla tutte le Operazioni Utente" Comment="Abort all User Tasks" />
  </Texts>
</TR>