<?xml version="1.0"?>
<TR xmlns:xsd="http://www.w3.org/2001/XMLSchema" xmlns:xsi="http://www.w3.org/2001/XMLSchema-instance" Name="TasksDialog" CultureName="it">
  <Texts>
    <Text Key="btClose" Text="Chiudi" Comment="Close" />
    <Text Key="tabTasks" Text="Attività in Background" Comment="Background Tasks" />
    <Text Key="tabNetwork" Text="Statistiche Server" Comment="Server Statistics" />
    <Text Key="colTask" Text="Attività" Comment="Task" />
    <Text Key="colState" Text="Stato" Comment="State" />
    <Text Key="lblItemCount" Text="{0} Attività in corso" Comment="{0} Tasks are pending" />
    <Text Key="TasksDialog" Text="Attività" Comment="Tasks" />
    <Text Key="btAbort" Text="Annulla tutte le Operazioni Utente" Comment="Abort all User Tasks" />
    <Text Key="Clients" Text="Ospiti: {0}" Comment="Clients: {0}" />
    <Text Key="Info" Text="Informazioni: {0}" Comment="Info Requests: {0}" />
    <Text Key="Library" Text="Richieste Libreria: {0}/{1}" Comment="Library Requests: {0}/{1}" />
    <Text Key="Page" Text="Richesta Pagina: {0}/{1}" Comment="Page Requests: {0}/{1}" />
    <Text Key="Thumbnail" Text="Miniature Richieste: {0}/{1}" Comment="Thumbnail Requests: {0}/{1}" />
    <Text Key="FailedAuth" Text="Autenticazioni fallite: {0}" Comment="Failed Authentications: {0}" />
    <Text Key="AllShares" Text="Tutte le Condivisioni" Comment="All Shares" />
    <Text Key="LastMinute" Text="Ultimo Minuto" Comment="Last Minute" />
    <Text Key="Last5Minutes" Text="Ultimi 5 Minuti" Comment="Last 5 Minutes" />
    <Text Key="LastHour" Text="Ultima Ora" Comment="Last Hour" />
    <Text Key="Session" Text="Sessione" Comment="Session" />
  </Texts>
</TR>