<?xml version="1.0"?>
<TR xmlns:xsd="http://www.w3.org/2001/XMLSchema" xmlns:xsi="http://www.w3.org/2001/XMLSchema-instance" Name="ComicBook" CultureName="pl">
  <Texts>
    <Text Key="Added" Text="Dodano: \t{0}" Comment="Added:\t{0}" />
    <Text Key="Format" Text="Format:\t{0}" Comment="Format:\t{0}" />
    <Text Key="LastPageReadIs" Text="Ostatnio czytano stronę: {0}" Comment="Last page read is {0}" />
    <Text Key="LastTimeOpenedAt" Text="Otworzono {0}" Comment="Last time opened at {0}" />
    <Text Key="Library" Text="Biblioteka" Comment="Library" />
    <Text Key="MyFavoritesList" Text="Ulubione" Comment="My Favorites" />
    <Text Key="Never" Text="Nigdy" Comment="never" />
    <Text Key="NeverReadList" Text="Nieczytane" Comment="Never Read" />
    <Text Key="NoInformation" Text="Brak Informacji" Comment="No information available" />
    <Text Key="None" Text="Nic" Comment="None" />
    <Text Key="Of" Text="z" Comment="of" />
    <Text Key="Opened" Text="Otworzono:\t{0}" Comment="Opened:\t{0}" />
    <Text Key="Pages" Text="{0}" Comment="{0} Page(s)" />
    <Text Key="PageSize" Text="Wymiary:\t{0}" Comment="Size:\t{0}" />
    <Text Key="PageText" Text="Strona #{0}" Comment="Page #{0}" />
    <Text Key="ReadingAtPage" Text="Aktualna Strona {0}" Comment="Reading at page {0}" />
    <Text Key="ReadingList" Text="Aktualnie Czytane" Comment="Reading" />
    <Text Key="ReadList" Text="Przeczytane" Comment="Read" />
    <Text Key="RecentlyAddedList" Text="Ostatnio Dodane" Comment="Recently Added" />
    <Text Key="RecentlyReadList" Text="Ostatnio Czytane" Comment="Recently Read" />
    <Text Key="Resolution" Text="Rozdzielczość:\t{0} x {1}" Comment="Resolution:\t{0} x {1}" />
    <Text Key="Size" Text="Rozmiar:\t{0}/{1}" Comment="Size:\t{0}/{1}" />
    <Text Key="SmartLists" Text="Smart Listy" Comment="Smart Lists" />
    <Text Key="UnknownSize" Text="Nieznany rozmiar" Comment="Unknown Size" />
    <Text Key="Volume" Text="V{0}" Comment="V{0}" />
    <Text Key="Unknown" Text="Nieznane" Comment="Unknown" />
    <Text Key="FilesUpdateList" Text="Pliki do aktualizacji" Comment="Files to update" />
    <Text Key="TempLists" Text="Tymczasowe Listy" Comment="Temporary Lists" />
    <Text Key="FileName" Text="Plik:\t{0}" Comment="File:\t{0}" />
    <Text Key="Bookmark" Text="Zakładka: {0}" Comment="Bookmark:\t{0}" />
    <Text Key="Rotation" Text="Rotacja: {0}" Comment="Rotation:\t{0}" />
    <Text Key="BookCount" Text="Komiksów:\t{0}" Comment="Books:\t{0}" />
    <Text Key="Released" Text="Ost. Wydano:\t{0}" Comment="Released:\t{0}" />
  </Texts>
</TR>