<?xml version="1.0"?>
<TR xmlns:xsd="http://www.w3.org/2001/XMLSchema" xmlns:xsi="http://www.w3.org/2001/XMLSchema-instance" Name="DisplaySetupDialog" CultureName="pl">
  <Texts>
    <Text Key="btCancel" Text="&amp;Anuluj" Comment="&amp;Cancel" />
    <Text Key="btOK" Text="&amp;OK" Comment="&amp;OK" />
    <Text Key="btApply" Text="&amp;Zastosuj" Comment="&amp;Apply" />
    <Text Key="chkPageMargin" Text="Dodaj margines wokół Stron" Comment="Leave margins around the pages" />
    <Text Key="labelPaging" Text="Zmiania Strony:" Comment="Page Transition:" />
    <Text Key="labelBackgroundColor" Text="Kolor:" Comment="Color:" />
    <Text Key="labelBackgroundType" Text="Typ:" Comment="Type:" />
    <Text Key="labelBackgroundTexture" Text="Tekstura:" Comment="Texture:" />
    <Text Key="cbBackgroundType.Item0" Text="Dostosuj tło do koloru Strony" Comment="Adjust Color to current Page" />
    <Text Key="cbBackgroundType.Item1" Text="Kolor" Comment="Color" />
    <Text Key="cbBackgroundType.Item2" Text="Tekstura" Comment="Texture" />
    <Text Key="cbPageTransition.Item0" Text="Brak Efektu" Comment="No Page Transition Effect" />
    <Text Key="cbPageTransition.Item1" Text="Przenikanie Stron" Comment="Page fades in" />
    <Text Key="cbPageTransition.Item2" Text="Przewijanie Poziomo" Comment="Page scrolls in horizontally" />
    <Text Key="cbPageTransition.Item3" Text="Przewijanie Pionowo" Comment="Page scrolls in vertically" />
    <Text Key="cbPageTransition.Item4" Text="Przewracanie Stron" Comment="Page Turn Effect" />
    <Text Key="grpGeneral" Text="Ogólne" Comment="General" />
    <Text Key="grpEffects" Text="Efekty" Comment="Effects" />
    <Text Key="grpBackground" Text="Tło" Comment="Background" />
    <Text Key="labelPaper" Text="Papier:" Comment="Paper:" />
    <Text Key="labelPaperStrength" Text="Siła:" Comment="Strength:" />
    <Text Key="cbPaperLayout.Item0" Text="Oryginalny" Comment="None" />
    <Text Key="cbPaperLayout.Item1" Text="Sąsiadująco" Comment="Tile" />
    <Text Key="cbPaperLayout.Item2" Text="Wyśrodkuj" Comment="Center" />
    <Text Key="cbPaperLayout.Item3" Text="Rozciągnij" Comment="Stretch" />
    <Text Key="cbPaperLayout.Item4" Text="Powiększ" Comment="Zoom" />
    <Text Key="cbTextureLayout.Item0" Text="Oryginalny" Comment="None" />
    <Text Key="cbTextureLayout.Item1" Text="Sąsiadująco" Comment="Tile" />
    <Text Key="cbTextureLayout.Item2" Text="Wyśrodkuj" Comment="Center" />
    <Text Key="cbTextureLayout.Item3" Text="Rozciągnij" Comment="Stretch" />
    <Text Key="cbTextureLayout.Item4" Text="Powiększ" Comment="Zoom" />
    <Text Key="ComicDisplaySettingsDialog" Text="Wygląd Stron" Comment="Book Display Settings" />
    <Text Key="chkRealisticPages" Text="Cienie na brzegach Stron" Comment="Realistic Page Display" />
  </Texts>
</TR>