<?xml version="1.0"?>
<TR xmlns:xsd="http://www.w3.org/2001/XMLSchema" xmlns:xsi="http://www.w3.org/2001/XMLSchema-instance" Name="ComicTextElements" CultureName="pl">
  <Texts>
    <Text Key="Caption" Text="Nagłówek" Comment="Caption" />
    <Text Key="CaptionWithoutTitle" Text="Nagłówek bez Tytułu" Comment="Caption without Title" />
    <Text Key="AlternateCaption" Text="Alternatywny Nagłówek" Comment="Alternate Caption" />
    <Text Key="Title" Text="Tytuł" Comment="Title" />
    <Text Key="ArtistInfo" Text="Twórcy" Comment="Artists" />
    <Text Key="Summary" Text="Podsumowanie" Comment="Summary" />
    <Text Key="FileSize" Text="Rozmiar Pliku" Comment="File Size" />
    <Text Key="Opened" Text="Otworzono" Comment="Opened" />
    <Text Key="FileName" Text="Nazwa Pliku" Comment="File Name" />
    <Text Key="FileFormat" Text="Format Pliku" Comment="File Format" />
    <Text Key="Added" Text="Dodano" Comment="Added" />
    <Text Key="PublisherAndImprint" Text="Wydawca i Imprint" Comment="Publischer and Imprint" />
    <Text Key="AgeRating" Text="Ograniczenie wiekowe" Comment="Age Rating" />
    <Text Key="Genre" Text="Gatunek" Comment="Genre" />
    <Text Key="CharactersAndTeams" Text="Postacie i Drużyny" Comment="Characters and Teams" />
    <Text Key="Locations" Text="Lokalizacje" Comment="Locations" />
    <Text Key="Notes" Text="Notatki" Comment="Notes" />
    <Text Key="PurchaseInformation" Text="Informacje o Zakupie" Comment="Purchase Information" />
    <Text Key="StorageInfoformation" Text="Sposób przechowywania" Comment="Storage Information" />
    <Text Key="CollectionStatus" Text="Status Egzemplarza" Comment="Collection Status" />
    <Text Key="Released" Text="Ost. Wydano" Comment="Released" />
  </Texts>
</TR>