<?xml version="1.0"?>
<TR xmlns:xsd="http://www.w3.org/2001/XMLSchema" xmlns:xsi="http://www.w3.org/2001/XMLSchema-instance" Name="CommandKeys" CultureName="pl">
  <Texts>
    <Text Key="A" Text="A" Comment="A" />
    <Text Key="Add" Text="Dodaj" Comment="Add" />
    <Text Key="Alt" Text="Alt" Comment="Alt" />
    <Text Key="B" Text="B" Comment="B" />
    <Text Key="C" Text="C" Comment="C" />
    <Text Key="Ctrl" Text="Ctrl" Comment="Ctrl" />
    <Text Key="D" Text="D" Comment="D" />
    <Text Key="D0" Text="Cyfra 0" Comment="D0" />
    <Text Key="D1" Text="Cyfra 1" Comment="D1" />
    <Text Key="D2" Text="Cyfra 2" Comment="D2" />
    <Text Key="D3" Text="Cyfra 3" Comment="D3" />
    <Text Key="D4" Text="Cyfra 4" Comment="D4" />
    <Text Key="D5" Text="Cyfra 5" Comment="D5" />
    <Text Key="D6" Text="Cyfra 6" Comment="D6" />
    <Text Key="D7" Text="Cyfra 7" Comment="D7" />
    <Text Key="D8" Text="Cyfra 8" Comment="D8" />
    <Text Key="D9" Text="Cyfra 9" Comment="D9" />
    <Text Key="Decimal" Text="[Num] ," Comment="Decimal" />
    <Text Key="Divide" Text="[Num] /" Comment="Divide" />
    <Text Key="Down" Text="Strzałka w Dół" Comment="Down" />
    <Text Key="E" Text="E" Comment="E" />
    <Text Key="End" Text="End" Comment="End" />
    <Text Key="Enter" Text="Enter" Comment="Enter" />
    <Text Key="Escape" Text="Escape" Comment="Escape" />
    <Text Key="F" Text="F" Comment="F" />
    <Text Key="G" Text="G" Comment="G" />
    <Text Key="H" Text="H" Comment="H" />
    <Text Key="Home" Text="Home" Comment="Home" />
    <Text Key="I" Text="I" Comment="I" />
    <Text Key="J" Text="J" Comment="J" />
    <Text Key="K" Text="K" Comment="K" />
    <Text Key="L" Text="L" Comment="L" />
    <Text Key="Left" Text="Strzałka w Lewo" Comment="Left" />
    <Text Key="M" Text="M" Comment="M" />
    <Text Key="MediaNextTrack" Text="Media - Następny Utwór" Comment="MediaNextTrack" />
    <Text Key="MediaPlayPause" Text="Media - Odtwórz Pauza" Comment="MediaPlayPause" />
    <Text Key="MediaPreviousTrack" Text="Media - Poprzedni Utwór" Comment="MediaPreviousTrack" />
    <Text Key="MediaStop" Text="Media - Zatrzymaj" Comment="MediaStop" />
    <Text Key="MouseButton4" Text="Mysz - Przycisk 4" Comment="MouseButton4" />
    <Text Key="MouseButton5" Text="Mysz - Przycisk 5" Comment="MouseButton5" />
    <Text Key="MouseDoubleButton4" Text="Mysz - Przycisk 4 (dwa razy)" Comment="MouseDoubleButton4" />
    <Text Key="MouseDoubleButton5" Text="Mysz - Przycisk 5 (dwa razy)" Comment="MouseDoubleButton5" />
    <Text Key="MouseDoubleLeft" Text="Mysz - Lewy Przycisk (dwa razy)" Comment="MouseDoubleLeft" />
    <Text Key="MouseDoubleMiddle" Text="Mysz- Środkowy Przycisk (dwa razy)" Comment="MouseDoubleMiddle" />
    <Text Key="MouseDoubleRight" Text="Mysz - Prawy Przycisk (dwa razy)" Comment="MouseDoubleRight" />
    <Text Key="MouseLeft" Text="Mysz - Lewy Przycisk" Comment="MouseLeft" />
    <Text Key="MouseMiddle" Text="Mysz - Środkowy Przycisk" Comment="MouseMiddle" />
    <Text Key="MouseRight" Text="Mysz - Prawy Przycisk" Comment="MouseRight" />
    <Text Key="MouseTiltLeft" Text="Mysz - Przesuń w Lewo" Comment="MouseTiltLeft" />
    <Text Key="MouseTiltRight" Text="Mysz - Przesuń w Prawo" Comment="MouseTiltRight" />
    <Text Key="MouseWheelDown" Text="Mysz - Rolka w Dół" Comment="MouseWheelDown" />
    <Text Key="MouseWheelUp" Text="Mysz - Rolka w Górę" Comment="MouseWheelUp" />
    <Text Key="Multiply" Text="[Num] *" Comment="Multiply" />
    <Text Key="N" Text="N" Comment="N" />
    <Text Key="None" Text="Brak" Comment="None" />
    <Text Key="NumPad0" Text="[Num] 0" Comment="NumPad0" />
    <Text Key="NumPad1" Text="[Num] 1" Comment="NumPad1" />
    <Text Key="NumPad2" Text="[Num] 2" Comment="NumPad2" />
    <Text Key="NumPad3" Text="[Num] 3" Comment="NumPad3" />
    <Text Key="NumPad4" Text="[Num] 4" Comment="NumPad4" />
    <Text Key="NumPad5" Text="[Num] 5" Comment="NumPad5" />
    <Text Key="NumPad6" Text="[Num] 6" Comment="NumPad6" />
    <Text Key="NumPad7" Text="[Num] 7" Comment="NumPad7" />
    <Text Key="NumPad8" Text="[Num] 8" Comment="NumPad8" />
    <Text Key="NumPad9" Text="[Num] 9" Comment="NumPad9" />
    <Text Key="O" Text="O" Comment="O" />
    <Text Key="P" Text="P" Comment="P" />
    <Text Key="PageDown" Text="PageDown" Comment="PageDown" />
    <Text Key="PageUp" Text="PageUp" Comment="PageUp" />
    <Text Key="Q" Text="Q" Comment="Q" />
    <Text Key="R" Text="R" Comment="R" />
    <Text Key="Right" Text="Strzałka w Prawo" Comment="Right" />
    <Text Key="S" Text="S" Comment="S" />
    <Text Key="Shift" Text="Shift" Comment="Shift" />
    <Text Key="Space" Text="Spacja" Comment="Space" />
    <Text Key="Subtract" Text="[Num] -" Comment="Subtract" />
    <Text Key="T" Text="T" Comment="T" />
    <Text Key="Tab" Text="Tab" Comment="Tab" />
    <Text Key="U" Text="U" Comment="U" />
    <Text Key="Up" Text="Strzałka w Górę" Comment="Up" />
    <Text Key="V" Text="V" Comment="V" />
    <Text Key="W" Text="W" Comment="W" />
    <Text Key="X" Text="X" Comment="X" />
    <Text Key="Y" Text="Y" Comment="Y" />
    <Text Key="Z" Text="Z" Comment="Z" />
    <Text Key="Zoom" Text="Powiększenie" Comment="Zoom" />
    <Text Key="Gesture1" Text="Gest Dotykowy 1" Comment="Gesture 1" />
    <Text Key="Gesture2" Text="Gest Dotykowy 2" Comment="Gesture 2" />
    <Text Key="Gesture3" Text="Gest Dotykowy 3" Comment="Gesture 3" />
    <Text Key="Gesture4" Text="Gest Dotykowy 4" Comment="Gesture 4" />
    <Text Key="Gesture5" Text="Gest Dotykowy 5" Comment="Gesture 5" />
    <Text Key="Gesture6" Text="Gest Dotykowy 6" Comment="Gesture 6" />
    <Text Key="Gesture7" Text="Gest Dotykowy 7" Comment="Gesture 7" />
    <Text Key="Gesture8" Text="Gest Dotykowy 8" Comment="Gesture 8" />
    <Text Key="Gesture9" Text="Gest Dotykowy 9" Comment="Gesture 9" />
    <Text Key="TouchPressAndTap" Text="Przycisk i puknięcie" Comment="Press and Tap" />
    <Text Key="TouchTwoFingerTap" Text="Puknięcie dwoma palcami" Comment="Two Finger Tap" />
    <Text Key="GestureDouble1" Text="Gest Podwójny 1" Comment="Gesture Double 1" />
    <Text Key="GestureDouble2" Text="Gest Podwójny 2" Comment="Gesture Double 2" />
    <Text Key="GestureDouble3" Text="Gest Podwójny 3" Comment="Gesture Double 3" />
    <Text Key="GestureDouble4" Text="Gest Podwójny 4" Comment="Gesture Double 4" />
    <Text Key="GestureDouble5" Text="Gest Podwójny 5" Comment="Gesture Double 5" />
    <Text Key="GestureDouble6" Text="Gest Podwójny 6" Comment="Gesture Double 6" />
    <Text Key="GestureDouble7" Text="Gest Podwójny 7" Comment="Gesture Double 7" />
    <Text Key="GestureDouble8" Text="Gest Podwójny 8" Comment="Gesture Double 8" />
    <Text Key="GestureDouble9" Text="Gest Podwójny 9" Comment="Gesture Double 9" />
    <Text Key="TouchTap" Text="Pacnięcie" Comment="Tap" />
    <Text Key="TouchDoubleTap" Text="Podwójne Pacnięcie" Comment="Double Tap" />
  </Texts>
</TR>