<?xml version="1.0"?>
<TR xmlns:xsd="http://www.w3.org/2001/XMLSchema" xmlns:xsi="http://www.w3.org/2001/XMLSchema-instance" Name="DeviceSelectDialog" CultureName="pl">
  <Texts>
    <Text Key="DeviceSelectDialog" Text="Wybierz Urządzenie" Comment="Select Device" />
    <Text Key="btCancel" Text="&amp;Anuluj" Comment="&amp;Cancel" />
    <Text Key="btOK" Text="&amp;OK" Comment="&amp;OK" />
    <Text Key="colName" Text="Nazwa" Comment="Name" />
    <Text Key="colModel" Text="Model" Comment="Model" />
    <Text Key="colSerial" Text="Nr Seryjny" Comment="Serial" />
  </Texts>
</TR>