<?xml version="1.0"?>
<TR xmlns:xsd="http://www.w3.org/2001/XMLSchema" xmlns:xsi="http://www.w3.org/2001/XMLSchema-instance" Name="ItemView" CultureName="pl">
  <Texts>
    <Text Key="AutoFitAllColumns" Text="Dopasuj Kolumny do Szerokości Okna" Comment="Auto Fit All Columns" />
    <Text Key="AutoSizeAllColumns" Text="Dopasuj Szerokość Wszystkich Kolumn" Comment="Auto Size All Columns" />
    <Text Key="AutoSizeColumn" Text="Dopasuj Szerokość Kolumny" Comment="Auto Size Column" />
    <Text Key="miArrange" Text="Sortuj wg" Comment="Arrange by" />
    <Text Key="miGroup" Text="Grupuj wg" Comment="Group by" />
    <Text Key="miStack" Text="Ułóż w Stos wg" Comment="Stack by" />
    <Text Key="miViewDetails" Text="Szczegóły" Comment="Details" />
    <Text Key="miViewMode" Text="Widok" Comment="View" />
    <Text Key="miViewThumbs" Text="Miniatury" Comment="Thumbnails" />
    <Text Key="miViewTiles" Text="Kafelki" Comment="Tiles" />
    <Text Key="NotGrouped" Text="Niepogrupowane" Comment="Not Grouped" />
    <Text Key="NotSorted" Text="Nie Posortowane" Comment="Not Sorted" />
    <Text Key="NotStacked" Text="Nie Ułożone w Stos" Comment="Not Stacked" />
    <Text Key="Layout" Text="Wygląd Listy" Comment="Layout" />
  </Texts>
</TR>