<?xml version="1.0"?>
<TR xmlns:xsd="http://www.w3.org/2001/XMLSchema" xmlns:xsi="http://www.w3.org/2001/XMLSchema-instance" Name="ListLayoutDialog" CultureName="pl">
  <Texts>
    <Text Key="btCancel" Text="&amp;Anuluj" Comment="&amp;Cancel" />
    <Text Key="btHideAll" Text="&amp;Wyczyść" Comment="&amp;Hide All" />
    <Text Key="btMoveDown" Text="W &amp;Dół" Comment="Move &amp;Down" />
    <Text Key="btMoveUp" Text="W &amp;Górę" Comment="Move &amp;Up" />
    <Text Key="btOK" Text="&amp;OK" Comment="&amp;OK" />
    <Text Key="btShowAll" Text="&amp;Wszystko" Comment="&amp;Show All" />
    <Text Key="chkHideCaption" Text="Nie Pokazuj Żadnego Tekstu" Comment="Do not show any Text" />
    <Text Key="labelSelectColumn" Text="Wybierz, które kolumny pokazywać:" Comment="Please select the columns you want to show:" />
    <Text Key="labelHint" Text="Rada: Możesz także zmienić wyświetlanie kolumn klikając prawym przyciskiem na ich nagłówek w przeglądarce." Comment="Hint: You can also change the displayed columns by right clicking on a column header." />
    <Text Key="labelFirstLine" Text="1. wiersz:" Comment="First Line:" />
    <Text Key="labelSecondLine" Text="2. wiersz:" Comment="Second Line:" />
    <Text Key="labelThirdLine" Text="3. wiersz:" Comment="Third Line:" />
    <Text Key="labelSelectThumbnailText" Text="Wybierz, jakie informacje pokazywać pod miniaturami:" Comment="Please select the text you want to display below the thumbnails:" />
    <Text Key="tabDetails" Text="Szczegóły" Comment="Details" />
    <Text Key="tabThumbnails" Text="Miniatury" Comment="Thumbnails" />
    <Text Key="ListLayoutDialog" Text="Ustawienia Wyglądu Listy" Comment="List Options" />
    <Text Key="colName" Text="Nazwa" Comment="Name" />
    <Text Key="colDescription" Text="Opis" Comment="Description" />
    <Text Key="btApply" Text="&amp;Zastosuj" Comment="&amp;Apply" />
    <Text Key="tabTiles" Text="Kafelki" Comment="Tiles" />
    <Text Key="btTilesDefault" Text="Standardowe" Comment="Default" />
  </Texts>
</TR>