<?xml version="1.0"?>
<TR xmlns:xsd="http://www.w3.org/2001/XMLSchema" xmlns:xsi="http://www.w3.org/2001/XMLSchema-instance" Name="PasswordDialog" CultureName="pl">
  <Texts>
    <Text Key="btCancel" Text="&amp;Anuluj" Comment="&amp;Cancel" />
    <Text Key="btOK" Text="&amp;OK" Comment="&amp;OK" />
    <Text Key="chkRemember" Text="Zapamiętaj dla tego serwera" Comment="Remember for this server" />
    <Text Key="labelPassword" Text="Hasło:" Comment="Password:" />
    <Text Key="lblDescription" Text="Hasło jest wymagane dla zdalnej Biblioteki:" Comment="A password is needed for the remote library:" />
    <Text Key="PasswordDialog" Text="Hasło" Comment="Password" />
  </Texts>
</TR>