<?xml version="1.0"?>
<TR xmlns:xsd="http://www.w3.org/2001/XMLSchema" xmlns:xsi="http://www.w3.org/2001/XMLSchema-instance" Name="TasksDialog" CultureName="pl">
  <Texts>
    <Text Key="btClose" Text="Zamknij" Comment="Close" />
    <Text Key="tabTasks" Text="Zadania w Tle" Comment="Background Tasks" />
    <Text Key="tabNetwork" Text="Statystyki Serwerów" Comment="Server Statistics" />
    <Text Key="colTask" Text="Zadania" Comment="Task" />
    <Text Key="colState" Text="Stan" Comment="State" />
    <Text Key="lblItemCount" Text="{0} zadań w toku" Comment="{0} Tasks are pending" />
    <Text Key="TasksDialog" Text="Zadania" Comment="Tasks" />
    <Text Key="btAbort" Text="Przerwij wszystkie Zadania" Comment="Abort all User Tasks" />
    <Text Key="Clients" Text="Klienci: {0}" Comment="Clients: {0}" />
    <Text Key="Info" Text="Zapytania - Info: {0}" Comment="Info Requests: {0}" />
    <Text Key="Library" Text="Zapytania - Biblioteka: {0}/{1}" Comment="Library Requests: {0}/{1}" />
    <Text Key="Page" Text="Zapytania - Strony: {0}/{1}" Comment="Page Requests: {0}/{1}" />
    <Text Key="Thumbnail" Text="Zapytania - Miniatury: {0}/{1}" Comment="Thumbnail Requests: {0}/{1}" />
    <Text Key="FailedAuth" Text="Nieudane Autoryzacje: {0}" Comment="Failed Authentications: {0}" />
    <Text Key="AllShares" Text="Wszystkie Współdzielone" Comment="All Shares" />
    <Text Key="LastMinute" Text="Ostatnia Minuta" Comment="Last Minute" />
    <Text Key="Last5Minutes" Text="Ostatnie 5 Minut" Comment="Last 5 Minutes" />
    <Text Key="LastHour" Text="Ostatnia Godzina" Comment="Last Hour" />
    <Text Key="Session" Text="Sesja" Comment="Session" />
  </Texts>
</TR>