<?xml version="1.0"?>
<TR xmlns:xsd="http://www.w3.org/2001/XMLSchema" xmlns:xsi="http://www.w3.org/2001/XMLSchema-instance" Name="ComicListFolderFilesBrowser" CultureName="cs-CZ">
  <Texts>
    <Text Key="miAddFolderLibrary" Text="&amp;Přidat složku do Knihovny" Comment="&amp;Add Folder to Library" />
    <Text Key="miAddToFavorites" Text="&amp;Přidat složku k oblíbeným" Comment="&amp;Add Folder to Favorites" />
    <Text Key="miFavRefresh" Text="&amp;Aktualizovat" Comment="&amp;Refresh" />
    <Text Key="miOpenWindow" Text="&amp;Otevřít v novém okně" Comment="&amp;Open in New Window" />
    <Text Key="miRefresh" Text="&amp;Aktualizovat" Comment="&amp;Refresh" />
    <Text Key="miRemove" Text="&amp;Odstranit..." Comment="&amp;Remove..." />
    <Text Key="tbFavorites" Text="Ukázat oblíbené" Comment="Show Favorites" />
    <Text Key="tbFavorites.Tooltip" Text="Oblíbené" Comment="Favorites" />
    <Text Key="tbIncludeSubFolders" Text="Včetně všech podsložek" Comment="Include all Subfolders" />
    <Text Key="tbOpenWindow" Text="Nové okno" Comment="New Window" />
    <Text Key="tbOpenWindow.Tooltip" Text="Otevřít aktuální seznam v novém okně" Comment="Open current list in new Window" />
    <Text Key="tbRefresh" Text="Obnovit" Comment="Refresh" />
    <Text Key="miOpenTab" Text="&amp;Otevřít v novém panelu" Comment="&amp;Open in New Tab" />
    <Text Key="tbOpenTab" Text="Nový panel" Comment="New Tab" />
    <Text Key="tbOpenTab.Tooltip" Text="Otevřít aktuální seznam v novém panelu" Comment="Open current list in new Tab" />
  </Texts>
</TR>