<?xml version="1.0"?>
<TR xmlns:xsd="http://www.w3.org/2001/XMLSchema" xmlns:xsi="http://www.w3.org/2001/XMLSchema-instance" Name="ComicBook" CultureName="cs-CZ">
  <Texts>
    <Text Key="Added" Text="Přidáno:\t{0}" Comment="Added:\t{0}" />
    <Text Key="Format" Text="Formát:\t{0}" Comment="Format:\t{0}" />
    <Text Key="LastPageReadIs" Text="Poslední přečtená stránka je: {0}" Comment="Last page read is {0}" />
    <Text Key="LastTimeOpenedAt" Text="Naposledy otevřeno v: {0}" Comment="Last time opened at {0}" />
    <Text Key="Library" Text="Knihovna" Comment="Library" />
    <Text Key="MyFavoritesList" Text="Oblíbené" Comment="My Favorites" />
    <Text Key="Never" Text="nikdy" Comment="never" />
    <Text Key="NeverReadList" Text="Zatím nečteno" Comment="Never Read" />
    <Text Key="NoInformation" Text="Žádné informace nejsou k dispozici" Comment="No information available" />
    <Text Key="None" Text="Žádné" Comment="None" />
    <Text Key="Of" Text="z" Comment="of" />
    <Text Key="Opened" Text="Otevřeno:\t{0}" Comment="Opened:\t{0}" />
    <Text Key="Pages" Text="{0} stránek" Comment="{0} Page(s)" />
    <Text Key="PageSize" Text="Velikost:\t{0}" Comment="Size:\t{0}" />
    <Text Key="PageText" Text="Stránka #{0}" Comment="Page #{0}" />
    <Text Key="ReadingAtPage" Text="Čtete na stránce: {0}" Comment="Reading at page {0}" />
    <Text Key="ReadingList" Text="Čtení" Comment="Reading" />
    <Text Key="ReadList" Text="Přečteno" Comment="Read" />
    <Text Key="RecentlyAddedList" Text="Nedávno přidáno" Comment="Recently Added" />
    <Text Key="RecentlyReadList" Text="Nedávno čteno" Comment="Recently Read" />
    <Text Key="Resolution" Text="Rozlišení:\t{0} x {1}" Comment="Resolution:\t{0} x {1}" />
    <Text Key="Size" Text="Velikost:\t{0}/{1}" Comment="Size:\t{0}/{1}" />
    <Text Key="SmartLists" Text="Chytré seznamy" Comment="Smart Lists" />
    <Text Key="UnknownSize" Text="Neznámá velikost" Comment="Unknown Size" />
    <Text Key="Unknown" Text="Neznámý" Comment="Unknown" />
    <Text Key="Volume" Text="D{0}" Comment="V{0}" />
    <Text Key="FilesUpdateList" Text="Soubory k aktualizaci" Comment="Files to update" />
    <Text Key="FileName" Text="Soubor:\t{0}" Comment="File:\t{0}" />
    <Text Key="TempLists" Text="Dočasné seznamy" Comment="Temporary Lists" />
    <Text Key="Bookmark" Text="Záložka: {0}" Comment="Bookmark:\t{0}" />
    <Text Key="Rotation" Text="Otočení: {0}" Comment="Rotation:\t{0}" />
    <Text Key="BookCount" Text="Knih:\t{0}" Comment="Books:\t{0}" />
  </Texts>
</TR>