<?xml version="1.0"?>
<TR xmlns:xsd="http://www.w3.org/2001/XMLSchema" xmlns:xsi="http://www.w3.org/2001/XMLSchema-instance" Name="ExportComicsDialog" CultureName="cs-CZ">
  <Texts>
    <Text Key="grpExportLocation" Text="Umístění exportu" Comment="Export Location" />
    <Text Key="grpFileFormat" Text="Formát souboru" Comment="File Format" />
    <Text Key="grpPageFormat" Text="Formát stránky" Comment="Page Format" />
    <Text Key="grpFileNaming" Text="Pojmenování souboru" Comment="File Naming" />
    <Text Key="grpImageProcessing" Text="Zpracování obrazu" Comment="Image Processing" />
    <Text Key="btRemovePreset" Text="Odstranit" Comment="Remove" />
    <Text Key="labelExportTo" Text="Exportovat do:" Comment="Export to:" />
    <Text Key="cbExport.Item0" Text="Vybrat složku" Comment="Select a Folder" />
    <Text Key="cbExport.Item2" Text="Stejná složka jako originál a také nahradit v Knihovně" Comment="Same Folder and replace in Library" />
    <Text Key="cbExport.Item3" Text="Dotázat se před exportem" Comment="Ask before Export" />
    <Text Key="labelFolder" Text="Složka:" Comment="Folder:" />
    <Text Key="btChooseFolder" Text="Vybrat..." Comment="Choose..." />
    <Text Key="cbComicFormat.Item0" Text="Stejný jako originál" Comment="Same as Original" />
    <Text Key="labelCompression" Text="Komprese" Comment="Compression" />
    <Text Key="cbCompression.Item0" Text="Žádná" Comment="None" />
    <Text Key="cbCompression.Item1" Text="Střední" Comment="Medium" />
    <Text Key="cbCompression.Item2" Text="Silná" Comment="Strong" />
    <Text Key="labelRemovePageFilter" Text="Odstranit stránky:" Comment="Remove Pages:" />
    <Text Key="cbPageFormat.Item0" Text="Zahovat původní" Comment="Preserve Original" />
    <Text Key="labelPageQuality" Text="Kvalita:" Comment="Quality:" />
    <Text Key="labelPageResize" Text="Změnit velikost:" Comment="Resize:" />
    <Text Key="cbPageResize.Item0" Text="Zahovat původní" Comment="Preserve Original" />
    <Text Key="cbPageResize.Item1" Text="Přizpůsobit výšku a šířku" Comment="Best fit Width &amp; Height" />
    <Text Key="cbPageResize.Item2" Text="Nastavit šířku" Comment="Set Width" />
    <Text Key="cbPageResize.Item3" Text="Nastavit výšku" Comment="Set Height" />
    <Text Key="labelX" Text="x" Comment="x" />
    <Text Key="chkDontEnlarge" Text="Nezvětšovat" Comment="Don't enlarge" />
    <Text Key="chkSplitDouble" Text="Rozdělit dvoustránky" Comment="Split Double Pages" />
    <Text Key="SelectExportFolder" Text="Vyberte prosím složku pro export" Comment="Please select the Export Folder" />
    <Text Key="btCancel" Text="&amp;Storno" Comment="&amp;Cancel" />
    <Text Key="btOK" Text="&amp;OK" Comment="&amp;OK" />
    <Text Key="labelNamingTemplate" Text="Šablona:" Comment="Template:" />
    <Text Key="labelCustomNaming" Text="Vlastní:" Comment="Custom:" />
    <Text Key="labelCustomStartIndex" Text="Start:" Comment="Start:" />
    <Text Key="cbNamingTemplate.Item0" Text="Jméno souboru" Comment="Filename" />
    <Text Key="cbNamingTemplate.Item2" Text="Vlastní" Comment="Custom" />
    <Text Key="chkOverwrite" Text="Přepsat existující soubory" Comment="Overwrite existing Files" />
    <Text Key="chkCombine" Text="Kombinovat vybrané složky" Comment="Combine selected Files" />
    <Text Key="ComicRackExportPresets" Text="Předvolby ComicRacku" Comment="ComicRack Presets" />
    <Text Key="UserExportPresets" Text="Uživatelské nastavení" Comment="User Presets" />
    <Text Key="labelSharpening" Text="Doostření" Comment="Sharpening" />
    <Text Key="chkAutoContrast" Text="Automatické zvýšení kontrastu" Comment="Automatic Contrast Enhancement" />
    <Text Key="labelSaturation" Text="Sytost" Comment="Saturation" />
    <Text Key="labelBrightness" Text="Jas" Comment="Brightness" />
    <Text Key="labelContrast" Text="Kontrast" Comment="Contrast" />
    <Text Key="labelImagProcessingSource" Text="Zdroj:" Comment="Source:" />
    <Text Key="labelImageProcessingCustom" Text="Vlastní:" Comment="Custom:" />
    <Text Key="cbImageProcessingSource.Item0" Text="Vlastní nastavení" Comment="Custom Settings" />
    <Text Key="chkIgnoreErrorPages" Text="Ignorovat chybné stránky a pokračovat v exportu" Comment="Ignore Pages with errors and continue export" />
    <Text Key="btSavePreset" Text="Uložit předvolbu..." Comment="Save Preset..." />
    <Text Key="labelIncludePages" Text="Zahrnout stránky:" Comment="Include Pages:" />
    <Text Key="ExportComicsDialog" Text="Exportovat eKomiksy" Comment="Export Books" />
    <Text Key="cbExport.Item1" Text="Stejná složka jako má originální eKomiks" Comment="Same Folder as the original Book" />
    <Text Key="chkDeleteOriginal" Text="Smazat originál eKomiksu po úspěšném exportu" Comment="Delete original Book after successful Export" />
    <Text Key="chkAddNewToLibrary" Text="Přidat nově vytvořený eKomiks do knihovny" Comment="Add newly created Book to Library" />
    <Text Key="labelComicFormat" Text="Formát eKomiksu:" Comment="Format:" />
    <Text Key="chkEmbedComicInfo" Text="Vnořit info o eKomiksu" Comment="Embed Book Info" />
    <Text Key="labelPageFormat" Text="Formát stránky" Comment="Format:" />
    <Text Key="cbNamingTemplate.Item1" Text="Titulek eKomiksu" Comment="Book Caption" />
    <Text Key="labelGamma" Text="Gamma" Comment="Gamma" />
    <Text Key="cbImageProcessingSource.Item1" Text="Použít nastavení eKomiksu" Comment="Book settings are applied" />
  </Texts>
</TR>