<?xml version="1.0"?>
<TR xmlns:xsd="http://www.w3.org/2001/XMLSchema" xmlns:xsi="http://www.w3.org/2001/XMLSchema-instance" Name="Groups" CultureName="cs-CZ">
  <Texts>
    <Text Key="AlphabetGroups" Text="0-9|A|B|C|D|E|F|G|H|I|J|K|L|M|N|O|P|Q|R|S|T|U|V|W|X|Y|Z|Ostatní" Comment="0-9|A|B|C|D|E|F|G|H|I|J|K|L|M|N|O|P|Q|R|S|T|U|V|W|X|Y|Z|Other" />
    <Text Key="CountGroups" Text="0-20|21-50|51-100|101-200|201-500|501-1000|&gt;1000|Nedefinováno" Comment="0-20|21-50|51-100|101-200|201-500|501-1000|&gt;1000|Unspecified" />
    <Text Key="RatingGroups" Text="Nehodnoceno|Žádná hvězdička|1 hvězdička|2 hvězdičky|3 hvězdičky|4 hvězdičky|5 hvězdiček" Comment="Not Rated|No Stars|1 Star|2 Stars|3 Stars|4 Stars|5 Stars" />
    <Text Key="ReadPercentageGroups" Text="Zatím nečteno|0%|10%|20%|30%|40%|50%|60%|70%|80%|90%|Kompletně dočteno" Comment="Not Read|0%|10%|20%|30%|40%|50%|60%|70%|80%|90%|Completed" />
    <Text Key="SizeGroups" Text="Prázdný|Velmi malý|Malý|Střední|Velký|Velmi velký" Comment="Empty|Very Small|Small|Medium|Big|Huge" />
    <Text Key="VolumeGroups" Text="Žádný|V{0}|Jiný" Comment="None|V{0}|Other" />
    <Text Key="MangaGroups" Text="Manga|Bez mangy|Neznámé" Comment="Manga|No Manga|Unknown" />
    <Text Key="BWGroups" Text="Černobílý|Barevný|Neznámý" Comment="Black and White|Color|Unknown" />
    <Text Key="LinkedGroups" Text="Navázáno na soubor|Nenavázáno na soubor" Comment="Linked to File|Not linked to File" />
    <Text Key="PriceGroups" Text="Neznámá|Zdarma|0-10|10-20|20-30|30-40|40-50|50-100|více než 100" Comment="Unknown|Free|0-10|10-20|20-30|30-40|40-50|50-100|over 100" />
    <Text Key="DateGroups" Text="Nikdy|Dnes|Včera|Před 2 dny|Před 3 dny|Tento týden|Minulý týden|Před 2 týdny|Před 3 týdny|Tento měsíc|Minulý měsíc|Před 2 měsici|Před 3 měsíci|Před 4 měsící|Před 5 měsíci|Před půl rokem|Tento rok|Minulý rok|Před 2 lety|Před 3 lety|Starší než 3 roky" Comment="Never|Today|Yesterday|Two Days Ago|Three Days Ago|This Week|Last Week|Two Weeks Ago|Three Weeks Ago|This Month|Last Month|Two Months ago|Three Months ago|Four Months ago|Five Months ago|Six Months ago|This Year|Last Year|Two Years ago|Three Years ago|Older than Three Years|Next Year|In the Future" />
    <Text Key="SeriesCompleteGroups" Text="Série je kompletní|Série není kompletní|Neznámé" Comment="Series complete|Series not complete|Unknown" />
    <Text Key="EnableProposedGroups" Text="Navrhované hodnoty použity|Navrhované hodnoty nepoužity" Comment="Proposed Values used|Proposed Values no used" />
    <Text Key="HasBeenReadGroups" Text="Čteno|Nečteno" Comment="Read|Unread" />
    <Text Key="CheckedGroups" Text="Označeno|Neoznačeno" Comment="Checked|Not Checked" />
  </Texts>
</TR>