<?xml version="1.0"?>
<TR xmlns:xsd="http://www.w3.org/2001/XMLSchema" xmlns:xsi="http://www.w3.org/2001/XMLSchema-instance" Name="KeyboardShortcutEditor" CultureName="cs-CZ">
  <Texts>
    <Text Key="chkAlt1" Text="Alt" Comment="Alt" />
    <Text Key="chkAlt2" Text="Alt" Comment="Alt" />
    <Text Key="chkCtrl1" Text="Ctrl" Comment="Ctrl" />
    <Text Key="chkCtrl2" Text="Ctrl" Comment="Ctrl" />
    <Text Key="chkShift1" Text="Shift" Comment="Shift" />
    <Text Key="chkShift2" Text="Shift" Comment="Shift" />
    <Text Key="colAction" Text="Akce" Comment="Action" />
    <Text Key="colKeys" Text="Klávesy" Comment="Keys" />
    <Text Key="labelAlternateKey" Text="Alternativní:" Comment="Alternate:" />
    <Text Key="labelMainKey" Text="Hlavní:" Comment="Main:" />
    <Text Key="NothingSelected" Text="Není vybrána žádná akce" Comment="No action selected" />
    <Text Key="chkAlt3" Text="Alt" Comment="Alt" />
    <Text Key="chkCtrl3" Text="Ctrl" Comment="Ctrl" />
    <Text Key="chkShift3" Text="Shift" Comment="Shift" />
    <Text Key="labelAlternate2Key" Text="Alternativní:" Comment="Alternate:" />
    <Text Key="GetKeyCaption" Text="Stisk klávesy" Comment="Press Key" />
    <Text Key="GetKeyDescription" Text="Stiskněte požadovanou kombinaci kláves nebo zavřete okno" Comment="Press your key combination or close this window" />
  </Texts>
</TR>