<?xml version="1.0"?>
<TR xmlns:xsd="http://www.w3.org/2001/XMLSchema" xmlns:xsi="http://www.w3.org/2001/XMLSchema-instance" Name="ListLayoutDialog" CultureName="cs-CZ">
  <Texts>
    <Text Key="btCancel" Text="&amp;Storno" Comment="&amp;Cancel" />
    <Text Key="btHideAll" Text="&amp;Schovat vše" Comment="&amp;Hide All" />
    <Text Key="btMoveDown" Text="Posun &amp;níže" Comment="Move &amp;Down" />
    <Text Key="btMoveUp" Text="Posun &amp;výše" Comment="Move &amp;Up" />
    <Text Key="btOK" Text="&amp;OK" Comment="&amp;OK" />
    <Text Key="btShowAll" Text="&amp;Ukázat vše" Comment="&amp;Show All" />
    <Text Key="chkHideCaption" Text="Nezobrazovat žádný text" Comment="Do not show any Text" />
    <Text Key="labelSelectColumn" Text="Vyberte prosím sloupce, které chcete zobrazit:" Comment="Please select the columns you want to show:" />
    <Text Key="labelHint" Text="Tip: Zobrazené sloupce můžete měnit také pravým kliknutím na záhlaví" Comment="Hint: You can also change the displayed columns by right clicking on a column header." />
    <Text Key="labelFirstLine" Text="První řádek:" Comment="First Line:" />
    <Text Key="labelSecondLine" Text="Druhý řádek:" Comment="Second Line:" />
    <Text Key="labelThirdLine" Text="Třetí řádek:" Comment="Third Line:" />
    <Text Key="labelSelectThumbnailText" Text="Vyberte prosím text, který chcete zobrazit pod miniaturami:" Comment="Please select the text you want to display below the thumbnails:" />
    <Text Key="ListLayoutDialog" Text="Nastavení seznamu" Comment="List Options" />
    <Text Key="tabDetails" Text="Detaily" Comment="Details" />
    <Text Key="tabThumbnails" Text="Miniatury" Comment="Thumbnails" />
    <Text Key="colName" Text="Jméno" Comment="Name" />
    <Text Key="colDescription" Text="Popis" Comment="Description" />
    <Text Key="btApply" Text="Použít" Comment="&amp;Apply" />
    <Text Key="tabTiles" Text="Dlaždice" Comment="Tiles" />
    <Text Key="btTilesDefault" Text="Výchozí" Comment="Default" />
  </Texts>
</TR>