<?xml version="1.0"?>
<TR xmlns:xsd="http://www.w3.org/2001/XMLSchema" xmlns:xsi="http://www.w3.org/2001/XMLSchema-instance" Name="NetStatsDialog" CultureName="cs-CZ">
  <Texts>
    <Text Key="NetStatsDialog" Text="Statistiky serveru" Comment="Server Statistics" />
    <Text Key="Clients" Text="Klientů: {0}" Comment="Clients: {0}" />
    <Text Key="Info" Text="Informačních dotazů: {0}" Comment="Info Requests: {0}" />
    <Text Key="Library" Text="Dotazů na Knihovnu: {0}/{1}" Comment="Library Requests: {0}/{1}" />
    <Text Key="Page" Text="Dotazů na stránku: {0}/{1}" Comment="Page Requests: {0}/{1}" />
    <Text Key="Thumbnail" Text="Dotazů na miniatury: {0}/{1}" Comment="Thumbnail Requests: {0}/{1}" />
    <Text Key="FailedAuth" Text="Autentifikací selhalo: {0}" Comment="Failed Authentications: {0}" />
    <Text Key="AllShares" Text="Všechna sdílení" Comment="All Shares" />
    <Text Key="LastMinute" Text="Poslední minuta" Comment="Last Minute" />
    <Text Key="Last5Minutes" Text="Posledních 5 minut" Comment="Last 5 Minutes" />
    <Text Key="LastHour" Text="Poslední hodina" Comment="Last Hour" />
    <Text Key="Session" Text="Sezení" Comment="Session" />
  </Texts>
</TR>