<?xml version="1.0"?>
<TR xmlns:xsd="http://www.w3.org/2001/XMLSchema" xmlns:xsi="http://www.w3.org/2001/XMLSchema-instance" Name="PasswordDialog" CultureName="cs-CZ">
  <Texts>
    <Text Key="btCancel" Text="&amp;Storno" Comment="&amp;Cancel" />
    <Text Key="btOK" Text="&amp;OK" Comment="&amp;OK" />
    <Text Key="chkRemember" Text="Zapamatovat pro tento server" Comment="Remember for this server" />
    <Text Key="labelPassword" Text="Heslo:" Comment="Password:" />
    <Text Key="lblDescription" Text="Pro vzdálenou Knihovnu je zapotřebí heslo:" Comment="A password is needed for the remote library:" />
    <Text Key="PasswordDialog" Text="Heslo" Comment="Password" />
  </Texts>
</TR>