<?xml version="1.0"?>
<TR xmlns:xsd="http://www.w3.org/2001/XMLSchema" xmlns:xsi="http://www.w3.org/2001/XMLSchema-instance" Name="Script.NewComics" CultureName="cs-CZ">
  <Texts>
    <Text Key="btOK" Text="&amp;OK" Comment="&amp;OK" />
    <Text Key="btCancel" Text="&amp;Storno" Comment="&amp;Cancel" />
    <Text Key="labelSeries" Text="Série:" Comment="Series:" />
    <Text Key="labelFromNumber" Text="Číslo:" Comment="Number:" />
    <Text Key="labelToNumber" Text="až" Comment="to" />
    <Text Key="labelVolume" Text="Díl:" Comment="Volume:" />
    <Text Key="Description" Text="Přidá novou komiksovou sérii" Comment="Adds a new Series of Books" />
    <Text Key="Name" Text="Nová prázdná komiksová série..." Comment="New fileless Book Series..." />
    <Text Key="Caption" Text="Nová prízdná komiksová série" Comment="New fileless Book Series" />
  </Texts>
</TR>