<?xml version="1.0"?>
<TR xmlns:xsd="http://www.w3.org/2001/XMLSchema" xmlns:xsi="http://www.w3.org/2001/XMLSchema-instance" Name="Script.SearchAndReplace" CultureName="cs-CZ">
  <Texts>
    <Text Key="Cancel" Text="&amp;Storno" Comment="&amp;Cancel" />
    <Text Key="OK" Text="&amp;OK" Comment="&amp;OK" />
    <Text Key="Caption" Text="Vyhledat a nahradit..." Comment="Search and Replace..." />
    <Text Key="Name" Text="Vyhledat a nahradit..." Comment="Search and Replace..." />
    <Text Key="labelField" Text="Údaj:" Comment="Fields:" />
    <Text Key="labelSearch" Text="Najít:" Comment="Search:" />
    <Text Key="labelReplace" Text="Nahradit" Comment="Replace" />
    <Text Key="Description" Text="Skript, který vyhledá a nahradí hodnoty v eKomiksech" Comment="A script to to search and replace values in Books" />
  </Texts>
</TR>