<?xml version="1.0"?>
<TR xmlns:xsd="http://www.w3.org/2001/XMLSchema" xmlns:xsi="http://www.w3.org/2001/XMLSchema-instance" Name="TextBoxContextMenu" CultureName="cs-CZ">
  <Texts>
    <Text Key="miUndo" Text="Vrátit" Comment="Undo" />
    <Text Key="miCut" Text="Vyjmout" Comment="Cut" />
    <Text Key="miCopy" Text="Kopírovat" Comment="Copy" />
    <Text Key="miPaste" Text="Vložit" Comment="Paste" />
    <Text Key="miDelete" Text="Smazat" Comment="Delete" />
    <Text Key="miSelectAll" Text="Vybrat vše" Comment="Select All" />
  </Texts>
</TR>