<?xml version="1.0"?>
<TR xmlns:xsi="http://www.w3.org/2001/XMLSchema-instance" xmlns:xsd="http://www.w3.org/2001/XMLSchema" Name="ComicBookDialog" CultureName="zh-CN">
  <Texts>
    <Text Key="btCancel" Text="取消(&amp;C)" Comment="&amp;Cancel" />
    <Text Key="btNext" Text="下一个(&amp;N)" Comment="&amp;Next" />
    <Text Key="btOK" Text="确定(&amp;O)" Comment="&amp;OK" />
    <Text Key="btResetPages" Text="重置" Comment="Reset" />
    <Text Key="btResetColors" Text="重置" Comment="Reset" />
    <Text Key="btPrev" Text="上一个(&amp;P)" Comment="&amp;Previous" />
    <Text Key="chkMangaStyle" Text="漫画类型" Comment="Manga Style" />
    <Text Key="colImage" Text="图像" Comment="Image" />
    <Text Key="colKey" Text="按键" Comment="Key" />
    <Text Key="colPage" Text="页面" Comment="Page" />
    <Text Key="colType" Text="格式" Comment="Type" />
    <Text Key="ComicBookDialog" Text="信息" Comment="Info" />
    <Text Key="labelAlternateNumber" Text="话数:" Comment="Number:" />
    <Text Key="labelAlternateSeries" Text="其他系列或故事名:" Comment="Alternate Series or Storyline Title:" />
    <Text Key="labelBrightness" Text="亮度" Comment="Brightness" />
    <Text Key="labelColorist" Text="配色:" Comment="Colorist:" />
    <Text Key="labelContrast" Text="对比度" Comment="Contrast" />
    <Text Key="labelEditor" Text="编辑:" Comment="Editor:" />
    <Text Key="labelFormat" Text="格式:" Comment="Format:" />
    <Text Key="labelGenre" Text="体裁:" Comment="Genre:" />
    <Text Key="labelImprint" Text="出版品牌:" Comment="Imprint:" />
    <Text Key="labelInker" Text="描线员:" Comment="Inker:" />
    <Text Key="labelLanguage" Text="语言:" Comment="Language:" />
    <Text Key="labelLetterer" Text="嵌字:" Comment="Letterer:" />
    <Text Key="labelMonth" Text="月:" Comment="Month:" />
    <Text Key="labelNotes" Text="笔记:" Comment="Notes:" />
    <Text Key="labelNumber" Text="话数:" Comment="Number:" />
    <Text Key="labelOpened" Text="打开时间:" Comment="Opened:" />
    <Text Key="labelPages" Text="页数:" Comment="Pages:" />
    <Text Key="labelPenciller" Text="铅稿:" Comment="Penciller:" />
    <Text Key="labelPublisher" Text="出版社:" Comment="Publisher:" />
    <Text Key="labelSaturation" Text="饱和度" Comment="Saturation" />
    <Text Key="labelSeries" Text="系列:" Comment="Series:" />
    <Text Key="labelSummary" Text="摘要:" Comment="Summary:" />
    <Text Key="labelTags" Text="标签:" Comment="Tags:" />
    <Text Key="labelTitle" Text="标题:" Comment="Title:" />
    <Text Key="labelVolume" Text="卷数:" Comment="Volume:" />
    <Text Key="labelWhere" Text="位置:" Comment="Where:" />
    <Text Key="labelWriter" Text="脚本:" Comment="Writer:" />
    <Text Key="labelYear" Text="年:" Comment="Year:" />
    <Text Key="tabColors" Text="颜色" Comment="Colors" />
    <Text Key="tabPages" Text="页面" Comment="Pages" />
    <Text Key="tabSummary" Text="摘要" Comment="Summary" />
    <Text Key="pageViewer" Text="双击颜色以设置白点" Comment="Double Click on Color to set White Point" />
    <Text Key="labelPagesInfo" Text="拖拽可更改页面顺序,使用右键菜单可更改页面类型:" Comment="Change the page order with drag &amp; drop or use the context menu to change page types:" />
    <Text Key="labelType" Text="格式:" Comment="Type:" />
    <Text Key="labelBlackAndWhite" Text="黑白" Comment="Black and White" />
    <Text Key="labelManga" Text="漫画:" Comment="Manga:" />
    <Text Key="labelEnableProposed" Text="启用建议值:" Comment="Enable Proposed:" />
    <Text Key="labelAgeRating" Text="年龄分级" Comment="Age Rating" />
    <Text Key="tabPlot" Text="情节与笔记" Comment="Plot &amp; Notes" />
    <Text Key="labelCharacters" Text="角色:" Comment="Characters:" />
    <Text Key="labelAlternateCount" Text="共:" Comment="of:" />
    <Text Key="labelCoverArtist" Text="封面绘师:" Comment="Cover Artist:" />
    <Text Key="labelCount" Text="共:" Comment="of:" />
    <Text Key="labelSharpening" Text="锐化" Comment="Sharpening" />
    <Text Key="btPageView" Text="页面" Comment="Pages" />
    <Text Key="labelWeb" Text="网址:" Comment="Web:" />
    <Text Key="labelEnableDynamicUpdate" Text="更新包含:" Comment="Include in Updates:" />
    <Text Key="labelTeams" Text="组织:" Comment="Teams:" />
    <Text Key="labelLocations" Text="场景:" Comment="Locations:" />
    <Text Key="tabDetails" Text="详细信息" Comment="Details" />
    <Text Key="btLinkFile" Text="链接到文件..." Comment="Link to File..." />
    <Text Key="btThumbnail" Text="缩略图..." Comment="Thumbnail..." />
    <Text Key="labelMyRating" Text="我的评分:" Comment="My Rating:" />
    <Text Key="labelCommunityRating" Text="社群评分:" Comment="Community Rating:" />
    <Text Key="miResetThumbnail" Text="默认(&amp;D)" Comment="&amp;Default" />
    <Text Key="labelBookStore" Text="书店:" Comment="Store:" />
    <Text Key="labelBookOwner" Text="所有者:" Comment="Owner:" />
    <Text Key="labelBookLocation" Text="场景:" Comment="Location:" />
    <Text Key="labelBookAge" Text="书籍年代:" Comment="Age:" />
    <Text Key="labelBookCondition" Text="状况:" Comment="Condition:" />
    <Text Key="labelBookCollectionStatus" Text="收集状态:" Comment="Collection Status:" />
    <Text Key="labelBookNotes" Text="笔记:" Comment="Notes:" />
    <Text Key="labelBookPrice" Text="价格:" Comment="Price:" />
    <Text Key="tabCatalog" Text="概况" Comment="Catalog" />
    <Text Key="labelISBN" Text="ISBN:" Comment="ISBN:" />
    <Text Key="labelPagesAsTextSimple" Text="页数:" Comment="Pages:" />
    <Text Key="labelGamma" Text="伽马" Comment="Gamma" />
    <Text Key="labelOpenedTime" Text="打开/阅读时间:" Comment="Opened/Read:" />
    <Text Key="labelAddedTime" Text="已添加/已购买:" Comment="Added/Purchased:" />
    <Text Key="labelSeriesComplete" Text="系列已完结:" Comment="Series complete:" />
    <Text Key="chkShowImageControls" Text="图像控制" Comment="Image Controls" />
    <Text Key="labelScanInformation" Text="扫描信息:" Comment="Scan Information:" />
    <Text Key="labelStoryArc" Text="故事篇章:" Comment="Story Arc:" />
    <Text Key="labelSeriesGroup" Text="系列集合:" Comment="Series Group:" />
    <Text Key="labelMainCharacterOrTeam" Text="主要角色或组织:" Comment="Main Character/Team:" />
    <Text Key="tabPageReview" Text="评论" Comment="Review" />
    <Text Key="tabPageNotes" Text="笔记" Comment="Notes" />
    <Text Key="tabPageSummary" Text="摘要" Comment="Summary" />
  </Texts>
</TR>