<?xml version="1.0"?>
<TR xmlns:xsi="http://www.w3.org/2001/XMLSchema-instance" xmlns:xsd="http://www.w3.org/2001/XMLSchema" Name="CommandKeys" CultureName="zh-CN">
  <Texts>
    <Text Key="A" Text="A" Comment="A" />
    <Text Key="Add" Text="+" Comment="Add" />
    <Text Key="Alt" Text="Alt" Comment="Alt" />
    <Text Key="B" Text="B" Comment="B" />
    <Text Key="C" Text="C" Comment="C" />
    <Text Key="Ctrl" Text="Ctrl" Comment="Ctrl" />
    <Text Key="D" Text="D" Comment="D" />
    <Text Key="D0" Text="0" Comment="D0" />
    <Text Key="D1" Text="1" Comment="D1" />
    <Text Key="D2" Text="2" Comment="D2" />
    <Text Key="D3" Text="3" Comment="D3" />
    <Text Key="D4" Text="4" Comment="D4" />
    <Text Key="D5" Text="5" Comment="D5" />
    <Text Key="D6" Text="6" Comment="D6" />
    <Text Key="D7" Text="7" Comment="D7" />
    <Text Key="D8" Text="8" Comment="D8" />
    <Text Key="D9" Text="9" Comment="D9" />
    <Text Key="Decimal" Text="." Comment="Decimal" />
    <Text Key="Divide" Text="/" Comment="Divide" />
    <Text Key="Down" Text="↓" Comment="Down" />
    <Text Key="E" Text="E" Comment="E" />
    <Text Key="End" Text="End" Comment="End" />
    <Text Key="Enter" Text="Enter" Comment="Enter" />
    <Text Key="Escape" Text="Esc" Comment="Escape" />
    <Text Key="F" Text="F" Comment="F" />
    <Text Key="G" Text="G" Comment="G" />
    <Text Key="H" Text="H" Comment="H" />
    <Text Key="Home" Text="Home" Comment="Home" />
    <Text Key="I" Text="I" Comment="I" />
    <Text Key="J" Text="J" Comment="J" />
    <Text Key="K" Text="K" Comment="K" />
    <Text Key="L" Text="L" Comment="L" />
    <Text Key="Left" Text="←" Comment="Left" />
    <Text Key="M" Text="M" Comment="M" />
    <Text Key="MediaNextTrack" Text="Media Next Track" Comment="MediaNextTrack" />
    <Text Key="MediaPlayPause" Text="Media Play Pause" Comment="MediaPlayPause" />
    <Text Key="MediaPreviousTrack" Text="Media Previous Track" Comment="MediaPreviousTrack" />
    <Text Key="MediaStop" Text="Media Stop" Comment="MediaStop" />
    <Text Key="MouseButton4" Text="鼠标4键单击" Comment="MouseButton4" />
    <Text Key="MouseButton5" Text="鼠标5键单击" Comment="MouseButton5" />
    <Text Key="MouseDoubleButton4" Text="鼠标4键单击" Comment="MouseDoubleButton4" />
    <Text Key="MouseDoubleButton5" Text="鼠标5键双击" Comment="MouseDoubleButton5" />
    <Text Key="MouseDoubleLeft" Text="鼠标左键双击" Comment="MouseDoubleLeft" />
    <Text Key="MouseDoubleMiddle" Text="鼠标中键双击" Comment="MouseDoubleMiddle" />
    <Text Key="MouseDoubleRight" Text="鼠标右键双击" Comment="MouseDoubleRight" />
    <Text Key="MouseLeft" Text="鼠标左键单击" Comment="MouseLeft" />
    <Text Key="MouseMiddle" Text="鼠标中键单击" Comment="MouseMiddle" />
    <Text Key="MouseRight" Text="鼠标右键单击" Comment="MouseRight" />
    <Text Key="MouseTiltLeft" Text="鼠标滚轮左倾斜" Comment="MouseTiltLeft" />
    <Text Key="MouseTiltRight" Text="鼠标滚轮右倾斜" Comment="MouseTiltRight" />
    <Text Key="MouseWheelDown" Text="鼠标滚轮下滚" Comment="MouseWheelDown" />
    <Text Key="MouseWheelUp" Text="鼠标滚轮上滚" Comment="MouseWheelUp" />
    <Text Key="Multiply" Text="*" Comment="Multiply" />
    <Text Key="N" Text="N" Comment="N" />
    <Text Key="None" Text="无" Comment="None" />
    <Text Key="NumPad0" Text="小键盘0" Comment="NumPad0" />
    <Text Key="NumPad1" Text="小键盘1" Comment="NumPad1" />
    <Text Key="NumPad2" Text="小键盘2" Comment="NumPad2" />
    <Text Key="NumPad3" Text="小键盘3" Comment="NumPad3" />
    <Text Key="NumPad4" Text="小键盘4" Comment="NumPad4" />
    <Text Key="NumPad5" Text="小键盘5" Comment="NumPad5" />
    <Text Key="NumPad6" Text="小键盘6" Comment="NumPad6" />
    <Text Key="NumPad7" Text="小键盘7" Comment="NumPad7" />
    <Text Key="NumPad8" Text="小键盘8" Comment="NumPad8" />
    <Text Key="NumPad9" Text="小键盘9" Comment="NumPad9" />
    <Text Key="O" Text="O" Comment="O" />
    <Text Key="P" Text="P" Comment="P" />
    <Text Key="PageDown" Text="PageDown" Comment="PageDown" />
    <Text Key="PageUp" Text="PageUp" Comment="PageUp" />
    <Text Key="Q" Text="Q" Comment="Q" />
    <Text Key="R" Text="R" Comment="R" />
    <Text Key="Right" Text="→" Comment="Right" />
    <Text Key="S" Text="S" Comment="S" />
    <Text Key="Shift" Text="Shift" Comment="Shift" />
    <Text Key="Space" Text="空格" Comment="Space" />
    <Text Key="Subtract" Text="-" Comment="Subtract" />
    <Text Key="T" Text="T" Comment="T" />
    <Text Key="Tab" Text="Tab" Comment="Tab" />
    <Text Key="U" Text="U" Comment="U" />
    <Text Key="Up" Text="↑" Comment="Up" />
    <Text Key="V" Text="V" Comment="V" />
    <Text Key="W" Text="W" Comment="W" />
    <Text Key="X" Text="X" Comment="X" />
    <Text Key="Y" Text="Y" Comment="Y" />
    <Text Key="Z" Text="Z" Comment="Z" />
    <Text Key="Zoom" Text="Zoom" Comment="Zoom" />
    <Text Key="Gesture1" Text="Gesture 1" Comment="Gesture 1" />
    <Text Key="Gesture2" Text="Gesture 2" Comment="Gesture 2" />
    <Text Key="Gesture3" Text="Gesture 3" Comment="Gesture 3" />
    <Text Key="Gesture4" Text="Gesture 4" Comment="Gesture 4" />
    <Text Key="Gesture5" Text="Gesture 5" Comment="Gesture 5" />
    <Text Key="Gesture6" Text="Gesture 6" Comment="Gesture 6" />
    <Text Key="Gesture7" Text="Gesture 7" Comment="Gesture 7" />
    <Text Key="Gesture8" Text="Gesture 8" Comment="Gesture 8" />
    <Text Key="Gesture9" Text="Gesture 9" Comment="Gesture 9" />
    <Text Key="TouchPressAndTap" Text="按住并单击屏幕" Comment="Press and Tap" />
    <Text Key="TouchTwoFingerTap" Text="双指单击屏幕" Comment="Two Finger Tap" />
    <Text Key="GestureDouble1" Text="Gesture Double 1" Comment="Gesture Double 1" />
    <Text Key="GestureDouble2" Text="Gesture Double 2" Comment="Gesture Double 2" />
    <Text Key="GestureDouble3" Text="Gesture Double 3" Comment="Gesture Double 3" />
    <Text Key="GestureDouble4" Text="Gesture Double 4" Comment="Gesture Double 4" />
    <Text Key="GestureDouble5" Text="Gesture Double 5" Comment="Gesture Double 5" />
    <Text Key="GestureDouble6" Text="Gesture Double 6" Comment="Gesture Double 6" />
    <Text Key="GestureDouble7" Text="Gesture Double 7" Comment="Gesture Double 7" />
    <Text Key="GestureDouble8" Text="Gesture Double 8" Comment="Gesture Double 8" />
    <Text Key="GestureDouble9" Text="Gesture Double 9" Comment="Gesture Double 9" />
    <Text Key="TouchTap" Text="单击屏幕" Comment="Tap" />
    <Text Key="TouchDoubleTap" Text="双击屏幕" Comment="Double Tap" />
  </Texts>
</TR>