<?xml version="1.0"?>
<TR xmlns:xsi="http://www.w3.org/2001/XMLSchema-instance" xmlns:xsd="http://www.w3.org/2001/XMLSchema" Name="CrashDialog" CultureName="zh-CN">
  <Texts>
    <Text Key="labelMessage" Text="请提交以下报告以帮助改进ComicRack. 此报告不包含任何可以识别您的身份的信息." Comment="Please help to make ComicRack a better application by submitting the follwing report. This report does not contain any data that could identify you." />
    <Text Key="chkSubmit" Text="提交" Comment="Submit" />
    <Text Key="btDetails" Text="详细信息" Comment="Details" />
    <Text Key="btResume" Text="尝试继续" Comment="Try Resume" />
    <Text Key="btRestart" Text="重启" Comment="Restart" />
    <Text Key="btExit" Text="退出" Comment="Exit" />
    <Text Key="CrashDialog" Text="ComicRack遇到一个问题..." Comment="ComicRack encountered a Problem..." />
  </Texts>
</TR>