<?xml version="1.0"?>
<TR xmlns:xsi="http://www.w3.org/2001/XMLSchema-instance" xmlns:xsd="http://www.w3.org/2001/XMLSchema" Name="Default" CultureName="zh-CN">
  <Texts>
    <Text Key="ClearAll" Text="全部清除" Comment="Clear all" />
    <Text Key="Copy" Text="复制" Comment="Copy" />
    <Text Key="Invert" Text="翻转" Comment="Invert" />
    <Text Key="Layout" Text="布局" Comment="Layout" />
    <Text Key="None" Text="无" Comment="None" />
    <Text Key="NotAvailable" Text="不可用" Comment="NA" />
    <Text Key="Paste" Text="粘贴" Comment="Paste" />
    <Text Key="SetAll" Text="全部设置" Comment="Set all" />
    <Text Key="Unknown" Text="未知" Comment="Unknown" />
    <Text Key="Unspecified" Text="未指定" Comment="Unspecified" />
    <Text Key="Workspace" Text="工作区" Comment="Workspace" />
    <Text Key="System" Text="系统" Comment="System" />
    <Text Key="Books" Text="书籍" Comment="books" />
    <Text Key="Book" Text="书籍" Comment="book" />
    <Text Key="Page" Text="页面" Comment="page" />
    <Text Key="Yes" Text="是" Comment="Yes" />
    <Text Key="No" Text="否" Comment="No" />
    <Text Key="Not" Text="否" Comment="Not" />
    <Text Key="Cancel" Text="取消" Comment="Cancel" />
    <Text Key="Bookmark" Text="书签" Comment="Bookmark" />
    <Text Key="Restart" Text="重启" Comment="Restart" />
    <Text Key="All" Text="所有" Comment="All" />
    <Text Key="Import" Text="导入" Comment="Import" />
    <Text Key="New" Text="新" Comment="New" />
    <Text Key="Recent" Text="最近" Comment="Recent" />
    <Text Key="Waiting" Text="等待中" Comment="Waiting" />
    <Text Key="Running" Text="运行中" Comment="Running" />
    <Text Key="Completed" Text="已完成" Comment="Completed" />
    <Text Key="Disable" Text="禁用" Comment="Disable" />
    <Text Key="Server" Text="服务器" Comment="Server" />
    <Text Key="Keep" Text="保持" Comment="Keep" />
    <Text Key="Save" Text="保存" Comment="Save" />
    <Text Key="Search" Text="搜索" Comment="Search" />
    <Text Key="LogicNot" Text="否" Comment="Negation" />
    <Text Key="Default" Text="默认" Comment="Default" />
    <Text Key="Connect" Text="连接" Comment="Connect" />
    <Text Key="Workspaces" Text="工作区" Comment="Workspaces" />
    <Text Key="Windows" Text="窗口" Comment="Windows" />
    <Text Key="Lists" Text="列表" Comment="Lists" />
    <Text Key="Display" Text="显示" Comment="Display" />
    <Text Key="Start" Text="开始" Comment="Start" />
    <Text Key="End" Text="End" Comment="End" />
    <Text Key="Clear" Text="清除" Comment="Clear" />
    <Text Key="Configure" Text="配置" Comment="Configure" />
  </Texts>
</TR>