<?xml version="1.0"?>
<TR xmlns:xsi="http://www.w3.org/2001/XMLSchema-instance" xmlns:xsd="http://www.w3.org/2001/XMLSchema" Name="DeviceSelectDialog" CultureName="zh-CN">
  <Texts>
    <Text Key="DeviceSelectDialog" Text="选择设备" Comment="Select Device" />
    <Text Key="btCancel" Text="取消(&amp;C)" Comment="&amp;Cancel" />
    <Text Key="btOK" Text="确定(&amp;O)" Comment="&amp;OK" />
    <Text Key="colName" Text="名称" Comment="Name" />
    <Text Key="colModel" Text="模式" Comment="Model" />
    <Text Key="colSerial" Text="串号" Comment="Serial" />
  </Texts>
</TR>