<?xml version="1.0"?>
<TR xmlns:xsi="http://www.w3.org/2001/XMLSchema-instance" xmlns:xsd="http://www.w3.org/2001/XMLSchema" Name="ListEditorDialog" CultureName="zh-CN">
  <Texts>
    <Text Key="btMoveDown" Text="下移(&amp;D)" Comment="Move &amp;Down" />
    <Text Key="btMoveUp" Text="上移(&amp;U)" Comment="Move &amp;Up" />
    <Text Key="btDelete" Text="删除" Comment="Delete" />
    <Text Key="btOK" Text="确定(&amp;O)" Comment="&amp;OK" />
    <Text Key="btCancel" Text="取消(&amp;C)" Comment="&amp;Cancel" />
    <Text Key="colName" Text="名称" Comment="Name" />
    <Text Key="colDescription" Text="描述" Comment="Description" />
    <Text Key="btNew" Text="新建(&amp;N)..." Comment="&amp;New..." />
    <Text Key="btEdit" Text="编辑(&amp;E)..." Comment="&amp;Edit..." />
    <Text Key="btActivate" Text="触发(&amp;A)" Comment="&amp;Activate" />
    <Text Key="btMoveTop" Text="移到顶部(&amp;T)" Comment="Move &amp;Top" />
    <Text Key="btMoveBottom" Text="移到底部(&amp;B)" Comment="Move &amp;Bottom" />
  </Texts>
</TR>