<?xml version="1.0"?>
<TR xmlns:xsi="http://www.w3.org/2001/XMLSchema-instance" xmlns:xsd="http://www.w3.org/2001/XMLSchema" Name="MainView" CultureName="zh-CN">
  <Texts>
    <Text Key="tsbAlignBottom" Text="停靠底部" Comment="Dock Bottom" />
    <Text Key="tsbAlignFill" Text="填充" Comment="Fill" />
    <Text Key="tsbAlignLeft" Text="靠左" Comment="Dock Left" />
    <Text Key="tsbAlignRight" Text="靠右" Comment="Dock Right" />
    <Text Key="tsbClose" Text="关闭" Comment="Close" />
    <Text Key="tsbFolders" Text="文件夹" Comment="Folders" />
    <Text Key="tsbFolders.Tooltip" Text="浏览你的文件夹" Comment="Browse your Folders" />
    <Text Key="tsbLibrary" Text="书库" Comment="Library" />
    <Text Key="tsbPages" Text="页面" Comment="Pages" />
    <Text Key="tsbShowMenu" Text="显示菜单" Comment="Show Menu" />
    <Text Key="tsbInfoPanelLeft" Text="信息面板靠右" Comment="Info Panel Right" />
    <Text Key="tsbLibrary.Tooltip" Text="包含所有书籍的书库" Comment="Library with all Books" />
    <Text Key="tsbPages.Tooltip" Text="当前书籍的页数" Comment="Pages of the current Book" />
    <Text Key="tsbAlignment" Text="停靠模式" Comment="Docking Mode" />
  </Texts>
</TR>