<?xml version="1.0"?>
<TR xmlns:xsi="http://www.w3.org/2001/XMLSchema-instance" xmlns:xsd="http://www.w3.org/2001/XMLSchema" Name="Messages" CultureName="zh-CN">
  <Texts>
    <Text Key="AskRemoveComics" Text="确定要从列表中删除这些书籍吗?" Comment="Are you sure you want to remove these books from the list?" />
    <Text Key="AskRemoveFavorite" Text="确定要移除该收藏文件夹链接吗?" Comment="Do you really want to remove this Favorite Folder link?" />
    <Text Key="AskRemoveFromLibrary" Text="确定要从书库中移除这些书籍吗?\n所有未保存在文件中的信息都将被删除(例如阅读次数,上次阅读页面等)!" Comment="Are you sure you want to remove these books from the library?\nAll information not stored in the files will be lost (like Open Count, Last Read etc.)!" />
    <Text Key="AskRemoveItem" Text="确定要移除该项目吗?" Comment="Do you really want to remove this item?" />
    <Text Key="Attention" Text="注意" Comment="Attention" />
    <Text Key="CloseComicRack" Text="关闭ComicRack" Comment="Close ComicRack" />
    <Text Key="ClosingComicRack" Text="关闭ComicRack中" Comment="Closing ComicRack" />
    <Text Key="CouldNotSaveImage" Text="无法保存页面图像!\n原因: {0}" Comment="Could not save the page image!\nReason: {0}" />
    <Text Key="CreateMainWindow" Text="创建主窗口中" Comment="Creating Main Window" />
    <Text Key="Error" Text="错误" Comment="Error" />
    <Text Key="ErrorShutDown" Text="关闭程序时遇到错误:\n{0}" Comment="There was an error shutting down the application:\n{0}" />
    <Text Key="FailedRetrieveDatabase" Text="从服务器恢复数据库失败!" Comment="Failed to retrieve the Database from the Server!" />
    <Text Key="FailedToInitialize" Text="初始化ComicRack失败: {0}" Comment="Failed to initialize ComicRack: {0}" />
    <Text Key="GetServerLibraryText" Text="从服务器检索共享书库中" Comment="Retrieving the shared Library from the Server" />
    <Text Key="InitCache" Text="初始化磁盘缓存中" Comment="Initialize Disk Caches" />
    <Text Key="InitGUI" Text="初始化用户界面中" Comment="Initalizing User Interface" />
    <Text Key="InitScripts" Text="初始化脚本中" Comment="Initalizing Scripts" />
    <Text Key="ListLayout" Text="列表布局" Comment="List Layout" />
    <Text Key="LoadCustomSettings" Text="载入自定义设置" Comment="Loading custom settings" />
    <Text Key="LoadingThumbnail" Text="载入缩略图中..." Comment="Loading Thumbnail..." />
    <Text Key="LoadingPage" Text="载入第 {0} 页中..." Comment="Loading Page {0}..." />
    <Text Key="MoveBin" Text="并将文件移到回收站(&amp;A)" Comment="&amp;Also move the files to the Recycle Bin" />
    <Text Key="NotAskAgain" Text="不要再问我(&amp;D)" Comment="&amp;Do not ask me again" />
    <Text Key="OpenDatabase" Text="打开数据库中" Comment="Opening Database" />
    <Text Key="PasswordNeeded" Text="远程书库 '{0}' 需要密码:" Comment="A password is needed for the remote Library '{0}':" />
    <Text Key="ReadNewsFeed" Text="读取新闻订阅中" Comment="Reading News Feed" />
    <Text Key="RefreshInfo" Text="刷新信息中" Comment="Refreshing Information" />
    <Text Key="RefreshServer" Text="刷新远程书库中" Comment="Refreshing Server Library" />
    <Text Key="Remove" Text="移除" Comment="Remove" />
    <Text Key="RetrieveNews" Text="检索新闻中" Comment="Retrieving News" />
    <Text Key="RetrieveNewsText" Text="刷新订阅的新闻频道中" Comment="Refreshing subscribed News Channels" />
    <Text Key="SaveAllData" Text="保存所有数据到磁盘中..." Comment="Saving all Data to Disk..." />
    <Text Key="SaveListLayout" Text="保存列表布局" Comment="Save List Layout" />
    <Text Key="ScriptFailed" Text="执行脚本失败!" Comment="Execution of the script failed!" />
    <Text Key="WrongPassword" Text="该密码无法与书库 '{0}' 匹配. 请重试:" Comment="The specified password for the Library'{0}' is not correct. Please try again:" />
    <Text Key="Set" Text="设置" Comment="Set" />
    <Text Key="AskSetAllLists" Text="确定将当前布局应用到所有列表吗?" Comment="Are you sure you want to set all Lists to the current layout?" />
    <Text Key="PageFailedToLoad" Text="载入页面失败.\n尝试刷新以重新载入..." Comment="Page failed to load.\nTry refresh to load again..." />
    <Text Key="FastThumbanilQueueMessage" Text="检索文件 '{1}' 第 {0} 页的缓存缩略图" Comment="Retrieve cached thumbnail for page {0} in file '{1}'" />
    <Text Key="SlowThumbnailQueueMessage" Text="为文件 '{1}' 的第 {0} 页创建缩略图" Comment="Create thumbnail for page {0} in file '{1}'" />
    <Text Key="GetImageQueueMessage" Text="获取文件 '{1}' 的第 {0} 页" Comment="Get page {0} in file '{1}'" />
    <Text Key="OpenError" Text="无法打开书籍 '{0}'!" Comment="Could not open the book '{0}'!" />
    <Text Key="OpeningComic" Text="打开书籍 '{0}' 中..." Comment="Opening the book '{0}'..." />
    <Text Key="NoComicOpen" Text="没有打开书籍" Comment="No book is open" />
    <Text Key="RestartQuestion" Text="ComicRack需要重启才能完成操作!是否要立刻重启?" Comment="ComicRack needs to restart to complete the operation! Do you want to restart now?" />
    <Text Key="DatabaseBackupError" Text="保存数据库备份时遇到错误" Comment="There was an error saving the Database backup" />
    <Text Key="DatabaseBackupRestored" Text="已成功还原备份的数据库!" Comment="A previous database backup has been successfully restored!" />
    <Text Key="ScanComicQueueMessage" Text="扫描 '{0}' 中" Comment="Scanning '{0}'" />
    <Text Key="ErrorWritingReadingList" Text="导出阅读列表 '{0}' 时遇到错误" Comment="There was an error exporting the Reading List '{0}'" />
    <Text Key="ErrorOpeningReadingList" Text="导入阅读列表 '{0}' 时遇到错误" Comment="There was an error importing the Reading List '{0}'" />
    <Text Key="Export" Text="导出" Comment="Export" />
    <Text Key="OutputFileExists" Text="输出文件 '{0}' 已存在!" Comment="Output File '{0}' already exists!" />
    <Text Key="ConvertToCBZ" Text="转换为 CBZ 格式" Comment="Convert to CBZ" />
    <Text Key="ConvertToCB7" Text="转换为 CB7 格式" Comment="Convert to CB7" />
    <Text Key="ExportForPSP" Text="导出为PSP格式" Comment="Export for PSP" />
    <Text Key="AbortScan" Text="停止扫描" Comment="Abort Scanning" />
    <Text Key="AbortExport" Text="停止导出" Comment="Abort Export" />
    <Text Key="FailedToReadImage" Text="读取图像 {0} 错误!" Comment="Failed to read Image {0}!" />
    <Text Key="InvalidExportSettings" Text="导出设置无效(例如: 将不支持的格式添加到书库)" Comment="The export settings are not valid (e.g. adding a not supported format to the library)" />
    <Text Key="DontShowAgain" Text="不要再显示" Comment="Do not show this again" />
    <Text Key="ComicRackMinimizedTitle" Text="ComicRack依在运行" Comment="ComicRack is still running" />
    <Text Key="ComicRackMinimized" Text="您可以使用文件/退出来关闭ComicRack或者在选项中更改此行为.\n点击此处不再显示此信息" Comment="You either close ComicRack with File/Exit or you can change this behavior in the Preferences Dialog.\nClick here to not show this message again" />
    <Text Key="ConnectRemoteError" Text="无法连接到远程服务器 '{0}'" Comment="Could not connect to Remote Server '{0}'" />
    <Text Key="CheckingDatabase" Text="检查数据库中" Comment="Checking Database" />
    <Text Key="CheckingDatabaseText" Text="检查完整性并更新丢失的数据中" Comment="Checking integrity and updating any missing Data" />
    <Text Key="SaveInfoText" Text="请等待所有未保存的数据保存完毕!" Comment="Please wait while all unsaved information is stored!" />
    <Text Key="UndoScript" Text="自动化 '{0}'" Comment="Automation '{0}'" />
    <Text Key="UndoEditColumn" Text="编辑列 '{0}'" Comment="Edit Column '{0}'" />
    <Text Key="UndoRating" Text="更改评分" Comment="Change Rating" />
    <Text Key="ScriptPackageExists" Text="已存在同名的脚本包! 要覆盖吗?" Comment="A Script Package with the same name already exists! Do you want to overwrite this Package?" />
    <Text Key="UpdateComicDynamicMessage" Text="更新在线漫画 '{0}' 中" Comment="Updating Web Comic '{0}'" />
    <Text Key="ConnectToServer" Text="连接到服务器" Comment="Connecting to Server" />
    <Text Key="GetShareInfoText" Text="获取共享书库信息中" Comment="Getting information about the shared Library" />
    <Text Key="ServerActivity" Text="{0}个服务器运行中" Comment="{0} Server(s) running" />
    <Text Key="ConnectServerText" Text="连接到远程服务器中" Comment="Opening connection to the remote Server" />
    <Text Key="ErrorFileUsed" Text="该文件已被书库使用" Comment="This file is already used in the Library" />
    <Text Key="ImportReadingList" Text="导入阅读列表" Comment="Import Reading List" />
    <Text Key="MatchBooksWithLibrary" Text="与书库配对列表中" Comment="Matching list with Library" />
    <Text Key="CouldNotExportKeyboardLayout" Text="无法导出快捷键布局!\n原因: {0}" Comment="Could not export Keyboard Layout!\nReason: {0}" />
    <Text Key="CouldNotImportKeyboardLayout" Text="无法导入快捷键布局!\n原因: {0}" Comment="Could not import Keyboard Layout!\nReason: {0}" />
    <Text Key="CouldNotLoadThumbnail" Text="无法打开缩略图!\n原因: {0}" Comment="Could not open Thumbnail!\nReason: {0}" />
    <Text Key="ListLayouts" Text="列表布局" Comment="List Layouts" />
    <Text Key="AlwaysSaveDirty" Text="总是保存更改" Comment="Always save changes" />
    <Text Key="ListMore" Text="还有{0}个..." Comment="{0} more..." />
    <Text Key="TaskGroupLoadThumbnails" Text="载入缩略图" Comment="Load Thumbnails" />
    <Text Key="TaskGroupCreateThumbnails" Text="创建缩略图" Comment="Create Thumbnails" />
    <Text Key="TaskGroupLoadPages" Text="载入页面" Comment="Load Pages" />
    <Text Key="TaskGroupCreatePages" Text="创建页面" Comment="Create Pages" />
    <Text Key="TaskGroupReadInfo" Text="读取信息" Comment="Read Info" />
    <Text Key="TaskGroupWriteInfo" Text="写入信息" Comment="Write Info" />
    <Text Key="TaskGroupUpdateDynamic" Text="更新在线漫画" Comment="Update Web Comics" />
    <Text Key="TaskGroupScanning" Text="扫描" Comment="Scanning" />
    <Text Key="AlsoRemoveDatabase" Text="并将书籍从数据库移除(&amp;A)" Comment="&amp;Also remove the Books from the Database" />
    <Text Key="AskExport" Text="您已经选择在导出时删除或覆盖已存在的文件. 确定要继续吗?\n导出过程中被删除的文件将被移到回收站. 请确保有足够的可用磁盘空间并且eComics不是保存在网络设备上!" Comment="You have chosen to delete or replace existing files during export. Are you sure you want to continue?\nThe deleted files will be moved to the Recycle Bin during export. Please make sure there is enough disk space available and the eComics are not located on a network drive!" />
    <Text Key="AskMoveBin" Text="确定要将这些文件移动到回收站吗?" Comment="Are you sure you want to move these files to the recycle bin?" />
    <Text Key="CouldNotSaveComic" Text="无法保存书籍!\n原因: {0}" Comment="Could not save Book!\nReason: {0}" />
    <Text Key="DatabaseNewEmpty" Text="打开数据库时遇到问题. 已创建新的空数据库." Comment="There was a problem opening the Database. A new empty Database has been created." />
    <Text Key="DatabaseRestored" Text="数据库存在问题. 已还原到已知的上一个正常版本. 您的部分条目可能已丢失." Comment="There was a problem with the Database. The last version to be known good has been restored. You may have lost some entires." />
    <Text Key="FailedDeleteBooks" Text="部分文件无法删除 (也许它们正在被使用)!" Comment="Some files could not be deleted (maybe they are in use)!" />
    <Text Key="GettingList" Text="获取书籍列表中" Comment="Getting List of Books" />
    <Text Key="GettingListText" Text="检索所选文件夹的所有书籍中" Comment="Retrieving all Books from the selected folder" />
    <Text Key="LoadComic" Text="打开文件中" Comment="Opening Files" />
    <Text Key="RefreshInfoText" Text="刷新所选择书籍的信息中" Comment="Refreshing information for selected Books" />
    <Text Key="SavingNewComic" Text="保存新书籍中..." Comment="Saving new Book..." />
    <Text Key="WriteData" Text="粘贴数据中" Comment="Pasting Data" />
    <Text Key="WriteDataText" Text="粘贴数据到所选书籍中" Comment="Pasting Data into selected Books" />
    <Text Key="AddFolderLibrary" Text="该文件夹及其子文件夹内的书籍将会被添加到书库." Comment="Books in this Folder and all sub Folders will be added to the library." />
    <Text Key="ExportQueueMessage" Text="导出书籍 '{0}'" Comment="Export Book '{0}'" />
    <Text Key="RefreshInfoQueueMessage" Text="刷新书籍 '{0}' 的信息" Comment="Refresh information for Book '{0}'" />
    <Text Key="WriteInfoQueueMessage" Text="写入信息到书籍文件 '{0}'" Comment="Write information to Book file '{0}'" />
    <Text Key="CloseExternalReader" Text="本操作将只关闭阅读窗口而非打开的书籍!" Comment="This will only close the reader Window and not the open Book(s)!" />
    <Text Key="UnsolvedBookItems" Text="如法在书库中找到下列书籍:\n{0}\n是否依然要导出阅读列表?" Comment="The following Books were not found in the Library:\n{0}\nDo you still want to import the Reading List?" />
    <Text Key="SourceComicNotValid" Text="无法访问书籍源" Comment="Source of Book is not valid" />
    <Text Key="ExportComicTitle" Text="导出书籍到" Comment="Export Book to" />
    <Text Key="AskDirtyItems" Text="保存书籍已更改但未存入数据库的信息吗?\n未保存的更改将全部丢失!" Comment="Save changed information for Books that are not in the database?\nAll changes not saved now will be lost!" />
    <Text Key="SaveInfo" Text="保存书籍信息中" Comment="Saving Book Information" />
    <Text Key="UndoEditMultipleComics" Text="编辑复数书籍" Comment="Edit multiple Books" />
    <Text Key="UndoShowInfo" Text="书籍信息" Comment="Book Info" />
    <Text Key="SelectLocalFolder" Text="选择用于储存远程书籍的本地文件夹" Comment="Select a local folder to store the remote Books" />
    <Text Key="CreateMissingBooks" Text="添加缺少的书籍到书库" Comment="Add missing Books to Library" />
    <Text Key="TaskGroupExport" Text="导出书籍" Comment="Export Books" />
    <Text Key="DatabaseBackup" Text="备份数据库" Comment="Database Backup" />
    <Text Key="DatabaseBackupText" Text="创建并保存备份文件中" Comment="Creating and saving the Backup File" />
    <Text Key="DatabaseRestore" Text="还原数据库" Comment="Database Restore" />
    <Text Key="DatabaseRestoreText" Text="从备份文件还原数据库中" Comment="Restoring Database from Backup File" />
    <Text Key="DatabaseRestoreError" Text="还原数据库备份时遇到错误" Comment="There was an error restoring the Database Backup" />
    <Text Key="ClearComicData" Text="清理书籍" Comment="Clear Books" />
    <Text Key="ClearComicDataText" Text="移除书籍的所有已记录数据中" Comment="Removing all entered data from the Books" />
    <Text Key="AskClearComicData" Text="确定要移除所选择书籍的所有已记录数据吗(可以使用撤消命令恢复)?" Comment="Do you want to remove all entered data from the selected Books (can be reverted with Undo)?" />
    <Text Key="BackgroundConvert" Text="文件正在后台更新/转换/同步中.如果现在关闭,部分数据将不会被写入!" Comment="Files are still being updated/converted/synchronized in the background. If you close now, some information will not be written!" />
    <Text Key="DeviceSyncQueueMessage" Text="同步设备 '{0}' 中" Comment="Syncing Device '{0}'" />
    <Text Key="AbortDeviceSync" Text="停止同步设备" Comment="Abort syncinc Devices" />
    <Text Key="TaskGroupDeviceSync" Text="同步设备中" Comment="Syncing Devices" />
    <Text Key="DiscoveringDevicesCaption" Text="查找设备中" Comment="Discovering devices" />
    <Text Key="DiscoveringDevicesDescription" Text="查找已连接设备中" Comment="Searching for connected devices" />
    <Text Key="DeviceOutOfSpace" Text="设备 '{0}' 没有足够的可用空间" Comment="Device '{0}' does not have enough free space" />
    <Text Key="RenameDevice" Text="重命名设备" Comment="Rename Device" />
  </Texts>
</TR>