<?xml version="1.0"?>
<TR xmlns:xsi="http://www.w3.org/2001/XMLSchema-instance" xmlns:xsd="http://www.w3.org/2001/XMLSchema" Name="PasswordDialog" CultureName="zh-CN">
  <Texts>
    <Text Key="btCancel" Text="取消(&amp;C)" Comment="&amp;Cancel" />
    <Text Key="btOK" Text="确定(&amp;O)" Comment="&amp;OK" />
    <Text Key="chkRemember" Text="记住本服务器密码" Comment="Remember for this server" />
    <Text Key="labelPassword" Text="密码:" Comment="Password:" />
    <Text Key="lblDescription" Text="远程书库需要密码:" Comment="A password is needed for the remote library:" />
    <Text Key="PasswordDialog" Text="密码" Comment="Password" />
  </Texts>
</TR>