<?xml version="1.0"?>
<TR xmlns:xsi="http://www.w3.org/2001/XMLSchema-instance" xmlns:xsd="http://www.w3.org/2001/XMLSchema" Name="Script.SearchAndReplace" CultureName="zh-CN">
  <Texts>
    <Text Key="Cancel" Text="取消(&amp;C)" Comment="&amp;Cancel" />
    <Text Key="OK" Text="确定(&amp;O)" Comment="&amp;OK" />
    <Text Key="Caption" Text="搜索并替换..." Comment="Search and Replace..." />
    <Text Key="Name" Text="搜索并替换..." Comment="Search and Replace..." />
    <Text Key="labelField" Text="字段:" Comment="Fields:" />
    <Text Key="labelSearch" Text="搜索:" Comment="Search:" />
    <Text Key="labelReplace" Text="替换" Comment="Replace" />
    <Text Key="Description" Text="查找及替换书籍信息中的值" Comment="A script to to search and replace values in Books" />
  </Texts>
</TR>