<?xml version="1.0"?>
<TR xmlns:xsi="http://www.w3.org/2001/XMLSchema-instance" xmlns:xsd="http://www.w3.org/2001/XMLSchema" Name="SmallComicPreview" CultureName="zh-CN">
  <Texts>
    <Text Key="tbClose" Text="关闭" Comment="Close" />
    <Text Key="tsbFirst" Text="首页" Comment="First" />
    <Text Key="tsbFirst.Tooltip" Text="跳到首页" Comment="Go to first page" />
    <Text Key="tsbLast" Text="末页" Comment="Last" />
    <Text Key="tsbLast.Tooltip" Text="跳到末页" Comment="Go to last page" />
    <Text Key="tsbNext" Text="下一个" Comment="Next" />
    <Text Key="tsbNext.Tooltip" Text="前往下一页" Comment="Go to next page" />
    <Text Key="tsbPrev" Text="上一个" Comment="Previous" />
    <Text Key="tsbPrev.Tooltip" Text="前往上一页" Comment="Go to previous page" />
    <Text Key="tsbRefresh" Text="刷新" Comment="Refresh" />
    <Text Key="tsbTwoPages" Text="双页" Comment="Two Pages" />
    <Text Key="tsbTwoPages.Tooltip" Text="显示单页或双页" Comment="Show one or two pages" />
    <Text Key="pageViewer" Text="未选择书籍" Comment="Nothing Selected" />
    <Text Key="tsbOpen" Text="打开" Comment="Open" />
    <Text Key="PreviewOnlyForComics" Text="预览只对书籍有效" Comment="Preview is only available for Books" />
  </Texts>
</TR>