<?xml version="1.0"?>
<TR xmlns:xsd="http://www.w3.org/2001/XMLSchema" xmlns:xsi="http://www.w3.org/2001/XMLSchema-instance" Name="ComicTextElements" CultureName="fr">
  <Texts>
    <Text Key="Caption" Text="Légende" Comment="Caption" />
    <Text Key="CaptionWithoutTitle" Text="Numéro sans titre" Comment="Caption without Title" />
    <Text Key="AlternateCaption" Text="Numérotation aléatoire" Comment="Alternate Caption" />
    <Text Key="Title" Text="Titre" Comment="Title" />
    <Text Key="ArtistInfo" Text="Artistes" Comment="Artists" />
    <Text Key="Summary" Text="Sommaire" Comment="Summary" />
    <Text Key="FileSize" Text="Taille du fichier" Comment="File Size" />
    <Text Key="Opened" Text="Ouvert" Comment="Opened" />
    <Text Key="FileName" Text="Nom du fichier" Comment="File Name" />
    <Text Key="FileFormat" Text="Format du ficher" Comment="File Format" />
    <Text Key="Added" Text="Ajouté" Comment="Added" />
    <Text Key="PublisherAndImprint" Text="Éditeur et Imprimeur" Comment="Publischer and Imprint" />
    <Text Key="AgeRating" Text="Limite d'âge" Comment="Age Rating" />
    <Text Key="Genre" Text="Genre" Comment="Genre" />
    <Text Key="CharactersAndTeams" Text="Personnages et équipes" Comment="Characters and Teams" />
    <Text Key="Locations" Text="Lieux" Comment="Locations" />
    <Text Key="Notes" Text="Annotations" Comment="Notes" />
    <Text Key="PurchaseInformation" Text="Informations sur l'achat" Comment="Purchase Information" />
    <Text Key="StorageInfoformation" Text="Informations sur le stockage" Comment="Storage Information" />
    <Text Key="CollectionStatus" Text="État de la série" Comment="Collection Status" />
    <Text Key="Released" Text="Sorti" Comment="Released" />
  </Texts>
</TR>