<?xml version="1.0"?>
<TR xmlns:xsd="http://www.w3.org/2001/XMLSchema" xmlns:xsi="http://www.w3.org/2001/XMLSchema-instance" Name="ComicListLibraryBrowser" CultureName="fr">
  <Texts>
    <Text Key="miEditSmartList" Text="&amp;Éditer..." Comment="&amp;Edit..." />
    <Text Key="miNewFolder" Text="Nouveau &amp;dossier..." Comment="New &amp;Folder..." />
    <Text Key="miNewList" Text="Nouvelle &amp;Liste..." Comment="New &amp;List..." />
    <Text Key="miNewSmartList" Text="&amp;Nouvelle Liste intelligente..." Comment="&amp;New Smart List..." />
    <Text Key="miNodeSort" Text="&amp;Trier" Comment="&amp;Sort" />
    <Text Key="miOpenWindow" Text="&amp;Ouvrir dans une nouvelle fenêtre" Comment="&amp;Open in New Window" />
    <Text Key="miQueryRename" Text="&amp;Renommer" Comment="&amp;Rename" />
    <Text Key="miRefresh" Text="Ra&amp;fraîchir" Comment="Re&amp;fresh" />
    <Text Key="miRemoveListOrFolder" Text="&amp;Supprimer..." Comment="&amp;Re&amp;move..." />
    <Text Key="NewFolder" Text="Nouveau dossier" Comment="New Folder" />
    <Text Key="NewList" Text="Nouvelle Liste" Comment="New List" />
    <Text Key="NewSmartList" Text="Nouvelle Liste intelligente" Comment="New Smart List" />
    <Text Key="tbNewFolder" Text="Nouveau &amp;dossier" Comment="New &amp;Folder" />
    <Text Key="tbNewFolder.Tooltip" Text="Créer un nouveau dossier pour organiser vos Listes" Comment="Create a new folder to organize your lists" />
    <Text Key="tbNewList" Text="Nouvelle &amp;Liste" Comment="New &amp;List" />
    <Text Key="tbNewList.Tooltip" Text="Nouvelle Liste personnalisée" Comment="Create a new custom List" />
    <Text Key="tbNewSmartList" Text="&amp;Nouvelle Liste intelligente" Comment="&amp;New Smart List" />
    <Text Key="tbNewSmartList.Tooltip" Text="Nouvelle Liste intelligente" Comment="Create a new Smart List" />
    <Text Key="tbOpenWindow" Text="Nouvelle fenêtre" Comment="New Window" />
    <Text Key="tbOpenWindow.Tooltip" Text="Ouvrir Liste actuelle dans nouvelle fenêtre" Comment="Open current list in new Window" />
    <Text Key="tbRefresh" Text="Rafraîchir" Comment="Refresh" />
    <Text Key="miCopyList" Text="Copier la Liste" Comment="Copy List" />
    <Text Key="miPasteList" Text="Coller la Liste" Comment="Paste List" />
    <Text Key="miExportReadingList" Text="Exporter Liste de lecture..." Comment="Export Reading List..." />
    <Text Key="miImportReadingList" Text="Importer Liste de lecture..." Comment="Import Reading List..." />
    <Text Key="NewSmartListOption" Text="Aperçu de la vue actuelle" Comment="Snapshot of current view" />
    <Text Key="miOpenTab" Text="&amp;Ouvrir dans un nouvel onglet" Comment="&amp;Open in New Tab" />
    <Text Key="tbOpenTab" Text="Nouvel onglet" Comment="New Tab" />
    <Text Key="tbOpenTab.Tooltip" Text="Ouvrir Liste dans nouvel onglet" Comment="Open current list in new Tab" />
    <Text Key="miFavRemove" Text="Supprimer" Comment="Remove" />
    <Text Key="tbFavorites" Text="Afficher les favoris" Comment="Show Favorites" />
    <Text Key="tbFavorites.Tooltip" Text="Favoris" Comment="Favorites" />
    <Text Key="miAddToFavorites" Text="Ajouter aux favoris" Comment="Add to Favorites" />
    <Text Key="miFavRefresh" Text="&amp;Rafraîchir" Comment="&amp;Refresh" />
    <Text Key="tbExpandCollapseAll" Text="Réduire/Développer tout" Comment="Expand/Collapse all" />
    <Text Key="tbPreferences" Text="Options" Comment="Preferences" />
    <Text Key="SyncDevices" Text="Synchroniser avec" Comment="Sync with" />
    <Text Key="SyncDevice" Text="Synchroniser avec {0}..." Comment="Sync with {0}..." />
  </Texts>
</TR>