<?xml version="1.0"?>
<TR xmlns:xsd="http://www.w3.org/2001/XMLSchema" xmlns:xsi="http://www.w3.org/2001/XMLSchema-instance" Name="DeviceSelectDialog" CultureName="fr">
  <Texts>
    <Text Key="DeviceSelectDialog" Text="Sélectionner appareil" Comment="Select Device" />
    <Text Key="btCancel" Text="&amp;Annuler" Comment="&amp;Cancel" />
    <Text Key="btOK" Text="&amp;OK" Comment="&amp;OK" />
    <Text Key="colName" Text="Nom" Comment="Name" />
    <Text Key="colModel" Text="Modèle" Comment="Model" />
    <Text Key="colSerial" Text="Numéro de série" Comment="Serial" />
  </Texts>
</TR>