<?xml version="1.0"?>
<TR xmlns:xsd="http://www.w3.org/2001/XMLSchema" xmlns:xsi="http://www.w3.org/2001/XMLSchema-instance" Name="EditListDialog" CultureName="fr">
  <Texts>
    <Text Key="EditListDialog" Text="Éditer la Liste" Comment="Edit List" />
    <Text Key="btCancel" Text="&amp;Annuler" Comment="&amp;Cancel" />
    <Text Key="btOK" Text="&amp;OK" Comment="&amp;OK" />
    <Text Key="labelName" Text="Nom :" Comment="Name:" />
    <Text Key="labelBooks" Text="Livres :" Comment="Books:" />
    <Text Key="labelNotes" Text="Annotations :" Comment="Notes:" />
    <Text Key="chkQuickOpen" Text="Ouverture rapide" Comment="Quick Open" />
    <Text Key="CombineMode" Text="Tous les Livres de toutes les Listes|Livres étant présents dans toutes les Listes seulement|Liste vide" Comment="All Books from every list|Only Books existing in every list|Empty list" />
  </Texts>
</TR>