<?xml version="1.0"?>
<TR xmlns:xsd="http://www.w3.org/2001/XMLSchema" xmlns:xsi="http://www.w3.org/2001/XMLSchema-instance" Name="Groups" CultureName="fr">
  <Texts>
    <Text Key="AlphabetGroups" Text="0-9|A|B|C|D|E|F|G|H|I|J|K|L|M|N|O|P|Q|R|S|T|U|V|W|X|Y|Z|Autres" Comment="0-9|A|B|C|D|E|F|G|H|I|J|K|L|M|N|O|P|Q|R|S|T|U|V|W|X|Y|Z|Other" />
    <Text Key="CountGroups" Text="0-20|21-50|51-100|101-200|201-500|501-1000|&gt;1000|Non spécifié" Comment="0-20|21-50|51-100|101-200|201-500|501-1000|&gt;1000|Unspecified" />
    <Text Key="ReadPercentageGroups" Text="Non-lu|0 %|10 %|20 %|30 %|40 %|50 %|60 %|70 %|80 %|90 %|Lu" Comment="Not Read|0%|10%|20%|30%|40%|50%|60%|70%|80%|90%|Completed" />
    <Text Key="SizeGroups" Text="Vides|Très petits|Petits|Moyens|Grands|Énormes" Comment="Empty|Very Small|Small|Medium|Big|Huge" />
    <Text Key="RatingGroups" Text="Pas évalué|Aucune Étoile|1 Étoile|2 Étoiles|3 Étoiles|4 Étoiles|5 Étoiles" Comment="Not Rated|No Stars|1 Star|2 Stars|3 Stars|4 Stars|5 Stars" />
    <Text Key="VolumeGroups" Text="Aucun|V{0}|Autre" Comment="None|V{0}|Other" />
    <Text Key="MangaGroups" Text="Manga|Non Manga|Inconnu" Comment="Manga|No Manga|Unknown" />
    <Text Key="BWGroups" Text="Noir et Blanc|Couleurs|Inconnu" Comment="Black and White|Color|Unknown" />
    <Text Key="LinkedGroups" Text="Lié à un fichier|Non lié à un fichier" Comment="Linked to File|Not linked to File" />
    <Text Key="PriceGroups" Text="Inconnu|Libre|0-10|10-20|20-30|30-40|40-50|50-100|Plus de 100" Comment="Unknown|Free|0-10|10-20|20-30|30-40|40-50|50-100|over 100" />
    <Text Key="DateGroups" Text="Jamais|Aujourd'hui|Hier|Avant-hier|Avant-avant-hier|Cette semaine|La semaine dernière|Deux semaines|Trois semaines|Ce mois-ci|Le mois dernier|Deux mois|Trois mois|Quatre mois|Cinq mois|Six mois|Cette année|L'année dernière|Deux ans|Trois ans|Plus de trois ans|Année prochaine|Dans le futur" Comment="Never|Today|Yesterday|Two Days Ago|Three Days Ago|This Week|Last Week|Two Weeks Ago|Three Weeks Ago|This Month|Last Month|Two Months ago|Three Months ago|Four Months ago|Five Months ago|Six Months ago|This Year|Last Year|Two Years ago|Three Years ago|Older than Three Years|Next Year|In the Future" />
    <Text Key="SeriesCompleteGroups" Text="Série complète|Série incomplète|Inconnu" Comment="Series complete|Series not complete|Unknown" />
    <Text Key="EnableProposedGroups" Text="Valeurs proposées utilisées|Valeurs proposées pas utilisées" Comment="Proposed Values used|Proposed Values no used" />
    <Text Key="HasBeenReadGroups" Text="Lu|Non-lu" Comment="Read|Unread" />
    <Text Key="CheckedGroups" Text="Sélectionné|Non Sélectionné" Comment="Checked|Not Checked" />
  </Texts>
</TR>