<?xml version="1.0"?>
<TR xmlns:xsd="http://www.w3.org/2001/XMLSchema" xmlns:xsi="http://www.w3.org/2001/XMLSchema-instance" Name="ItemView" CultureName="fr">
  <Texts>
    <Text Key="AutoFitAllColumns" Text="Mise en forme auto. des colonnes" Comment="Auto Fit All Columns" />
    <Text Key="AutoSizeAllColumns" Text="Ajustement auto. des colonnes" Comment="Auto Size All Columns" />
    <Text Key="AutoSizeColumn" Text="Ajustement auto. de la colonne" Comment="Auto Size Column" />
    <Text Key="miArrange" Text="Trier par" Comment="Arrange by" />
    <Text Key="miGroup" Text="Grouper par" Comment="Group by" />
    <Text Key="miStack" Text="Empiler par" Comment="Stack by" />
    <Text Key="miViewDetails" Text="Détails" Comment="Details" />
    <Text Key="miViewMode" Text="Vue" Comment="View" />
    <Text Key="miViewThumbs" Text="Miniatures" Comment="Thumbnails" />
    <Text Key="miViewTiles" Text="Étiquettes" Comment="Tiles" />
    <Text Key="NotGrouped" Text="Non groupé(s)" Comment="Not Grouped" />
    <Text Key="NotSorted" Text="Non classé(s)" Comment="Not Sorted" />
    <Text Key="NotStacked" Text="Pas empilé(s)" Comment="Not Stacked" />
    <Text Key="Layout" Text="Disposition" Comment="Layout" />
  </Texts>
</TR>