<?xml version="1.0"?>
<TR xmlns:xsd="http://www.w3.org/2001/XMLSchema" xmlns:xsi="http://www.w3.org/2001/XMLSchema-instance" Name="ListLayoutDialog" CultureName="fr">
  <Texts>
    <Text Key="btCancel" Text="&amp;Annuler" Comment="&amp;Cancel" />
    <Text Key="btHideAll" Text="&amp;Tout décocher" Comment="&amp;Hide All" />
    <Text Key="btMoveDown" Text="&amp;Descendre" Comment="Move &amp;Down" />
    <Text Key="btMoveUp" Text="&amp;Monter" Comment="Move &amp;Up" />
    <Text Key="btOK" Text="&amp;OK" Comment="&amp;OK" />
    <Text Key="btShowAll" Text="&amp;Tout cocher" Comment="&amp;Show All" />
    <Text Key="chkHideCaption" Text="Ne pas afficher de texte" Comment="Do not show any Text" />
    <Text Key="labelSelectColumn" Text="Veuillez sélectionner les colonnes que vous voulez afficher :" Comment="Please select the columns you want to show:" />
    <Text Key="labelHint" Text="Astuce : Vous pouvez changer l'affichage des colonnes en faisant un clic droit sur leurs noms." Comment="Hint: You can also change the displayed columns by right clicking on a column header." />
    <Text Key="labelFirstLine" Text="Première ligne :" Comment="First Line:" />
    <Text Key="labelSecondLine" Text="Deuxième ligne :" Comment="Second Line:" />
    <Text Key="labelThirdLine" Text="Troisième ligne :" Comment="Third Line:" />
    <Text Key="labelSelectThumbnailText" Text="Veuillez sélectionner le texte que vous voulez afficher sous les miniatures :" Comment="Please select the text you want to display below the thumbnails:" />
    <Text Key="tabDetails" Text="Détails" Comment="Details" />
    <Text Key="tabThumbnails" Text="Miniatures" Comment="Thumbnails" />
    <Text Key="ListLayoutDialog" Text="Options de la Liste" Comment="List Options" />
    <Text Key="colName" Text="Nom" Comment="Name" />
    <Text Key="colDescription" Text="Description" Comment="Description" />
    <Text Key="btApply" Text="&amp;Appliquer" Comment="&amp;Apply" />
    <Text Key="tabTiles" Text="Étiquettes" Comment="Tiles" />
    <Text Key="btTilesDefault" Text="Par défaut" Comment="Default" />
  </Texts>
</TR>