<?xml version="1.0"?>
<TR xmlns:xsd="http://www.w3.org/2001/XMLSchema" xmlns:xsi="http://www.w3.org/2001/XMLSchema-instance" Name="PasswordDialog" CultureName="fr">
  <Texts>
    <Text Key="btCancel" Text="&amp;Annuler" Comment="&amp;Cancel" />
    <Text Key="btOK" Text="&amp;OK" Comment="&amp;OK" />
    <Text Key="chkRemember" Text="S'en souvenir pour ce serveur" Comment="Remember for this server" />
    <Text Key="labelPassword" Text="Mot de passe :" Comment="Password:" />
    <Text Key="lblDescription" Text="Un mot de passe est nécessaire pour la Bibliothèque à distance :" Comment="A password is needed for the remote library:" />
    <Text Key="PasswordDialog" Text="Mot de passe" Comment="Password" />
  </Texts>
</TR>