<?xml version="1.0"?>
<TR xmlns:xsd="http://www.w3.org/2001/XMLSchema" xmlns:xsi="http://www.w3.org/2001/XMLSchema-instance" Name="PluginEngine" CultureName="fr">
  <Texts>
    <Text Key="EditUpdateBooksCommands" Text="Edit/Update Books Commands" Comment="Edit/Update Books Commands" />
    <Text Key="CreateNewBooksCommands" Text="Create New Books Commands" Comment="Create New Books Commands" />
    <Text Key="ActionswhenBooksareopened" Text="Actions when Books are opened" Comment="Actions when Books are opened" />
    <Text Key="ActionswhenReaderisresized" Text="Actions when Reader is resized" Comment="Actions when Reader is resized" />
    <Text Key="AdditionalSearchProviders" Text="Additional Search Providers" Comment="Additional Search Providers" />
    <Text Key="QuickOpenPanels" Text="Quick Open Panels" Comment="Quick Open Panels" />
    <Text Key="BookPathParsers" Text="Book Path Parsers" Comment="Book Path Parsers" />
    <Text Key="ActionswhenComicRackstarts" Text="Actions when ComicRack starts" Comment="Actions when ComicRack starts" />
    <Text Key="BookInformationPanels" Text="Book Information Panels" Comment="Book Information Panels" />
    <Text Key="CustomBookThumbnailOverlays" Text="Custom Book Thumbnail Overlays" Comment="Custom Book Thumbnail Overlays" />
    <Text Key="ActionswhenComicRackshutsdown" Text="Actions lorsque ComicRack s'arrête" Comment="Actions when ComicRack shuts down" />
  </Texts>
</TR>