<?xml version="1.0"?>
<TR xmlns:xsd="http://www.w3.org/2001/XMLSchema" xmlns:xsi="http://www.w3.org/2001/XMLSchema-instance" Name="SmallComicPreview" CultureName="fr">
  <Texts>
    <Text Key="tbClose" Text="Fermer" Comment="Close" />
    <Text Key="tsbFirst" Text="Première" Comment="First" />
    <Text Key="tsbFirst.Tooltip" Text="Première page" Comment="Go to first page" />
    <Text Key="tsbLast" Text="Dernière" Comment="Last" />
    <Text Key="tsbLast.Tooltip" Text="Dernière page" Comment="Go to last page" />
    <Text Key="tsbNext" Text="Suivante" Comment="Next" />
    <Text Key="tsbNext.Tooltip" Text="Page suivante" Comment="Go to next page" />
    <Text Key="tsbPrev" Text="Précédente" Comment="Previous" />
    <Text Key="tsbPrev.Tooltip" Text="Page précédente" Comment="Go to previous page" />
    <Text Key="tsbRefresh" Text="Rafraîchir" Comment="Refresh" />
    <Text Key="tsbTwoPages" Text="Deux pages" Comment="Two Pages" />
    <Text Key="tsbTwoPages.Tooltip" Text="Afficher une ou deux pages" Comment="Show one or two pages" />
    <Text Key="pageViewer" Text="Aucune sélection" Comment="Nothing Selected" />
    <Text Key="tsbOpen" Text="Ouvrir" Comment="Open" />
    <Text Key="PreviewOnlyForComics" Text="Aperçu seulement pour les Livres" Comment="Preview is only available for Books" />
  </Texts>
</TR>