<?xml version="1.0"?>
<TR xmlns:xsi="http://www.w3.org/2001/XMLSchema-instance" xmlns:xsd="http://www.w3.org/2001/XMLSchema" Name="DisplaySetupDialog" CultureName="sk-SK">
  <Texts>
    <Text Key="ComicDisplaySettingsDialog" Text="Zobrazenie komiksov" Comment="Comic Display Settings" />
    <Text Key="btCancel" Text="&amp;Zrušiť" Comment="&amp;Cancel" />
    <Text Key="btOK" Text="&amp;OK" Comment="&amp;OK" />
    <Text Key="btApply" Text="&amp;Použiť" Comment="&amp;Apply" />
    <Text Key="chkRealisticPages" Text="Realistické zobrazenie komiksov" Comment="Realistic Comic Display" />
    <Text Key="chkPageMargin" Text="Zanechať okraje strán" Comment="Leave margins around the pages" />
    <Text Key="labelPaging" Text="Prechod strán:" Comment="Page Transition:" />
    <Text Key="labelBackgroundColor" Text="Farba:" Comment="Color:" />
    <Text Key="labelBackgroundType" Text="Typ:" Comment="Type:" />
    <Text Key="labelBackgroundTexture" Text="Textúra:" Comment="Texture:" />
    <Text Key="cbBackgroundType.Item0" Text="Prispôsobiť farbu súčasnej strane" Comment="Adjust Color to current Page" />
    <Text Key="cbBackgroundType.Item1" Text="Farba" Comment="Color" />
    <Text Key="cbBackgroundType.Item2" Text="Textúra" Comment="Texture" />
    <Text Key="cbPageTransition.Item0" Text="Žiaden efekt prechodu strán" Comment="No Page Transition Effect" />
    <Text Key="cbPageTransition.Item1" Text="Strana sa postupne objaví" Comment="Page fades in" />
    <Text Key="cbPageTransition.Item2" Text="Strana sa posúva horizontálne" Comment="Page scrolls in horizontally" />
    <Text Key="cbPageTransition.Item3" Text="Strana sa posúva vertikálne" Comment="Page scrolls in vertically" />
    <Text Key="cbPageTransition.Item4" Text="Listovanie" Comment="Page Turn Effect" />
    <Text Key="grpGeneral" Text="Hlavné" Comment="General" />
    <Text Key="grpEffects" Text="Efekty" Comment="Effects" />
    <Text Key="grpBackground" Text="Pozadie" Comment="Background" />
    <Text Key="labelPaper" Text="Papier:" Comment="Paper:" />
    <Text Key="labelPaperStrength" Text="Váha:" Comment="Strength:" />
    <Text Key="cbPaperLayout.Item0" Text="Žiadne" Comment="None" />
    <Text Key="cbPaperLayout.Item1" Text="Textúra" Comment="Tile" />
    <Text Key="cbPaperLayout.Item2" Text="Stred" Comment="Center" />
    <Text Key="cbPaperLayout.Item3" Text="Roztiahnúť" Comment="Stretch" />
    <Text Key="cbPaperLayout.Item4" Text="Zoom" Comment="Zoom" />
    <Text Key="cbTextureLayout.Item0" Text="Žiadne" Comment="None" />
    <Text Key="cbTextureLayout.Item1" Text="Textúra" Comment="Tile" />
    <Text Key="cbTextureLayout.Item2" Text="Stred" Comment="Center" />
    <Text Key="cbTextureLayout.Item3" Text="Roztiahnúť" Comment="Stretch" />
    <Text Key="cbTextureLayout.Item4" Text="Zoom" Comment="Zoom" />
  </Texts>
</TR>