<?xml version="1.0"?>
<TR xmlns:xsi="http://www.w3.org/2001/XMLSchema-instance" xmlns:xsd="http://www.w3.org/2001/XMLSchema" Name="ComicBook" CultureName="sk-SK">
  <Texts>
    <Text Key="Added" Text="Pridané:\t{0}" Comment="Added:\t{0}" />
    <Text Key="Format" Text="Formát:\t{0}" Comment="Format:\t{0}" />
    <Text Key="LastPageReadIs" Text="Posledná prečítaná strana je {0}" Comment="Last page read is {0}" />
    <Text Key="LastTimeOpenedAt" Text="Naposledy otvorené na {0}" Comment="Last time opened at {0}" />
    <Text Key="Library" Text="Knižnica" Comment="Library" />
    <Text Key="MyFavoritesList" Text="Moje obľúbené" Comment="My Favorites" />
    <Text Key="Never" Text=" nikdy" Comment="never" />
    <Text Key="NeverReadList" Text="Nikdy nečítané" Comment="Never Read" />
    <Text Key="NoInformation" Text="Žiadna informácia nie je dostupná" Comment="No information available" />
    <Text Key="None" Text="Žiadne" Comment="None" />
    <Text Key="Of" Text="z" Comment="of" />
    <Text Key="Opened" Text="Otvorené:\t{0}" Comment="Opened:\t{0}" />
    <Text Key="Pages" Text="{0} Strán" Comment="{0} Page(s)" />
    <Text Key="PageSize" Text="Veľkosť:\t{0}" Comment="Size:\t{0}" />
    <Text Key="PageText" Text="Strana #{0}" Comment="Page #{0}" />
    <Text Key="ReadingAtPage" Text="Čítanie na strane {0}" Comment="Reading at page {0}" />
    <Text Key="ReadingList" Text="Čitanie" Comment="Reading" />
    <Text Key="ReadList" Text="Čítať" Comment="Read" />
    <Text Key="RecentlyAddedList" Text="Nedávno pridané" Comment="Recently Added" />
    <Text Key="RecentlyReadList" Text="Nedávno čítané" Comment="Recently Read" />
    <Text Key="Resolution" Text="Rozlíšenie:\t{0} x {1}" Comment="Resolution:\t{0} x {1}" />
    <Text Key="Size" Text="Veľkosť:\t{0}/{1}" Comment="Size:\t{0}/{1}" />
    <Text Key="SmartLists" Text="Smart Listy" Comment="Smart Lists" />
    <Text Key="UnknownSize" Text="Neznáma veľkosť" Comment="Unknown Size" />
    <Text Key="Volume" Text="V{0}" Comment="V{0}" />
    <Text Key="Unknown" Text="Neznáme" Comment="Unknown" />
    <Text Key="FilesUpdateList" Text="Súbory na updatnutie" Comment="Files to update" />
    <Text Key="TempLists" Text="Dočasné zoznamy" Comment="Temporary Lists" />
    <Text Key="FileName" Text="Súbor:\t{0}" Comment="File:\t{0}" />
    <Text Key="Bookmark" Text="Záložka: {0}" Comment="Bookmark:\t{0}" />
    <Text Key="Rotation" Text="Otáčanie: {0}" Comment="Rotation:\t{0}" />
    <Text Key="BookCount" Text="Knihy:\t{0}" Comment="Books:\t{0}" />
  </Texts>
</TR>