<?xml version="1.0"?>
<TR xmlns:xsi="http://www.w3.org/2001/XMLSchema-instance" xmlns:xsd="http://www.w3.org/2001/XMLSchema" Name="CrashDialog" CultureName="sk-SK">
  <Texts>
    <Text Key="labelMessage" Text="Prosím pomôžte robiť ComicRack lepším odoslaním nasledujúceho výpisu. Tento výpis neobsahuje žiadne data, podľa ktorých by sa vás dalo identifikovať." Comment="Please help to make ComicRack a better application by submitting the follwing report. This report does not contain any data that could identify you." />
    <Text Key="chkSubmit" Text="Odoslať" Comment="Submit" />
    <Text Key="btDetails" Text="Detaily" Comment="Details" />
    <Text Key="btResume" Text="Skúsiť obnoviť" Comment="Try Resume" />
    <Text Key="btRestart" Text="Reštartovať" Comment="Restart" />
    <Text Key="btExit" Text="Vypnúť" Comment="Exit" />
    <Text Key="CrashDialog" Text="ComicRack narazil na problém..." Comment="ComicRack encountered a Problem..." />
  </Texts>
</TR>