<?xml version="1.0"?>
<TR xmlns:xsi="http://www.w3.org/2001/XMLSchema-instance" xmlns:xsd="http://www.w3.org/2001/XMLSchema" Name="ListLayoutDialog" CultureName="sk-SK">
  <Texts>
    <Text Key="btCancel" Text="&amp;Zrušiť" Comment="&amp;Cancel" />
    <Text Key="btHideAll" Text="&amp;Skryť všetko" Comment="&amp;Hide All" />
    <Text Key="btMoveDown" Text="Posunúť &amp;Dole" Comment="Move &amp;Down" />
    <Text Key="btMoveUp" Text="Posunúť &amp;Hore" Comment="Move &amp;Up" />
    <Text Key="btOK" Text="&amp;OK" Comment="&amp;OK" />
    <Text Key="btShowAll" Text="&amp;Ukázať všetko" Comment="&amp;Show All" />
    <Text Key="chkHideCaption" Text="Neukázať žiaden text" Comment="Do not show any Text" />
    <Text Key="labelSelectColumn" Text="Prosím vyberte stĺpce, ktoré chcete zobraziť:" Comment="Please select the columns you want to show:" />
    <Text Key="labelHint" Text="Typ: Môžete tiež zmeniť zobrazené stĺpce kliknutím pravým tlačidlom na záložku stĺpca" Comment="Hint: You can also change the displayed columns by right clicking on a column header." />
    <Text Key="labelFirstLine" Text="Prvý riadok:" Comment="First Line:" />
    <Text Key="labelSecondLine" Text="Druhý riadok:" Comment="Second Line:" />
    <Text Key="labelThirdLine" Text="Tretí riadok:" Comment="Third Line:" />
    <Text Key="labelSelectThumbnailText" Text="Prosím vyberte text, ktorý chcete zobraziť pod náhľadmi:" Comment="Please select the text you want to display below the thumbnails:" />
    <Text Key="tabDetails" Text="Detaily" Comment="Details" />
    <Text Key="tabThumbnails" Text="Náhľady" Comment="Thumbnails" />
    <Text Key="ListLayoutDialog" Text="Nastavenia zoznamu" Comment="List Options" />
  </Texts>
</TR>