<?xml version="1.0"?>
<TR xmlns:xsi="http://www.w3.org/2001/XMLSchema-instance" xmlns:xsd="http://www.w3.org/2001/XMLSchema" Name="MagnifySetupControl" CultureName="sk-SK">
  <Texts>
    <Text Key="labelHeight" Text="Výška" Comment="Height" />
    <Text Key="labelOpacity" Text="Priehľadnosť" Comment="Opacity" />
    <Text Key="labelWidth" Text="Šírka" Comment="Width" />
    <Text Key="labelZoom" Text="Zoom" Comment="Zoom" />
    <Text Key="chkSimpleStyle" Text="Jednoduchý štýl" Comment="Simple Style" />
    <Text Key="chkAutoMagnifier" Text="Aktivovať 'dlhým' kliknutím" Comment="Activate with 'long' Click" />
    <Text Key="chkAutoHideMagnifier" Text="Skryť na okraji strany" Comment="Hide at Page Border" />
  </Texts>
</TR>