<?xml version="1.0"?>
<TR xmlns:xsi="http://www.w3.org/2001/XMLSchema-instance" xmlns:xsd="http://www.w3.org/2001/XMLSchema" Name="Messages" CultureName="sk-SK">
  <Texts>
    <Text Key="AlsoRemoveDatabase" Text="&amp;Tiež odstrániť súbory z databázy" Comment="&amp;Also remove the files from the Database" />
    <Text Key="AskRemoveFavorite" Text="Naozaj chcete odstrániť tento odkaz na priečinok obľúbených?" Comment="Do you really want to remove this Favorite Folder link?" />
    <Text Key="AskRemoveItem" Text="Naozaj chcete odstrániť túto položku?" Comment="Do you really want to remove this item?" />
    <Text Key="Attention" Text="Pozor" Comment="Attention" />
    <Text Key="BackgroundConvert" Text="Stále sa updatujú/konvertujú súbory v pozadí. Ak ukončíte teraz, niektoré informácie nebudú do eComicsu zapísané!" Comment="Files are still being updated/converted in the background. If you close now, some information will not be written to the eComics!" />
    <Text Key="CloseComicRack" Text="Zavrieť ComicRack" Comment="Close ComicRack" />
    <Text Key="ClosingComicRack" Text="ComicRack sa zatvára" Comment="Closing ComicRack" />
    <Text Key="CouldNotSaveComic" Text="Nepodarilo sa uložiť eComic!\nDôvod: {0}" Comment="Could not save eComic!\nReason: {0}" />
    <Text Key="CouldNotSaveImage" Text="Nepodarilo sa uložiť obrázok strany!\nDôvod: {0}" Comment="Could not save the page image!\nReason: {0}" />
    <Text Key="CreateMainWindow" Text="Vytváram hlavné okno" Comment="Creating Main Window" />
    <Text Key="DatabaseNewEmpty" Text="Vyskitol sa problém pri otváraní databázy komiksov. Bola vytorená nová prázdna databáza." Comment="There was a problem opening the Comic Database. A new empty Database has been created." />
    <Text Key="DatabaseRestored" Text="Vyskitol sa problém v databáze komiksov. Posledná známa dobrá verzia databázy bola obnovená. Je možné že ste stratili niektoré údaje." Comment="There was a problem with the Comic Database. The last version to be known good has been restored. You may have lost some entires." />
    <Text Key="Error" Text="Chyba" Comment="Error" />
    <Text Key="ErrorShutDown" Text="Vyskitla sa chyba , uzatváram aplikáciu:\n{0}" Comment="There was an error shutting down the application:\n{0}" />
    <Text Key="FailedDeleteBooks" Text="Niektoré knihy nie je možné vymazať (možno sa práve používajú)!" Comment="Some books could not be deleted (maybe they are in use)!" />
    <Text Key="FailedRetrieveDatabase" Text="Nepodarilo sa získať databázu zo servra!" Comment="Failed to retrieve the Database from the Server!" />
    <Text Key="FailedToInitialize" Text="Nepodarilo sa spustiť ComicRack: {0}" Comment="Failed to initialize ComicRack: {0}" />
    <Text Key="GetServerLibraryText" Text="Obnovujem zdieľané knižnice zo servra" Comment="Retrieving the shared Library from the Server" />
    <Text Key="GettingList" Text="Preberanie zoznamu eComicsov" Comment="Getting eComics List" />
    <Text Key="GettingListText" Text="Získavam všetky eComicsy z vybraného priečinku" Comment="Retrieving all eComics from the selected folder" />
    <Text Key="InitCache" Text="Inicializujem cache" Comment="Initialize Disk Caches" />
    <Text Key="InitGUI" Text="Spúšťam prostredie" Comment="Initalizing User Interface" />
    <Text Key="InitScripts" Text="Spúšťam skripty" Comment="Initalizing Scripts" />
    <Text Key="ListLayout" Text="Vzhľad zoznamu" Comment="List Layout" />
    <Text Key="LoadComic" Text="Načítam eComic" Comment="Loading eComic" />
    <Text Key="LoadCustomSettings" Text="Načítavam vlastné nastavenia" Comment="Loading custom settings" />
    <Text Key="LoadingThumbnail" Text="Načítavam náhľad..." Comment="Loading Thumbnail..." />
    <Text Key="MoveBin" Text="&amp;Tiež presunúť súbory do koša" Comment="&amp;Also move the files to the Recycle Bin" />
    <Text Key="NotAskAgain" Text="&amp;Znovu sa nepýtať" Comment="&amp;Do not ask me again" />
    <Text Key="OpenDatabase" Text="Otváranie databázy" Comment="Opening Database" />
    <Text Key="PasswordNeeded" Text="Potrebujete heslo pre vzdialenú knižnicu '{0}':" Comment="A password is needed for the remote Library '{0}':" />
    <Text Key="ReadNewsFeed" Text="Preberanie správ" Comment="Reading News Feed" />
    <Text Key="RefreshInfo" Text="Obnovujem informácie" Comment="Refreshing Information" />
    <Text Key="RefreshInfoText" Text="Obnovujem informácie pre vybrané eComicsy" Comment="Refreshing information for selected eComics" />
    <Text Key="RefreshServer" Text="Obnovujem servrovú knižnicu" Comment="Refreshing Server Library" />
    <Text Key="Remove" Text="Odstrániť" Comment="Remove" />
    <Text Key="RetrieveNews" Text="Získavam správy" Comment="Retrieving News" />
    <Text Key="RetrieveNewsText" Text="Obnovujem predpísané kanály správ" Comment="Refreshing subscribed News Channels" />
    <Text Key="SaveAllData" Text="Ukladám všetky data na disk..." Comment="Saving all Data to Disk..." />
    <Text Key="SaveListLayout" Text="Uložiť vzhľad zoznamu" Comment="Save List Layout" />
    <Text Key="SavingNewComic" Text="Ukladám nové eComicsy..." Comment="Saving new eComic..." />
    <Text Key="ScriptFailed" Text="Priebeh skriptu zlyhal" Comment="Execution of the script failed!" />
    <Text Key="StartNetwork" Text="Spúš´tam sieť" Comment="Starting Network" />
    <Text Key="WriteData" Text="Píš data" Comment="Write Data" />
    <Text Key="WriteDataText" Text="Píšem data do vybraných eComicsov" Comment="Writing Data to selected eComics" />
    <Text Key="WrongPassword" Text="Heslo pre knižnicu'{0}' nie je správne. Prosím skúste znova:" Comment="The specified password for the Library'{0}' is not correct. Please try again:" />
    <Text Key="AskMoveBin" Text="Ste si istý, že chcete presunúť knihy do koša?" Comment="Are you sure you want to move these books to the recycle bin?" />
    <Text Key="AskRemoveComics" Text="Ste si istý, že chcete zmazať knihy zo zoznamu?" Comment="Are you sure you want to remove these books from the list?" />
    <Text Key="AskRemoveFromLibrary" Text="Ste si istý, že chcete odstrániť knihy z knižnice?\nVšetky informácie neuložené do týchto súborov budu stratené (napr Otvoriť počítadlo, Naposledy prečítané)!" Comment="Are you sure you want to remove these books from the library?\nAll information not stored in the files will be lost (like Open Count, Last Read etc.)!" />
    <Text Key="AddFolderLibrary" Text="eComicsy v tomto priečinku a všetkých podpriečinkoch budú pridané do knižnice." Comment="eComics in this Folder and all sub Folders will be added to the library." />
    <Text Key="Set" Text="Nastaviť" Comment="Set" />
    <Text Key="AskSetAllLists" Text="Ste si istý, že chcete priradiť všetky zozname tejto schéme?" Comment="Are you sure you want to set all Lists to the current layout?" />
    <Text Key="PageFailedToLoad" Text="Nepodarilo sa načítať stranu.\nSkúste refrešnúť ..." Comment="Page failed to load.\nTry refresh to load again..." />
    <Text Key="LoadingPage" Text="Načítavam stranu {0}..." Comment="Loading Page {0}..." />
    <Text Key="RefreshInfoQueueMessage" Text="Obnoviť informácie pre eComic '{0}'" Comment="Refresh information for eComic '{0}'" />
    <Text Key="FastThumbanilQueueMessage" Text="Obnoviť uchované náhľady pre stranu {0} v súbore '{1}'" Comment="Retrieve cached thumbnail for page {0} in file '{1}'" />
    <Text Key="SlowThumbnailQueueMessage" Text="Vytvoriť náhľad strany {0} v súbore '{1}'" Comment="Create thumbnail for page {0} in file '{1}'" />
    <Text Key="GetImageQueueMessage" Text="Získať stranu {0} v súbore '{1}'" Comment="Get page {0} in file '{1}'" />
    <Text Key="OpenError" Text="Nepodarilo sa otvoriť knihu '{0}'!" Comment="Could not open the book '{0}'!" />
    <Text Key="OpeningComic" Text="Otváranie knihy '{0}'..." Comment="Opening the book '{0}'..." />
    <Text Key="NoComicOpen" Text="Žiadna kniha" Comment="No book is open" />
    <Text Key="CloseExternalReader" Text="Toto zavrie iba čítacie okno a nie otvorený/né eComic(si)!" Comment="This will only close the reader Window and not the open eComic(s)!" />
    <Text Key="RestartQuestion" Text="Musíte reštartovať ComicRack pre dokončenie úlohy! Chcete reštartovať teraz?" Comment="ComicRack needs to restart to complete the operation! Do you want to restart now?" />
    <Text Key="DatabaseBackupError" Text="Vyskitla sa chyba pri ukladaní záložnej kópie databázy" Comment="There was an error saving the Database backup" />
    <Text Key="DatabaseBackupRestored" Text="Záloha predošlej databázy bola úspešne obnovená!" Comment="A previous database backup has been successfully restored!" />
    <Text Key="WriteInfoQueueMessage" Text="Napíšte informácie do eComicsu '{0}'" Comment="Write information to eComic '{0}'" />
    <Text Key="ScanComicQueueMessage" Text="Skenujem '{0}'" Comment="Scanning '{0}'" />
    <Text Key="ErrorWritingReadingList" Text="Vyskytla sa chyba pri exportovaní zoznamu čítaných '{0}'" Comment="There was an error exporting the Reading List '{0}'" />
    <Text Key="ErrorOpeningReadingList" Text="Vyskitla sa chyba pri importovaní čítacieho listu '{0}'" Comment="There was an error importing the Reading List '{0}'" />
    <Text Key="AskExport" Text="Vybrali ste odstránenie alebo výmenu existujúcich eComicsov počas exportu? Ste si istí, že chcete pokračovať?\nOdstránené súbory budú presunuté do koša počas expostu. Prosim uistite sa že máte dostatok voľného miesta na disku a eComicsu sa nenachádzajú na sieťovom disku!" Comment="You have chosen to delete or replace existing eComics during export? Are you sure you want to continue?\nThe deleted files will be moved to the Recycle Bin during export. Please make sure there is enough disk space available and the eComics are not located on a network drive!" />
    <Text Key="Export" Text="Exportovať" Comment="Export" />
    <Text Key="OutputFileExists" Text="Výstupný súbor '{0}' už existuje!" Comment="Output File '{0}' already exists!" />
    <Text Key="ConvertToCBZ" Text="Konvertovať do CBZ" Comment="Convert to CBZ" />
    <Text Key="ConvertToCB7" Text="Konvertovať do CB7" Comment="Convert to CB7" />
    <Text Key="ExportForPSP" Text="Exportovať pre PSP" Comment="Export for PSP" />
    <Text Key="AbortScan" Text="Zrušiť Scannovanie" Comment="Abort Scanning" />
    <Text Key="AbortExport" Text="Zrušiť Export" Comment="Abort Export" />
    <Text Key="FailedToReadImage" Text="Nepodarilo sa načítať obrázok {0}!" Comment="Failed to read Image {0}!" />
    <Text Key="InvalidExportSettings" Text="Nastavenia exportu nie su správne (napr. pridanie nepodporovaného formátu do knižnice)" Comment="The export settings are not valid (e.g. adding a not supported format to the library)" />
    <Text Key="SourceComicNotValid" Text="Zdroj eComicsu nie je správny" Comment="Source eComic is not valid" />
    <Text Key="ExportComicTitle" Text="Exportovať eComic do" Comment="Export eComic to" />
    <Text Key="DontShowAgain" Text="Toto už nezobrazovať" Comment="Do not show this again" />
    <Text Key="ComicRackMinimizedTitle" Text="ComicRack stále beží" Comment="ComicRack is still running" />
    <Text Key="ComicRackMinimized" Text="Buď uzavriete ComicRack so Súbor/Ukončiť alebo môžete zmeniť toto správanie v dialógu Nastavení.\nKliknite sem ak nechcete aby sa táto správa viac zobrazovala." Comment="You either close ComicRack with File/Exit or you can change this behavior in the Preferences Dialog.\nClick here to not show this message again" />
    <Text Key="ExportQueueMessage" Text="Exportovať eComic '{0}'" Comment="Export eComic '{0}'" />
    <Text Key="ConnectRemoteError" Text="Nepodarilo sa pripojiť na vzdialený server '{0}'" Comment="Could not connect to Remote Server '{0}'" />
    <Text Key="CheckingDatabase" Text="Prezerám databázu" Comment="Checking Database" />
    <Text Key="CheckingDatabaseText" Text="Kontrolulem celistvosť a updatujem akékoľvek chýbajúce data" Comment="Checking integrity and updating any missing Data" />
    <Text Key="AskDirtyItems" Text="Chcete uložiť zmenené informácie pre eComicsy ktoré nie sú v databáze?\nVšetky zmeny neuložené teraz budú stratené!" Comment="Save changed information for eComics that are not in the database?\nAll changes not saved now will be lost!" />
    <Text Key="SaveInfo" Text="Ukladám eComicsy" Comment="Saving eComics" />
    <Text Key="SaveInfoText" Text="Prosím počkajte kým sa uložia všetky neuložené informácie!" Comment="Please wait while all unsaved information is stored!" />
    <Text Key="UndoEditMultipleComics" Text="Zmeniť viacero eComicsov" Comment="Edit multiple eComics" />
    <Text Key="UndoShowInfo" Text="Info eComicsu" Comment="eComic Info" />
    <Text Key="UndoScript" Text="Automatizácia '{0}'" Comment="Automation '{0}'" />
    <Text Key="UndoEditColumn" Text="Zmeniť stĺpec '{0}'" Comment="Edit Column '{0}'" />
    <Text Key="UndoRating" Text="Zmeniť rating" Comment="Change Rating" />
    <Text Key="ScriptPackageExists" Text="Balík skriptov s rovnakým menom už existuje! Chcete prepísať tento balík?" Comment="A Script Package with the same name already exists! Do you want to overwrite this Package?" />
    <Text Key="UpdateComicDynamicMessage" Text="Updatujem webový komiks '{0}'" Comment="Updating Web Comic '{0}'" />
    <Text Key="ConnectToServer" Text="Pripája sa na Server" Comment="Connecting to Server" />
    <Text Key="GetShareInfoText" Text="Získavajú sa informácie o zdielanej knižnici" Comment="Getting information about the shared Library" />
    <Text Key="SelectLocalFolder" Text="Vyberte lokálny priečinok na ukladanie externých eComicsov" Comment="Select a local folder to store the remote eComics" />
    <Text Key="ServerActivity" Text="{0} Aktívny(e) server" Comment="{0} Server(s) running" />
    <Text Key="ConnectServerText" Text="Otváranie spojenia so vzdialeným servrom" Comment="Opening connection to the remote Server" />
    <Text Key="ErrorFileUsed" Text="Tento súbor je už použitý v knižnici" Comment="This file is already used in the Library" />
    <Text Key="CouldNotExportKeyboardLayout" Text="Nepodarilo sa exportovať výpis klávesnice!\nDôvod: {0}" Comment="Could not export Keyboard Layout!\nReason: {0}" />
    <Text Key="CouldNotImportKeyboardLayout" Text="Nepodarilo sa importovať výpis klávesnice!\nDôvod: {0}" Comment="Could not import Keyboard Layout!\nReason: {0}" />
    <Text Key="CouldNotLoadThumbnail" Text="Nepodarilo sa otvoriť náhľad!\nDôvod: {0}" Comment="Could not open Thumbnail!\nReason: {0}" />
    <Text Key="ListLayouts" Text="Zoznam vzhľadov" Comment="List Layouts" />
    <Text Key="UnsolvedBookItems" Text="Nasledujúce eComicsy neboli nájdené v knižnici:\n{0}\nStále chcete importovať čítací list?" Comment="The following eComics were not found in the Library:\n{0}\nDo you still want to import the Reading List?" />
    <Text Key="AlwaysSaveDirty" Text="Vždy uložiť zmeny" Comment="Always save changes" />
    <Text Key="CreateMissingBooks" Text="Pridať chýbajúce eComicsy do knižnice" Comment="Add missing eComics to Library" />
    <Text Key="ImportReadingList" Text="Import zoznam čítaných" Comment="Import Reading List" />
    <Text Key="MatchBooksWithLibrary" Text="Spájanie zoznam s knižnicov" Comment="Matching list with Library" />
    <Text Key="ListMore" Text="{0} viac..." Comment="{0} more..." />
    <Text Key="TaskGroupLoadThumbnails" Text="Načítať náhľady" Comment="Load Thumbnails" />
    <Text Key="TaskGroupCreateThumbnails" Text="Vytvoriť náhľady" Comment="Create Thumbnails" />
    <Text Key="TaskGroupLoadPages" Text="Načítať strany" Comment="Load Pages" />
    <Text Key="TaskGroupCreatePages" Text="Vytvoriť strany" Comment="Create Pages" />
    <Text Key="TaskGroupReadInfo" Text="Načítať info" Comment="Read Info" />
    <Text Key="TaskGroupWriteInfo" Text="Napísať info" Comment="Write Info" />
    <Text Key="TaskGroupUpdateDynamic" Text="Obnoviť webové komiksy" Comment="Update Web Comics" />
    <Text Key="TaskGroupExport" Text="Exportovať komiksy" Comment="Export Comics" />
    <Text Key="TaskGroupScanning" Text="Skenovanie" Comment="Scanning" />
  </Texts>
</TR>