<?xml version="1.0"?>
<TR xmlns:xsi="http://www.w3.org/2001/XMLSchema-instance" xmlns:xsd="http://www.w3.org/2001/XMLSchema" Name="PasswordDialog" CultureName="sk-SK">
  <Texts>
    <Text Key="btCancel" Text="&amp;Zrušiť" Comment="&amp;Cancel" />
    <Text Key="btOK" Text="&amp;OK" Comment="&amp;OK" />
    <Text Key="chkRemember" Text="Pamätať si pre tento server" Comment="Remember for this server" />
    <Text Key="labelPassword" Text="Heslo:" Comment="Password:" />
    <Text Key="lblDescription" Text="Potrebujete heslo pre vzdialenú knižnicu:" Comment="A password is needed for the remote library:" />
    <Text Key="PasswordDialog" Text="Heslo" Comment="Password" />
  </Texts>
</TR>