<?xml version="1.0"?>
<TR xmlns:xsi="http://www.w3.org/2001/XMLSchema-instance" xmlns:xsd="http://www.w3.org/2001/XMLSchema" Name="SaveWorkspaceDialog" CultureName="sk-SK">
  <Texts>
    <Text Key="SaveWorkspaceDialog" Text="Uložiť prostredie" Comment="Save Workspace" />
    <Text Key="btCancel" Text="&amp;Zrušiť" Comment="&amp;Cancel" />
    <Text Key="btOK" Text="&amp;OK" Comment="&amp;OK" />
    <Text Key="txtName" Text="Meno:" Comment="Name:" />
    <Text Key="labelSettings" Text="Toto prostredie obsahuje nastavenia pre:" Comment="This workspace includes settings for:" />
    <Text Key="chkWindowLayouts" Text="Zobrazenia okien" Comment="Window Layouts" />
    <Text Key="chkListLayouts" Text="Zoznam vzhľadov" Comment="List Layouts" />
    <Text Key="chkComicDisplayLayout" Text="Zobrazenie komksov" Comment="Comic Display Layout" />
    <Text Key="chkComicDisplaySettings" Text="Zobrazenie komiksov" Comment="Comic Display Settings" />
  </Texts>
</TR>