<?xml version="1.0"?>
<TR xmlns:xsi="http://www.w3.org/2001/XMLSchema-instance" xmlns:xsd="http://www.w3.org/2001/XMLSchema" Name="SearchBrowser" CultureName="sk-SK">
  <Texts>
    <Text Key="AlternateSeries" Text="Iná séria" Comment="Alternate Series" />
    <Text Key="Colorist" Text="Vyfarbili" Comment="Colorists" />
    <Text Key="Genre" Text="Žánre" Comment="Genres" />
    <Text Key="Imprint" Text="Známky" Comment="Imprints" />
    <Text Key="Inker" Text="Tušovali" Comment="Inkers" />
    <Text Key="LanguageAsText" Text="Jazyky" Comment="Languages" />
    <Text Key="MonthAsText" Text="Mesiace" Comment="Months" />
    <Text Key="Penciller" Text="Nakreslili" Comment="Pencillers" />
    <Text Key="Publisher" Text="Vydavatelia" Comment="Publishers" />
    <Text Key="ShadowSeries" Text="Serie" Comment="Series" />
    <Text Key="ShadowYearAsText" Text="Roky" Comment="Years" />
    <Text Key="Writer" Text="Autori" Comment="Writers" />
    <Text Key="Unspecified" Text="Nešpecifikované" Comment="Unspecified" />
    <Text Key="AllItems" Text="Všetko ({0} {1})" Comment="All ({0} {1})" />
    <Text Key="ShadowTitle" Text="Tituly" Comment="Titles" />
    <Text Key="ShadowFormat" Text="Formáty" Comment="Formats" />
    <Text Key="Editor" Text="Editory" Comment="Editors" />
    <Text Key="Characters" Text="Postavy" Comment="Characters" />
    <Text Key="CoverArtist" Text="Autori titulnej strany" Comment="Cover Artists" />
    <Text Key="AgeRating" Text="Vekové ratingy" Comment="Age Ratings" />
    <Text Key="Tags" Text="Tagy" Comment="Tags" />
    <Text Key="ShadowVolumeAsText" Text="Diely" Comment="Volumes" />
    <Text Key="Teams" Text="Tímy" Comment="Teams" />
    <Text Key="Locations" Text="Lokácie" Comment="Locations" />
    <Text Key="Web" Text="Web" Comment="Web" />
    <Text Key="Letterer" Text="Opísmenoval" Comment="Letterer" />
    <Text Key="RatingAsText" Text="Hodnotenia" Comment="My Ratings" />
    <Text Key="CommunityRatingAsText" Text="Hodnotenia komunity" Comment="Community Ratings" />
    <Text Key="BookPriceAsText" Text="Ceny knihy" Comment="Book Prices" />
    <Text Key="BookAge" Text="Vek knihy" Comment="Book Ages" />
    <Text Key="BookStore" Text="Obchody s knihami" Comment="Book Stores" />
    <Text Key="BookOwner" Text="Vlastníci knihy" Comment="Book Owners" />
    <Text Key="BookCondition" Text="Stav knihy" Comment="Book Conditions" />
    <Text Key="BookCollectionStatus" Text="Stav zbierky kníh" Comment="Book Collection Status" />
    <Text Key="BookLocation" Text="Polohy knihy" Comment="Book Locations" />
  </Texts>
</TR>