<?xml version="1.0"?>
<TR xmlns:xsi="http://www.w3.org/2001/XMLSchema-instance" xmlns:xsd="http://www.w3.org/2001/XMLSchema" Name="TextBoxContextMenu" CultureName="sk-SK">
  <Texts>
    <Text Key="miUndo" Text="Späť" Comment="Undo" />
    <Text Key="miCut" Text="Vystrihnúť" Comment="Cut" />
    <Text Key="miCopy" Text="Kopírovať" Comment="Copy" />
    <Text Key="miPaste" Text="Vložiť" Comment="Paste" />
    <Text Key="miDelete" Text="Zmazať" Comment="Delete" />
    <Text Key="miSelectAll" Text="Označiť všetko" Comment="Select All" />
  </Texts>
</TR>