<?xml version="1.0" encoding="windows-1250" ?>
<TR xmlns:xsi="http://www.w3.org/2001/XMLSchema-instance" xmlns:xsd="http://www.w3.org/2001/XMLSchema" Name="PasswordDialog" CultureName="hr">
  <Texts>
    <Text Key="btCancel" Text="&amp;Odustanak" Comment="&amp;Cancel" />
    <Text Key="btOK" Text="&amp;Potvrda" Comment="&amp;OK" />
    <Text Key="chkRemember" Text="Upamtite ovaj poslu�itelj" Comment="Remember for this server" />
    <Text Key="labelPassword" Text="Lozinka:" Comment="Password:" />
    <Text Key="lblDescription" Text="Lozinka je potrebna za udaljenu biblioteku:" Comment="A password is needed for the remote library:" />
    <Text Key="PasswordDialog" Text="Lozinka" Comment="Password" />
  </Texts>
</TR>