<?xml version="1.0" encoding="windows-1250" ?>
<TR xmlns:xsi="http://www.w3.org/2001/XMLSchema-instance" xmlns:xsd="http://www.w3.org/2001/XMLSchema" Name="SmartListDialog" CultureName="hr">
  <Texts>
    <Text Key="btCancel" Text="&amp;Odustanak" Comment="&amp;Cancel" />
    <Text Key="btOK" Text="&amp;Potvrda" Comment="&amp;OK" />
    <Text Key="labelMatch" Text="Odgovara" Comment="Match" />
    <Text Key="labelRules" Text="iz sljede�ih pravila:" Comment="of the following rules:" />
    <Text Key="SmartListDialog" Text="Ure�ivanje pametnog popisa" Comment="Edit the Smart List" />
    <Text Key="MatchMode" Text="Sve|bilo koji" Comment="All|Any" />
  </Texts>
</TR>