<?xml version="1.0"?>
<TR xmlns:xsi="http://www.w3.org/2001/XMLSchema-instance" xmlns:xsd="http://www.w3.org/2001/XMLSchema" Name="ComicTextElements" CultureName="pt-BR">
  <Texts>
    <Text Key="Caption" Text="Legenda" Comment="Caption" />
    <Text Key="CaptionWithoutTitle" Text="Legenda sem Título" Comment="Caption without Title" />
    <Text Key="AlternateCaption" Text="Alternar Legenda" Comment="Alternate Caption" />
    <Text Key="Title" Text="Título" Comment="Title" />
    <Text Key="ArtistInfo" Text="Artistas" Comment="Artists" />
    <Text Key="Summary" Text="Sumário" Comment="Summary" />
    <Text Key="FileSize" Text="Tamanho do Arquivo" Comment="File Size" />
    <Text Key="Opened" Text="Aberto" Comment="Opened" />
    <Text Key="FileName" Text="Nome do Arquivo" Comment="File Name" />
    <Text Key="FileFormat" Text="Formato do Arquivo" Comment="File Format" />
    <Text Key="Added" Text="Adicionado" Comment="Added" />
    <Text Key="PublisherAndImprint" Text="Editora e Selo" Comment="Publischer and Imprint" />
    <Text Key="AgeRating" Text="Classificação Etária" Comment="Age Rating" />
    <Text Key="Genre" Text="Gênero" Comment="Genre" />
    <Text Key="CharactersAndTeams" Text="Personagens e Equipes" Comment="Characters and Teams" />
    <Text Key="Locations" Text="Locais" Comment="Locations" />
    <Text Key="Notes" Text="Notas" Comment="Notes" />
    <Text Key="PurchaseInformation" Text="Informação de Compra" Comment="Purchase Information" />
    <Text Key="StorageInfoformation" Text="Informação de Armazenagem" Comment="Storage Information" />
    <Text Key="CollectionStatus" Text="Status da Coleção" Comment="Collection Status" />
    <Text Key="Released" Text="Lançado" Comment="Released" />
  </Texts>
</TR>