<?xml version="1.0"?>
<TR xmlns:xsi="http://www.w3.org/2001/XMLSchema-instance" xmlns:xsd="http://www.w3.org/2001/XMLSchema" Name="CommandKeys" CultureName="pt-BR">
  <Texts>
    <Text Key="A" Text="A" Comment="A" />
    <Text Key="Add" Text="Mais" Comment="Add" />
    <Text Key="Alt" Text="Alt" Comment="Alt" />
    <Text Key="B" Text="B" Comment="B" />
    <Text Key="C" Text="C" Comment="C" />
    <Text Key="Ctrl" Text="Ctrl" Comment="Ctrl" />
    <Text Key="D" Text="D" Comment="D" />
    <Text Key="D0" Text="D0" Comment="D0" />
    <Text Key="D1" Text="D1" Comment="D1" />
    <Text Key="D2" Text="D2" Comment="D2" />
    <Text Key="D3" Text="D3" Comment="D3" />
    <Text Key="D4" Text="D4" Comment="D4" />
    <Text Key="D5" Text="D5" Comment="D5" />
    <Text Key="D6" Text="D6" Comment="D6" />
    <Text Key="D7" Text="D7" Comment="D7" />
    <Text Key="D8" Text="D8" Comment="D8" />
    <Text Key="D9" Text="D9" Comment="D9" />
    <Text Key="Decimal" Text="Ponto" Comment="Decimal" />
    <Text Key="Divide" Text="Dividir" Comment="Divide" />
    <Text Key="Down" Text="Baixo" Comment="Down" />
    <Text Key="E" Text="E" Comment="E" />
    <Text Key="End" Text="End" Comment="End" />
    <Text Key="Enter" Text="Enter" Comment="Enter" />
    <Text Key="Escape" Text="Esc" Comment="Escape" />
    <Text Key="F" Text="F" Comment="F" />
    <Text Key="G" Text="G" Comment="G" />
    <Text Key="H" Text="H" Comment="H" />
    <Text Key="Home" Text="Home" Comment="Home" />
    <Text Key="I" Text="I" Comment="I" />
    <Text Key="J" Text="J" Comment="J" />
    <Text Key="K" Text="K" Comment="K" />
    <Text Key="L" Text="L" Comment="L" />
    <Text Key="Left" Text="Esquerda" Comment="Left" />
    <Text Key="M" Text="M" Comment="M" />
    <Text Key="MediaNextTrack" Text="MídiaPróximaFaixa" Comment="MediaNextTrack" />
    <Text Key="MediaPlayPause" Text="MídiaPlayPause" Comment="MediaPlayPause" />
    <Text Key="MediaPreviousTrack" Text="MídiaFaixaAnterior" Comment="MediaPreviousTrack" />
    <Text Key="MediaStop" Text="MídiaStop" Comment="MediaStop" />
    <Text Key="MouseButton4" Text="MouseBotão4" Comment="MouseButton4" />
    <Text Key="MouseButton5" Text="MouseBotão5" Comment="MouseButton5" />
    <Text Key="MouseDoubleButton4" Text="MouseDuploBotão4" Comment="MouseDoubleButton4" />
    <Text Key="MouseDoubleButton5" Text="MouseDuploBotão5" Comment="MouseDoubleButton5" />
    <Text Key="MouseDoubleLeft" Text="MouseDuploEsquerdo" Comment="MouseDoubleLeft" />
    <Text Key="MouseDoubleMiddle" Text="MouseDuploMeio" Comment="MouseDoubleMiddle" />
    <Text Key="MouseDoubleRight" Text="MouseDuploDireito" Comment="MouseDoubleRight" />
    <Text Key="MouseLeft" Text="MouseEsquerdo" Comment="MouseLeft" />
    <Text Key="MouseMiddle" Text="MouseMeio" Comment="MouseMiddle" />
    <Text Key="MouseRight" Text="MouseDireito" Comment="MouseRight" />
    <Text Key="MouseTiltLeft" Text="MouseVirarEsquerda" Comment="MouseTiltLeft" />
    <Text Key="MouseTiltRight" Text="MouseVirarDireita" Comment="MouseTiltRight" />
    <Text Key="MouseWheelDown" Text="MouseRodaBaixo" Comment="MouseWheelDown" />
    <Text Key="MouseWheelUp" Text="MouseRodaCima" Comment="MouseWheelUp" />
    <Text Key="Multiply" Text="Multiplicar" Comment="Multiply" />
    <Text Key="N" Text="N" Comment="N" />
    <Text Key="None" Text="Nenhum" Comment="None" />
    <Text Key="NumPad0" Text="Numérico0" Comment="NumPad0" />
    <Text Key="NumPad1" Text="Numérico1" Comment="NumPad1" />
    <Text Key="NumPad2" Text="Numérico2" Comment="NumPad2" />
    <Text Key="NumPad3" Text="Numérico3" Comment="NumPad3" />
    <Text Key="NumPad4" Text="Numérico4" Comment="NumPad4" />
    <Text Key="NumPad5" Text="Numérico5" Comment="NumPad5" />
    <Text Key="NumPad6" Text="Numérico6" Comment="NumPad6" />
    <Text Key="NumPad7" Text="Numérico7" Comment="NumPad7" />
    <Text Key="NumPad8" Text="Numérico8" Comment="NumPad8" />
    <Text Key="NumPad9" Text="Numérico9" Comment="NumPad9" />
    <Text Key="O" Text="O" Comment="O" />
    <Text Key="P" Text="P" Comment="P" />
    <Text Key="PageDown" Text="PageDown" Comment="PageDown" />
    <Text Key="PageUp" Text="PageUp" Comment="PageUp" />
    <Text Key="Q" Text="Q" Comment="Q" />
    <Text Key="R" Text="R" Comment="R" />
    <Text Key="Right" Text="Direita" Comment="Right" />
    <Text Key="S" Text="S" Comment="S" />
    <Text Key="Shift" Text="Shift" Comment="Shift" />
    <Text Key="Space" Text="Espaço" Comment="Space" />
    <Text Key="Subtract" Text="Menos" Comment="Subtract" />
    <Text Key="T" Text="T" Comment="T" />
    <Text Key="Tab" Text="Tab" Comment="Tab" />
    <Text Key="U" Text="U" Comment="U" />
    <Text Key="Up" Text="Cima" Comment="Up" />
    <Text Key="V" Text="V" Comment="V" />
    <Text Key="W" Text="W" Comment="W" />
    <Text Key="X" Text="X" Comment="X" />
    <Text Key="Y" Text="Y" Comment="Y" />
    <Text Key="Z" Text="Z" Comment="Z" />
    <Text Key="Zoom" Text="Zoom" Comment="Zoom" />
    <Text Key="Gesture1" Text="Movimento 1" Comment="Gesture 1" />
    <Text Key="Gesture2" Text="Movimento 2" Comment="Gesture 2" />
    <Text Key="Gesture3" Text="Movimento 3" Comment="Gesture 3" />
    <Text Key="Gesture4" Text="Movimento 4" Comment="Gesture 4" />
    <Text Key="Gesture5" Text="Movimento 5" Comment="Gesture 5" />
    <Text Key="Gesture6" Text="Movimento 6" Comment="Gesture 6" />
    <Text Key="Gesture7" Text="Movimento 7" Comment="Gesture 7" />
    <Text Key="Gesture8" Text="Movimento 8" Comment="Gesture 8" />
    <Text Key="Gesture9" Text="Movimento 9" Comment="Gesture 9" />
    <Text Key="TouchPressAndTap" Text="Aperte e Bata" Comment="Press and Tap" />
    <Text Key="TouchTwoFingerTap" Text="Dois Tapinhas" Comment="Two Finger Tap" />
    <Text Key="GestureDouble1" Text="Gesto Duplo 1" Comment="Gesture Double 1" />
    <Text Key="GestureDouble2" Text="Gesto Duplo 2" Comment="Gesture Double 2" />
    <Text Key="GestureDouble3" Text="Gesto Duplo 3" Comment="Gesture Double 3" />
    <Text Key="GestureDouble4" Text="Gesto Duplo 4" Comment="Gesture Double 4" />
    <Text Key="GestureDouble5" Text="Gesto Duplo 5" Comment="Gesture Double 5" />
    <Text Key="GestureDouble6" Text="Gesto Duplo 6" Comment="Gesture Double 6" />
    <Text Key="GestureDouble7" Text="Gesto Duplo 7" Comment="Gesture Double 7" />
    <Text Key="GestureDouble8" Text="Gesto Duplo 8" Comment="Gesture Double 8" />
    <Text Key="GestureDouble9" Text="Gesto Duplo 9" Comment="Gesture Double 9" />
    <Text Key="TouchTap" Text="Tapa" Comment="Tap" />
    <Text Key="TouchDoubleTap" Text="Tapa Duplo" Comment="Double Tap" />
  </Texts>
</TR>