<?xml version="1.0"?>
<TR xmlns:xsi="http://www.w3.org/2001/XMLSchema-instance" xmlns:xsd="http://www.w3.org/2001/XMLSchema" Name="CrashDialog" CultureName="pt-BR">
  <Texts>
    <Text Key="labelMessage" Text="Por favor ajude a fazer o ComicRack um aplicativo melhor submetendo o seguinte reporte. Esse reporte não contêm nenhum dado que pode lhe identificar." Comment="Please help to make ComicRack a better application by submitting the follwing report. This report does not contain any data that could identify you." />
    <Text Key="chkSubmit" Text="Submeter" Comment="Submit" />
    <Text Key="btDetails" Text="Detalhes" Comment="Details" />
    <Text Key="btResume" Text="Tentar Resumir" Comment="Try Resume" />
    <Text Key="btRestart" Text="Reiniciar" Comment="Restart" />
    <Text Key="btExit" Text="Sair" Comment="Exit" />
    <Text Key="CrashDialog" Text="ComicRack encontrou um Problema..." Comment="ComicRack encountered a Problem..." />
  </Texts>
</TR>