<?xml version="1.0"?>
<TR xmlns:xsi="http://www.w3.org/2001/XMLSchema-instance" xmlns:xsd="http://www.w3.org/2001/XMLSchema" Name="DeviceSelectDialog" CultureName="pt-BR">
  <Texts>
    <Text Key="DeviceSelectDialog" Text="Selecionar Dispositivo" Comment="Select Device" />
    <Text Key="btCancel" Text="&amp;Cancelar" Comment="&amp;Cancel" />
    <Text Key="btOK" Text="&amp;OK" Comment="&amp;OK" />
    <Text Key="colName" Text="Nome" Comment="Name" />
    <Text Key="colModel" Text="Modelo" Comment="Model" />
    <Text Key="colSerial" Text="Série" Comment="Serial" />
  </Texts>
</TR>