<?xml version="1.0"?>
<TR xmlns:xsi="http://www.w3.org/2001/XMLSchema-instance" xmlns:xsd="http://www.w3.org/2001/XMLSchema" Name="Groups" CultureName="pt-BR">
  <Texts>
    <Text Key="AlphabetGroups" Text="0-9|A|B|C|D|E|F|G|H|I|J|K|L|M|N|O|P|Q|R|S|T|U|V|W|X|Y|Z|Outro" Comment="0-9|A|B|C|D|E|F|G|H|I|J|K|L|M|N|O|P|Q|R|S|T|U|V|W|X|Y|Z|Other" />
    <Text Key="CountGroups" Text="0-20|21-50|51-100|101-200|201-500|501-1000|&gt;1000|Não informado" Comment="0-20|21-50|51-100|101-200|201-500|501-1000|&gt;1000|Unspecified" />
    <Text Key="ReadPercentageGroups" Text="Não lido|0%|10%|20%|30%|40%|50%|60%|70%|80%|90%|Lido" Comment="Not Read|0%|10%|20%|30%|40%|50%|60%|70%|80%|90%|Completed" />
    <Text Key="SizeGroups" Text="Vazio|Muito pequeno|Pequeno|Médio|Grande|Enorme" Comment="Empty|Very Small|Small|Medium|Big|Huge" />
    <Text Key="RatingGroups" Text="Sem avaliação|Sem estrelas|1 Estrela|2 Estrelas|3 Estrelas|4 Estrelas|5 Estrelas" Comment="Not Rated|No Stars|1 Star|2 Stars|3 Stars|4 Stars|5 Stars" />
    <Text Key="VolumeGroups" Text="Nenhum|V0|V1|V2|V3|V4|V5|V6|V7|V8|V9|V10|V11|V12|Outro" Comment="None|V{0}|Other" />
    <Text Key="MangaGroups" Text="Mangá|Não Mangá|Desconhecido" Comment="Manga|No Manga|Unknown" />
    <Text Key="BWGroups" Text="Preto e Branco|Colorido|Desconhecido" Comment="Black and White|Color|Unknown" />
    <Text Key="LinkedGroups" Text="Ligada a Arquivo|Não ligada a Arquivo" Comment="Linked to File|Not linked to File" />
    <Text Key="PriceGroups" Text="Desconhecido|Grátis|0-10|10-20|20-30|30-40|40-50|50-100|acima de 100" Comment="Unknown|Free|0-10|10-20|20-30|30-40|40-50|50-100|over 100" />
    <Text Key="DateGroups" Text="Nunca|Hoje|Ontem|Dois Dias Atrás|Três Dias Atrás|Esta Semana|Semana Passada|Duas Semanas Atrás|Três Semanas Atrás|Este Mês|Mês Passado|Dois Meses atrás|Três Meses atrás|Quatro Meses atrás|Cinco Meses atrás|Seis Meses atrás|Este Ano|Ano Passado|Dois Anos atrás|Três Anos atrás|Há mais de Três Anos|Ano Que Vem|No Futuro" Comment="Never|Today|Yesterday|Two Days Ago|Three Days Ago|This Week|Last Week|Two Weeks Ago|Three Weeks Ago|This Month|Last Month|Two Months ago|Three Months ago|Four Months ago|Five Months ago|Six Months ago|This Year|Last Year|Two Years ago|Three Years ago|Older than Three Years|Next Year|In the Future" />
    <Text Key="SeriesCompleteGroups" Text="Série completa|Série incompleta|Desconhecido" Comment="Series complete|Series not complete|Unknown" />
    <Text Key="EnableProposedGroups" Text="Valores Propostos usados|Valores Propostos não usados" Comment="Proposed Values used|Proposed Values no used" />
    <Text Key="HasBeenReadGroups" Text="Lido|Não Lido" Comment="Read|Unread" />
    <Text Key="CheckedGroups" Text="Assinalado|Não Assinalado" Comment="Checked|Not Checked" />
  </Texts>
</TR>