<?xml version="1.0"?>
<TR xmlns:xsi="http://www.w3.org/2001/XMLSchema-instance" xmlns:xsd="http://www.w3.org/2001/XMLSchema" Name="MagnifySetupControl" CultureName="pt-BR">
  <Texts>
    <Text Key="labelHeight" Text="Altura" Comment="Height" />
    <Text Key="labelOpacity" Text="Opacidade" Comment="Opacity" />
    <Text Key="labelWidth" Text="Largura" Comment="Width" />
    <Text Key="labelZoom" Text="Zoom" Comment="Zoom" />
    <Text Key="chkSimpleStyle" Text="Estilo Simples" Comment="Simple Style" />
    <Text Key="chkAutoMagnifier" Text="Ativar com Clique 'longo'" Comment="Activate with 'long' Click" />
    <Text Key="chkAutoHideMagnifier" Text="Esconder na Borda da Página" Comment="Hide at Page Border" />
  </Texts>
</TR>