<?xml version="1.0"?>
<TR xmlns:xsi="http://www.w3.org/2001/XMLSchema-instance" xmlns:xsd="http://www.w3.org/2001/XMLSchema" Name="PasswordDialog" CultureName="pt-BR">
  <Texts>
    <Text Key="btCancel" Text="&amp;Cancelar" Comment="&amp;Cancel" />
    <Text Key="btOK" Text="&amp;OK" Comment="&amp;OK" />
    <Text Key="chkRemember" Text="Lembrar para este servidor" Comment="Remember for this server" />
    <Text Key="labelPassword" Text="Senha:" Comment="Password:" />
    <Text Key="lblDescription" Text="Precisa-se de uma senha para a biblioteca remota:" Comment="A password is needed for the remote library:" />
    <Text Key="PasswordDialog" Text="Senha" Comment="Password" />
  </Texts>
</TR>