<?xml version="1.0"?>
<TR xmlns:xsi="http://www.w3.org/2001/XMLSchema-instance" xmlns:xsd="http://www.w3.org/2001/XMLSchema" Name="Script.SearchAndReplace" CultureName="pt-BR">
  <Texts>
    <Text Key="Cancel" Text="&amp;Cancelar" Comment="&amp;Cancel" />
    <Text Key="OK" Text="&amp;OK" Comment="&amp;OK" />
    <Text Key="Caption" Text="Buscar e Substituir..." Comment="Search and Replace..." />
    <Text Key="Name" Text="Buscar e Substituir..." Comment="Search and Replace..." />
    <Text Key="labelField" Text="Campos:" Comment="Fields:" />
    <Text Key="labelSearch" Text="Pesquisa:" Comment="Search:" />
    <Text Key="labelReplace" Text="Substituir" Comment="Replace" />
    <Text Key="Description" Text="Um script para buscar e substituir valores nos Livros" Comment="A script to to search and replace values in Books" />
  </Texts>
</TR>