﻿<?xml version="1.0"?>
<TR xmlns:xsi="http://www.w3.org/2001/XMLSchema-instance" xmlns:xsd="http://www.w3.org/2001/XMLSchema" Name="ComicPageType" CultureName="zh-CHT">
  <Texts>
    <Text Key="Advertisment" Text="廣告" Comment="Advertisment" />
    <Text Key="BackCover" Text="封底" Comment="Back Cover" />
    <Text Key="Deleted" Text="已刪除" Comment="Deleted" />
    <Text Key="Editorial" Text="評論" Comment="Editorial" />
    <Text Key="FrontCover" Text="封面" Comment="Front Cover" />
    <Text Key="InnerCover" Text="封二" Comment="Inner Cover" />
    <Text Key="Letters" Text="字母" Comment="Letters" />
    <Text Key="Other" Text="其它" Comment="Other" />
    <Text Key="Preview" Text="預覽" Comment="Preview" />
    <Text Key="Roundup" Text="綜合" Comment="Roundup" />
    <Text Key="Story" Text="故事" Comment="Story" />
  </Texts>
</TR>
