﻿<?xml version="1.0"?>
<TR xmlns:xsi="http://www.w3.org/2001/XMLSchema-instance" xmlns:xsd="http://www.w3.org/2001/XMLSchema" Name="ComicBookDialog" CultureName="zh-CHT">
  <Texts>
    <Text Key="btCancel" Text="取消" Comment="&amp;Cancel" />
    <Text Key="btNext" Text="下一本" Comment="&amp;Next" />
    <Text Key="btOK" Text="確定" Comment="&amp;OK" />
    <Text Key="btResetPages" Text="重置" Comment="Reset" />
    <Text Key="btResetColors" Text="重置" Comment="Reset" />
    <Text Key="btPrev" Text="上一本" Comment="&amp;Previous" />
    <Text Key="chkMangaStyle" Text="動漫類型" Comment="Manga Style" />
    <Text Key="colImage" Text="圖像" Comment="Image" />
    <Text Key="colKey" Text="按鍵" Comment="Key" />
    <Text Key="colPage" Text="頁面" Comment="Page" />
    <Text Key="colType" Text="類型" Comment="Type" />
    <Text Key="ComicBookDialog" Text="信息" Comment="Info" />
    <Text Key="labelAlternateNumber" Text="序號：" Comment="Number:" />
    <Text Key="labelAlternateSeries" Text="備用叢書或故事標題：" Comment="Alternate Series or Storyline Title:" />
    <Text Key="labelBrightness" Text="亮度" Comment="Brightness" />
    <Text Key="labelColorist" Text="配色師：" Comment="Colorist:" />
    <Text Key="labelContrast" Text="對比度" Comment="Contrast" />
    <Text Key="labelEditor" Text="編輯：" Comment="Editor:" />
    <Text Key="labelFormat" Text="格式" Comment="Format:" />
    <Text Key="labelGenre" Text="流派：" Comment="Genre:" />
    <Text Key="labelImprint" Text="出版標記：" Comment="Imprint:" />
    <Text Key="labelInker" Text="著墨員：" Comment="Inker:" />
    <Text Key="labelLanguage" Text="語言：" Comment="Language:" />
    <Text Key="labelLetterer" Text="文字書寫員：" Comment="Letterer:" />
    <Text Key="labelMonth" Text="月份：" Comment="Month:" />
    <Text Key="labelNoPages" Text="此漫畫從未被打開所以頁面數未知" Comment="This eComic has never been opened and the page count is still unknown." />
    <Text Key="labelNotes" Text="注解：" Comment="Notes:" />
    <Text Key="labelNumber" Text="序號：" Comment="Number:" />
    <Text Key="labelOpened" Text="打開於：" Comment="Opened:" />
    <Text Key="labelPages" Text="頁面：" Comment="Pages:" />
    <Text Key="labelPagesRead" Text="已讀頁面：" Comment="Pages Read:" />
    <Text Key="labelPenciller" Text="畫圖員：" Comment="Penciller:" />
    <Text Key="labelPublisher" Text="出版社：" Comment="Publisher:" />
    <Text Key="labelSaturation" Text="飽和度" Comment="Saturation" />
    <Text Key="labelSeries" Text="叢書：" Comment="Series:" />
    <Text Key="labelSize" Text="大小：" Comment="Size:" />
    <Text Key="labelSummary" Text="摘要：" Comment="Summary:" />
    <Text Key="labelTags" Text="標簽：" Comment="Tags:" />
    <Text Key="labelTitle" Text="標題：" Comment="Title:" />
    <Text Key="labelVolume" Text="卷：" Comment="Volume:" />
    <Text Key="labelWhere" Text="位置：" Comment="Where:" />
    <Text Key="labelWriter" Text="作者：" Comment="Writer:" />
    <Text Key="labelYear" Text="年代：" Comment="Year:" />
    <Text Key="tabColors" Text="顏色" Comment="Colors" />
    <Text Key="tabPages" Text="頁面" Comment="Pages" />
    <Text Key="tabSummary" Text="摘要" Comment="Summary" />
    <Text Key="pageViewer" Text="雙擊顏色來設置白點" Comment="Double Click on Color to set White Point" />
    <Text Key="labelPagesInfo" Text="可通過鼠標拖拽來改變頁面順序，右鍵菜單設置頁面類型：" Comment="Change the page order with drag &amp; drop or use the context menu to change page types:" />
    <Text Key="labelType" Text="類型：" Comment="Type:" />
    <Text Key="labelBlackAndWhite" Text="黑白" Comment="Black and White" />
    <Text Key="labelAlternateCount" Text="於:" Comment="of:" />
    <Text Key="labelCoverArtist" Text="封面作者:" Comment="Cover Artist:" />
    <Text Key="labelCount" Text="於:" Comment="of:" />
    <Text Key="tabPlot" Text="故事&amp;說明" Comment="Plot &amp; Notes" />
    <Text Key="labelManga" Text="動漫" Comment="Manga:" />
    <Text Key="labelEnableProposed" Text="啟用建議值:" Comment="Enable Proposed:" />
    <Text Key="labelAgeRating" Text="年齡限定" Comment="Age Rating" />
    <Text Key="labelCharacters" Text="人物:" Comment="Characters:" />
    <Text Key="labelSharpening" Text="銳化" Comment="Sharpening" />
    <Text Key="tabDetails" Text="詳情" Comment="Details" />
    <Text Key="btPageView" Text="頁面" Comment="Pages" />
    <Text Key="labelTeams" Text="團隊:" Comment="Teams:" />
    <Text Key="labelLocations" Text="位置:" Comment="Locations:" />
    <Text Key="labelWeb" Text="網絡:" Comment="Web:" />
    <Text Key="labelEnableDynamicUpdate" Text="升級包含:" Comment="Include in Updates:" />
  </Texts>
</TR>
