﻿<?xml version="1.0"?>
<TR xmlns:xsi="http://www.w3.org/2001/XMLSchema-instance" xmlns:xsd="http://www.w3.org/2001/XMLSchema" Name="ComicBrowserControl" CultureName="zh-CHT">
  <Texts>
    <Text Key="ArrangedBy" Text="按 {0} 整理" Comment="Arranged by {0}" />
    <Text Key="ComicFiltered" Text="{0} 過濾結果" Comment="{0} filtered" />
    <Text Key="ComicMulti" Text="{0} 漫畫" Comment="{0} eComics" />
    <Text Key="ComicSelected" Text="已選擇{0}本" Comment="{0} selected" />
    <Text Key="ComicSingle" Text="{0} 漫畫" Comment="{0} eComic" />
    <Text Key="GroupedBy" Text="根據 {0} 分組" Comment="Grouped by {0}" />
    <Text Key="miAddLibrary" Text="添加到媒體庫" Comment="&amp;Add to Library" />
    <Text Key="miAutomation" Text="自動執行" Comment="Automation" />
    <Text Key="miCopyData" Text="複製數據" Comment="&amp;Copy Data" />
    <Text Key="miInvertSelection" Text="反選" Comment="&amp;Invert Selection" />
    <Text Key="miMarkAs" Text="標記為" Comment="&amp;Mark as" />
    <Text Key="miMarkRead" Text="已讀" Comment="&amp;Read" />
    <Text Key="miMarkUnread" Text="未讀" Comment="&amp;Unread" />
    <Text Key="miPasteData" Text="粘貼數據..." Comment="&amp;Paste Data..." />
    <Text Key="miProperties" Text="獲取信息..." Comment="&amp;Get Info..." />
    <Text Key="miRateMenu" Text="我的評價" Comment="My &amp;Rating" />
    <Text Key="miRating0" Text="無" Comment="None" />
    <Text Key="miRating1" Text="* (一星)" Comment="* (1 Star)" />
    <Text Key="miRating2" Text="** (二星)" Comment="** (2 Stars)" />
    <Text Key="miRating3" Text="*** (三星)" Comment="*** (3 Stars)" />
    <Text Key="miRating4" Text="**** (四星)" Comment="**** (4 Stars)" />
    <Text Key="miRating5" Text="***** (五星)" Comment="***** (5 Stars)" />
    <Text Key="miRead" Text="打開" Comment="&amp;Open" />
    <Text Key="miReadTab" Text="在新標簽中打開" Comment="Open in new Tab" />
    <Text Key="miRefreshInformation" Text="刷新" Comment="Refresh" />
    <Text Key="miRemove" Text="移除..." Comment="Re&amp;move..." />
    <Text Key="miRevealBrowser" Text="在瀏覽器中顯示書籍" Comment="Reveal Book in &amp;Explorer" />
    <Text Key="miSearchAll" Text="所有" Comment="All" />
    <Text Key="miSearchAll.Tooltip" Text="快速搜索正在檢索所有可用數據" Comment="Quick Search is checking all available data" />
    <Text Key="miSearchArtists" Text="藝術家" Comment="Artists" />
    <Text Key="miSearchArtists.Tooltip" Text="快速搜索正在檢索所有藝術家" Comment="Quick Search is checking all Artists" />
    <Text Key="miSearchDescriptive" Text="描述性的" Comment="Descriptive" />
    <Text Key="miSearchDescriptive.Tooltip" Text="快速搜索正在檢索所有的注解與摘要" Comment="Quick Search is checking all notes and summaries" />
    <Text Key="miSearchFile" Text="文件名" Comment="Filename" />
    <Text Key="miSearchFile.Tooltip" Text="快速搜索正在檢索文件名" Comment="Quick Search is only checking the Filename" />
    <Text Key="miSearchSeries" Text="叢書" Comment="Series" />
    <Text Key="miSearchSeries.Tooltip" Text="快速搜索正在檢索叢書名" Comment="Quick Search is only checking the Series name" />
    <Text Key="miSearchWriter" Text="作者" Comment="Writer" />
    <Text Key="miSearchWriter.Tooltip" Text="快速搜索正在檢索作者名" Comment="Quick Search is only checking the Writer" />
    <Text Key="miSelectAll" Text="選擇所有" Comment="Select &amp;All" />
    <Text Key="miSetTopOfStack" Text="放至匯總頂部" Comment="Set as Top of Stack" />
    <Text Key="miShowOnly" Text="瀏覽漫畫" Comment="&amp;Browse Comics" />
    <Text Key="miShowOnlyAllComics" Text="顯示所有" Comment="Show All" />
    <Text Key="miShowOnlyReadComics" Text="顯示已讀" Comment="Show Read" />
    <Text Key="miShowOnlyReadingComics" Text="顯示在讀" Comment="Show Reading" />
    <Text Key="miShowOnlyUnreadComics" Text="顯示未讀" Comment="Show not Read" />
    <Text Key="miViewDetails" Text="細節" Comment="&amp;Details" />
    <Text Key="miViewThumbnails" Text="縮略圖" Comment="T&amp;humbnails" />
    <Text Key="miViewTiles" Text="信息卡" Comment="&amp;Tiles" />
    <Text Key="None" Text="無" Comment="None" />
    <Text Key="NotArranged" Text="未排序" Comment="Not sorted" />
    <Text Key="NotGrouped" Text="未分組" Comment="Not grouped" />
    <Text Key="NotStacked" Text="未匯總" Comment="Not stacked" />
    <Text Key="StackedBy" Text="按 {0} 匯總" Comment="Stacked by {0}" />
    <Text Key="tbbGroup" Text="組" Comment="Group" />
    <Text Key="tbbGroup.Tooltip" Text="根據不同規範將漫畫分組" Comment="Group eComics by different criteria" />
    <Text Key="tbbGroupFilter.Tooltip" Text="關閉此匯總" Comment="Close this Stack" />
    <Text Key="tbbSort" Text="整理" Comment="Arrange" />
    <Text Key="tbbSort.Tooltip" Text="更改漫畫的排列順序" Comment="Change the sort order of the eComics" />
    <Text Key="tbbStack" Text="匯總" Comment="Stack" />
    <Text Key="tbbView" Text="視圖" Comment="Views" />
    <Text Key="tbbView.Tooltip" Text="更改漫畫的顯示內容與方式" Comment="Change how and what eComics are displayed" />
    <Text Key="tsDeleteListLayout" Text="刪除列表佈局..." Comment="&amp;Delete List Layout..." />
    <Text Key="tsEditListLayout" Text="編輯列表佈局" Comment="&amp;Edit List Layout..." />
    <Text Key="tsSaveListLayout" Text="保存列表佈局..." Comment="&amp;Save List Layout..." />
    <Text Key="tsListLayouts" Text="列表佈局" Comment="List Layouts" />
    <Text Key="tsListLayouts.Tooltip" Text="管理列表佈局" Comment="Manage List Layouts" />
    <Text Key="miShowOnlyDuplicates" Text="顯示重複" Comment="Show Duplicates" />
    <Text Key="miExportComics" Text="導出漫畫" Comment="Export eComics" />
    <Text Key="miExportComicsAs" Text="導出漫畫..." Comment="Export eComics..." />
    <Text Key="miSetListBackground" Text="設為列表背景" Comment="Set as List Background" />
    <Text Key="miResetListBackground" Text="重置列表背景" Comment="Reset List Background" />
    <Text Key="lblDisplayOptionText" Text="“視圖”中的過濾器已啟用，只顯示部分漫畫。" Comment="Because of active options in 'Views', not all eComics are displayed" />
    <Text Key="miEdit" Text="編輯" Comment="Edit" />
    <Text Key="miExportComicsWithPrevious" Text="以前次導出" Comment="Export with Previous" />
    <Text Key="btDisplayAll" Text="全部顯示" Comment="Display &amp;All" />
    <Text Key="miUpdateComicFiles" Text="更新eComic文件" Comment="Update eComic Files" />
    <Text Key="btCloseStack" Text="關閉書庫" Comment="&amp;Close Stack" />
    <Text Key="miAddList" Text="加入列表" Comment="Add to List" />
    <Text Key="miShowInList" Text="以列表顯示" Comment="Show in List" />
    <Text Key="tbbDuplicateList" Text="複製列表" Comment="Duplicate List" />
    <Text Key="tbbDuplicateList.Tooltip" Text="複製當前列表" Comment="Duplicate current List" />
    <Text Key="SearchingLists" Text="搜索列表..." Comment="Searching Lists..." />
    <Text Key="tbUndo" Text="撤銷" Comment="Undo" />
    <Text Key="tbRedo" Text="重做" Comment="Redo" />
    <Text Key="btPrevStack" Text="上一個" Comment="&amp;Previous" />
    <Text Key="btNextStack" Text="下一個" Comment="&amp;Next" />
  </Texts>
</TR>
