﻿<?xml version="1.0"?>
<TR xmlns:xsi="http://www.w3.org/2001/XMLSchema-instance" xmlns:xsd="http://www.w3.org/2001/XMLSchema" Name="ComicDataPasteDialog" CultureName="zh-CHT">
  <Texts>
    <Text Key="btCancel" Text="取消" Comment="&amp;Cancel" />
    <Text Key="btMarkAll" Text="所有" Comment="&amp;All" />
    <Text Key="btMarkDefined" Text="只設置" Comment="Only &amp;Set" />
    <Text Key="btMarkNone" Text="清除" Comment="&amp;Clear" />
    <Text Key="btOK" Text="確定" Comment="&amp;OK" />
    <Text Key="chkAlternateCount" Text="總數" Comment="Total Number" />
    <Text Key="chkAlternateNumber" Text="序號" Comment="Number" />
    <Text Key="chkAlternateSeries" Text="叢書" Comment="Series" />
    <Text Key="chkColor" Text="顏色調整" Comment="Color Adjustment" />
    <Text Key="chkColorist" Text="配色師" Comment="Colorist" />
    <Text Key="chkCount" Text="總數" Comment="Total Number" />
    <Text Key="chkEditor" Text="編輯" Comment="Editor" />
    <Text Key="chkGenre" Text="流派" Comment="Genre" />
    <Text Key="chkImprint" Text="出版標記" Comment="Imprint" />
    <Text Key="chkInker" Text="著墨員" Comment="Inker" />
    <Text Key="chkLanguage" Text="語言" Comment="Language" />
    <Text Key="chkLetterer" Text="文字書寫員" Comment="Letterer" />
    <Text Key="chkMonth" Text="月份" Comment="Month" />
    <Text Key="chkNotes" Text="注解" Comment="Notes" />
    <Text Key="chkNumber" Text="序號" Comment="Number" />
    <Text Key="chkPenciller" Text="畫圖員" Comment="Penciller" />
    <Text Key="chkPublisher" Text="出版社" Comment="Publisher" />
    <Text Key="chkRating" Text="評價" Comment="Rating" />
    <Text Key="chkSeries" Text="叢書" Comment="Series" />
    <Text Key="chkSummary" Text="摘要" Comment="Summary" />
    <Text Key="chkTags" Text="標簽" Comment="Tags" />
    <Text Key="chkTitle" Text="標題" Comment="Title" />
    <Text Key="chkVolume" Text="卷" Comment="Volume" />
    <Text Key="chkWriter" Text="作者" Comment="Writer" />
    <Text Key="chkYear" Text="年代" Comment="Year" />
    <Text Key="chkManga" Text="動漫" Comment="Manga" />
    <Text Key="chkFormat" Text="格式" Comment="Format" />
    <Text Key="chkBlackAndWhite" Text="黑白" Comment="Black and White" />
    <Text Key="ComicDataPasteDialog" Text="粘貼數據到 {0} 漫畫" Comment="Paste Data to {0} eComics" />
    <Text Key="grpAlternate" Text="備用" Comment="Alternate" />
    <Text Key="grpArtists" Text="藝術家 / 相關人員" Comment="Artists / People Involved" />
    <Text Key="grpLibrary" Text="媒體庫" Comment="Library" />
    <Text Key="grpMain" Text="主要" Comment="Main" />
    <Text Key="chkCover" Text="封面" Comment="Cover Artist" />
    <Text Key="chkAgeRating" Text="年齡限定" Comment="Age Rating" />
    <Text Key="chkCharacters" Text="人物" Comment="Characters" />
    <Text Key="chkWeb" Text="網絡" Comment="Web" />
    <Text Key="chkLocations" Text="位置" Comment="Locations" />
    <Text Key="chkTeams" Text="團隊" Comment="Teams" />
  </Texts>
</TR>
