﻿<?xml version="1.0"?>
<TR xmlns:xsi="http://www.w3.org/2001/XMLSchema-instance" xmlns:xsd="http://www.w3.org/2001/XMLSchema" Name="DonationDialog" CultureName="zh-CHT">
  <Texts>
    <Text Key="btCancel" Text="現在跳過" Comment="Skip for now" />
    <Text Key="btOK" Text="確定" Comment="OK" />
    <Text Key="DonationDialog" Text="支持 ComicRack..." Comment="Support ComicRack..." />
    <Text Key="labelText" Text="ComicRack 是數百個小時的工作成果，它沒有大軟件公司在背後。如果你覺得用ComicRack很愉快請考慮投桃報李.\n\n最少捐助 $5 - 買杯啤酒. 捐助結束後你可以用捐助的郵箱地址激活該副本並不會在看到此信息。\n\n即使你決定不捐助 ComicRack 也是提供完全功能的。" Comment="ComicRack is the product of hundrets of hours of work and there's no big Software Company behind it. Please consider giving something back if you're using ComicRack and having fun with it.\n\nThe minimum donation is $5 - paying me a beer. After the donation is completed you can activate this copy with your donation email address and never see this message again.\n\nComicRack is fully functional even if you decide to not make a donation." />
    <Text Key="labelThankYou" Text="感謝支持 ComicRack!" Comment="Thank you for supporting ComicRack!" />
    <Text Key="groupDonate" Text="捐助" Comment="Donate" />
    <Text Key="labelStepOne" Text="步驟1:\n訪問 ComicRack 網站捐助" Comment="Step One:\nVisit ComicRack on the web to donate" />
    <Text Key="labelStepTwo" Text="步驟2:\n進入你的 email 並確認.\n捐助註冊要幾分鐘所以可稍後再做." Comment="Step Two:\nEnter your dontation email and validate it.\nIt may take a few minutes for your donation to be registered so you can do this step a little later." />
    <Text Key="btDonate" Text="捐助頁面" Comment="Donation Page" />
    <Text Key="btValidate" Text="驗證" Comment="Validate" />
    <Text Key="labelEmail" Text="Email 地址:" Comment="Email Address:" />
    <Text Key="TriggerRun" Text="你已啟動了 ComicRack {0}次!" Comment="You have started ComicRack {0} times!" />
    <Text Key="TriggerBooks" Text="你用ComicRack管理了 {0} 本書!" Comment="You are managing {0} books with ComicRack!" />
    <Text Key="ServerError" Text="不能連接 ComicRack服務器驗證 Email 地址. 請檢查網絡連接!" Comment="Could not contact the ComicRack server to validate the Email address. Please check your internet connection!" />
  </Texts>
</TR>
