﻿<?xml version="1.0"?>
<TR xmlns:xsi="http://www.w3.org/2001/XMLSchema-instance" xmlns:xsd="http://www.w3.org/2001/XMLSchema" Name="FileFilter" CultureName="zh-CHT">
  <Texts>
    <Text Key="PageImageSave" Text="JPEG 圖片|*.jpg|Windows Bitmap 圖片|*.bmp|PNG 圖片|*.png|GIF 圖片|*.gif|TIFF 圖片|*.tif" Comment="JPEG Image|*.jpg|Windows Bitmap Image|*.bmp|PNG Image|*.png|GIF Image|*.gif|TIFF Image|*.tif" />
    <Text Key="ComicRackDatabase" Text="ComicRack 數據庫|*.xml" Comment="ComicRack Database|*.xml" />
    <Text Key="AllFiles" Text="所有文件" Comment="All Files" />
    <Text Key="AllSupportedFiles" Text="所有支持的文件" Comment="All supported Files" />
    <Text Key="ReadingListSave" Text="ComicRack 閱讀列表|*.crl|Xml File|*.xml" Comment="ComicRack Reading List|*.cbl|Xml File|*.xml" />
    <Text Key="ReadingListLoad" Text="ComicRack 閱讀列表|*.crl|Xml File|*.xml|All Files|*.*" Comment="ComicRack Reading List|*.cbl|Xml File|*.xml|All Files|*.*" />
    <Text Key="FormatReadingList" Text="ComicRack 閱讀列表" Comment="ComicRack Reading List" />
    <Text Key="ScriptPackage" Text="腳本包|*.zip" Comment="Script Package|*.zip" />
  </Texts>
</TR>
