﻿<?xml version="1.0"?>
<TR xmlns:xsi="http://www.w3.org/2001/XMLSchema-instance" xmlns:xsd="http://www.w3.org/2001/XMLSchema" Name="ItemView" CultureName="zh-CHT">
  <Texts>
    <Text Key="AutoFitAllColumns" Text="自動調整所有列" Comment="Auto Fit All Columns" />
    <Text Key="AutoSizeAllColumns" Text="自動設定所有欄大小" Comment="Auto Size All Columns" />
    <Text Key="AutoSizeColumn" Text="自動設定欄大小" Comment="Auto Size Column" />
    <Text Key="miArrange" Text="按 ... 整理" Comment="Arrange by" />
    <Text Key="miGroup" Text="按...分組" Comment="Group by" />
    <Text Key="miStack" Text="按...匯總" Comment="Stack by" />
    <Text Key="miViewDetails" Text="詳細信息" Comment="Details" />
    <Text Key="miViewMode" Text="視圖" Comment="View" />
    <Text Key="miViewThumbs" Text="縮略圖" Comment="Thumbnails" />
    <Text Key="miViewTiles" Text="信息卡" Comment="Tiles" />
    <Text Key="NotGrouped" Text="未分組" Comment="Not Grouped" />
    <Text Key="NotSorted" Text="未排序" Comment="Not Sorted" />
    <Text Key="NotStacked" Text="未匯總" Comment="Not Stacked" />
    <Text Key="Layout" Text="佈局" Comment="Layout" />
  </Texts>
</TR>
