﻿<?xml version="1.0"?>
<TR xmlns:xsi="http://www.w3.org/2001/XMLSchema-instance" xmlns:xsd="http://www.w3.org/2001/XMLSchema" Name="KeyboardShortcutEditor" CultureName="zh-CHT">
  <Texts>
    <Text Key="chkAlt1" Text="Alt" Comment="Alt" />
    <Text Key="chkAlt2" Text="Alt" Comment="Alt" />
    <Text Key="chkCtrl1" Text="Ctrl" Comment="Ctrl" />
    <Text Key="chkCtrl2" Text="Ctrl" Comment="Ctrl" />
    <Text Key="chkShift1" Text="Shift" Comment="Shift" />
    <Text Key="chkShift2" Text="Shift" Comment="Shift" />
    <Text Key="colAction" Text="動作" Comment="Action" />
    <Text Key="colKeys" Text="按鍵" Comment="Keys" />
    <Text Key="labelAlternateKey" Text="備用鍵：" Comment="Alternate:" />
    <Text Key="labelMainKey" Text="主鍵：" Comment="Main:" />
    <Text Key="NothingSelected" Text="沒有選中任何動作" Comment="No action selected" />
    <Text Key="chkAlt3" Text="Alt" Comment="Alt" />
    <Text Key="chkCtrl3" Text="Ctrl" Comment="Ctrl" />
    <Text Key="chkShift3" Text="Shift" Comment="Shift" />
    <Text Key="labelAlternate2Key" Text="備用鍵：" Comment="Alternate:" />
  </Texts>
</TR>
