﻿<?xml version="1.0"?>
<TR xmlns:xsi="http://www.w3.org/2001/XMLSchema-instance" xmlns:xsd="http://www.w3.org/2001/XMLSchema" Name="Messages" CultureName="zh-CHT">
  <Texts>
    <Text Key="AlsoRemoveDatabase" Text="同時將文件從數據庫中移除" Comment="&amp;Also remove the files from the Database" />
    <Text Key="AskMoveBin" Text="你確定要將這些書放到回收站裏嗎?" Comment="Are you sure you want to move these books to the recycle bin?" />
    <Text Key="AskRemoveComics" Text="你確認要把書籍從列表中移除嗎？" Comment="Are you sure you want to remove these books from the list?" />
    <Text Key="AskRemoveFavorite" Text="你確認要移除該收藏文件夾鏈接嗎？" Comment="Do you really want to remove this Favorite Folder link?" />
    <Text Key="AskRemoveFromLibrary" Text="你確認要把書籍從媒體庫中移除嗎？\n所有未保存在文件中的信息都將遺失（例如打開次數總計，上次打開記錄等等）！" Comment="Are you sure you want to remove these books from the library?\nAll information not stored in the files will be lost (like Open Count, Last Read etc.)!" />
    <Text Key="AskRemoveItem" Text="你確認要移除此項嗎？" Comment="Do you really want to remove this item?" />
    <Text Key="Attention" Text="注意" Comment="Attention" />
    <Text Key="BackgroundConvert" Text="正在後臺升級/轉換文件。如果你此時關閉，一些信息將不會被寫入 eComics 中！" Comment="Files are still being updated/converted in the background. If you close now, some information will not be written to the eComics!" />
    <Text Key="CloseComicRack" Text="關閉 ComicRack" Comment="Close ComicRack" />
    <Text Key="ClosingComicRack" Text="關閉 ComicRack 中" Comment="Closing ComicRack" />
    <Text Key="CouldNotSaveComic" Text="不能保存漫畫！\n原因：{0}" Comment="Could not save eComic!\nReason: {0}" />
    <Text Key="CouldNotSaveImage" Text="無法保存頁面圖片！\n理由：{0}" Comment="Could not save the page image!\nReason: {0}" />
    <Text Key="CreateMainWindow" Text="創建主窗口" Comment="Creating Main Window" />
    <Text Key="DatabaseNewEmpty" Text="打開漫畫數據庫時出現錯誤。新的空媒體庫已被創立。" Comment="There was a problem opening the Comic Database. A new empty Database has been created." />
    <Text Key="DatabaseRestored" Text="漫畫數據庫出現錯誤。恢復為上一個可用的版本。您可能損失了一些條目。" Comment="There was a problem with the Comic Database. The last version to be known good has been restored. You may have lost some entires." />
    <Text Key="Error" Text="錯誤" Comment="Error" />
    <Text Key="ErrorShutDown" Text="關閉應用程序時出現錯誤：\n&#xA;{0}" Comment="There was an error shutting down the application:\n{0}" />
    <Text Key="FailedDeleteBooks" Text="不能刪除一些書籍（可能正在使用中）！" Comment="Some books could not be deleted (maybe they are in use)!" />
    <Text Key="FailedRetrieveDatabase" Text="從服務器獲取數據庫失敗！" Comment="Failed to retrieve the Database from the Server!" />
    <Text Key="FailedToInitialize" Text="初始化 ComicRack 失敗： {0}" Comment="Failed to initialize ComicRack: {0}" />
    <Text Key="GetServerLibrary" Text="獲取服務器媒體庫" Comment="Getting Server Library" />
    <Text Key="GetServerLibraryText" Text="從服務器獲取共享的媒體庫" Comment="Retrieving the shared Library from the Server" />
    <Text Key="GettingList" Text="獲取 eComics 列表" Comment="Getting eComics List" />
    <Text Key="GettingListText" Text="獲取所有選中文件夾中的漫畫" Comment="Retrieving all eComics from the selected folder" />
    <Text Key="InitCache" Text="初始化磁盤緩存" Comment="Initialize Disk Caches" />
    <Text Key="InitGUI" Text="初始化用戶界面" Comment="Initalizing User Interface" />
    <Text Key="InitScripts" Text="初始化腳本" Comment="Initalizing Scripts" />
    <Text Key="ListLayout" Text="列表佈局" Comment="List Layout" />
    <Text Key="LoadComic" Text="載入漫畫" Comment="Loading eComic" />
    <Text Key="LoadCustomSettings" Text="載入自定義設置" Comment="Loading custom settings" />
    <Text Key="LoadingThumbnail" Text="載入縮略圖..." Comment="Loading Thumbnail..." />
    <Text Key="LoadingPage" Text="載入頁面 {0}..." Comment="Loading Page {0}..." />
    <Text Key="MoveBin" Text="同時將文件轉移到回收站" Comment="&amp;Also move the files to the Recycle Bin" />
    <Text Key="NotAskAgain" Text="不要再問我" Comment="&amp;Do not ask me again" />
    <Text Key="OpenDatabase" Text="打開數據庫" Comment="Opening Database" />
    <Text Key="PasswordNeeded" Text="遠程圖書館需要密碼 '{0}'：" Comment="A password is needed for the remote Library '{0}':" />
    <Text Key="ReadNewsFeed" Text="讀取新聞種子" Comment="Reading News Feed" />
    <Text Key="RefreshInfo" Text="刷新信息中" Comment="Refreshing Information" />
    <Text Key="RefreshInfoText" Text="刷新所選漫畫的信息" Comment="Refreshing information for selected eComics" />
    <Text Key="RefreshServer" Text="刷新服務器媒體庫" Comment="Refreshing Server Library" />
    <Text Key="Remove" Text="移除" Comment="Remove" />
    <Text Key="RetrieveNews" Text="獲取新聞" Comment="Retrieving News" />
    <Text Key="RetrieveNewsText" Text="刷新訂閱的新聞頻道" Comment="Refreshing subscribed News Channels" />
    <Text Key="SaveAllData" Text="保存所有數據到磁盤..." Comment="Saving all Data to Disk..." />
    <Text Key="SaveListLayout" Text="保存列表佈局" Comment="Save List Layout" />
    <Text Key="SavingNewComic" Text="保存新的漫畫..." Comment="Saving new eComic..." />
    <Text Key="ScriptFailed" Text="腳本執行錯誤！" Comment="Execution of the script failed!" />
    <Text Key="StartNetwork" Text="啟動網絡" Comment="Starting Network" />
    <Text Key="WriteData" Text="寫入數據" Comment="Write Data" />
    <Text Key="WriteDataText" Text="將數據寫到選中的漫畫中" Comment="Writing Data to selected eComics" />
    <Text Key="WrongPassword" Text="給媒體庫'{0}' 指定的密碼不正確。請重試：" Comment="The specified password for the Library'{0}' is not correct. Please try again:" />
    <Text Key="AddFolderLibrary" Text="此文件家及其子文件夾中的 eComics 都將被添加到媒體庫中。" Comment="eComics in this Folder and all sub Folders will be added to the library." />
    <Text Key="Set" Text="建立" Comment="Set" />
    <Text Key="AskSetAllLists" Text="你確認要把所有列表設置成當前佈局嗎？" Comment="Are you sure you want to set all Lists to the current layout?" />
    <Text Key="PageFailedToLoad" Text="頁面載入失敗.\n嘗試刷新以便重新載入..." Comment="Page failed to load.\nTry refresh to load again..." />
    <Text Key="RefreshInfoQueueMessage" Text="刷新漫畫 '{0}' 的信息" Comment="Refresh information for eComic '{0}'" />
    <Text Key="FastThumbanilQueueMessage" Text="獲取文件 '{1}' 中第 {0} 頁緩存的縮略圖" Comment="Retrieve cached thumbnail for page {0} in file '{1}'" />
    <Text Key="SlowThumbnailQueueMessage" Text="為文件 '{1}' 的第 {0} 頁創建縮略圖" Comment="Create thumbnail for page {0} in file '{1}'" />
    <Text Key="GetImageQueueMessage" Text="獲取文件 '{1}' 中的第 {0} 頁" Comment="Get page {0} in file '{1}'" />
    <Text Key="AskExport" Text="您已經選擇在導出時刪除或覆蓋已存在的漫畫，確認繼續？\n被刪除的文件會被移動到回收站中。請確保有足夠的存儲空間並且漫畫不是保存在網絡存儲器上。" Comment="You have chosen to delete or replace existing eComics during export? Are you sure you want to continue?\nThe deleted files will be moved to the Recycle Bin during export. Please make sure there is enough disk space available and the eComics are not located on a network drive!" />
    <Text Key="Export" Text="導出" Comment="Export" />
    <Text Key="OpenError" Text="不能打開文件 '{0}'！" Comment="Could not open the book '{0}'!" />
    <Text Key="ExportQueueMessage" Text="導出漫畫 '{0}'" Comment="Export eComic '{0}'" />
    <Text Key="WriteInfoQueueMessage" Text="將信息寫入到漫畫 '{0}'" Comment="Write information to eComic '{0}'" />
    <Text Key="OpeningComic" Text="打開書籍 '{0}'..." Comment="Opening the book '{0}'..." />
    <Text Key="NoComicOpen" Text="沒有打開書籍" Comment="No book is open" />
    <Text Key="CloseExternalReader" Text="此操作只關閉閱讀窗口而不是所打開的漫畫" Comment="This will only close the reader Window and not the open eComic(s)!" />
    <Text Key="DontShowAgain" Text="不再顯示此消息" Comment="Do not show this again" />
    <Text Key="RestartQuestion" Text="需要重啟 ComicRack 以完成操作！是否現在重啟？" Comment="ComicRack needs to restart to complete the operation! Do you want to restart now?" />
    <Text Key="DatabaseBackupError" Text="保存數據庫備份時出現錯誤" Comment="There was an error saving the Database backup" />
    <Text Key="DatabaseBackupRestored" Text="已成功還原備份的數據庫" Comment="A previous database backup has been successfully restored!" />
    <Text Key="ScanComicQueueMessage" Text="掃描 '{0}'" Comment="Scanning '{0}'" />
    <Text Key="ErrorWritingReadingList" Text="導出閱讀列表時出現錯誤 '{0}'" Comment="There was an error exporting the Reading List '{0}'" />
    <Text Key="ErrorOpeningReadingList" Text="導入閱讀列表時出現錯誤 '{0}'" Comment="There was an error importing the Reading List '{0}'" />
    <Text Key="UnsolvedBookItems" Text="在庫中沒有找到下列漫畫\n{0}\n是否仍然導入閱讀列表？" Comment="The following eComics where not found in the Library:\n{0}\nDo you still want to import the Reading List?" />
    <Text Key="OutputFileExists" Text="導出文件 '{0}' 已存在!" Comment="Output File '{0}' already exists!" />
    <Text Key="ConvertToCBZ" Text="轉換成 CBZ 格式" Comment="Convert to CBZ" />
    <Text Key="ConvertToCB7" Text="轉換成 CB7 格式" Comment="Convert to CB7" />
    <Text Key="ExportForPSP" Text="為PSP導出" Comment="Export for PSP" />
    <Text Key="AbortScan" Text="中止掃描" Comment="Abort Scanning" />
    <Text Key="AbortExport" Text="中止導出" Comment="Abort Export" />
    <Text Key="FailedToReadImage" Text="無法載入頁面 {0}!" Comment="Failed to read Image {0}!" />
    <Text Key="InvalidExportSettings" Text="導出設置無效（例如：將不支持的格式加入到庫中）" Comment="The export settings are not valid (e.g. adding a not supported format to the library)" />
    <Text Key="SourceComicNotValid" Text="源漫畫無效" Comment="Source eComic is not valid" />
    <Text Key="ExportComicTitle" Text="導出漫畫到" Comment="Export eComic to" />
    <Text Key="ComicRackMinimizedTitle" Text="ComicRack 仍在運行" Comment="ComicRack is still running" />
    <Text Key="ComicRackMinimized" Text="你可以通過文件/退出來關閉 ComicRack 或者在屬性對話框中更改程序行為。\n點擊這裏不再顯示此消息。" Comment="You either close ComicRack with File/Exit or you can change this behavior in the Preferences Dialog.\nClick here to not show this message again" />
    <Text Key="ConnectRemoteError" Text="無法連接到遠程服務器 '{0}'" Comment="Could not connect to Remote Server '{0}'" />
    <Text Key="ConnectToServer" Text="服務器連接中" Comment="Connecting to Server" />
    <Text Key="GetShareInfoText" Text="獲取共享庫德信息" Comment="Getting information about the shared Library" />
    <Text Key="UpdateComicDynamicMessage" Text="更新網絡漫畫 '{0}'" Comment="Updating Web Comic '{0}'" />
    <Text Key="CheckingDatabase" Text="檢查數據庫" Comment="Checking Database" />
    <Text Key="CheckingDatabaseText" Text="檢查完整性並更新丟失數據" Comment="Checking integrity and updating any missing Data" />
    <Text Key="AskDirtyItems" Text="保存補在數據庫中的漫畫改動信息?\n所有未保存改動將丟失!" Comment="Save changed information for eComics that are not in the database?\nAll changes not saved now will be lost!" />
    <Text Key="SaveInfo" Text="保存漫畫中" Comment="Saving eComics" />
    <Text Key="SaveInfoText" Text="請等待保存未儲存信息!" Comment="Please wait while all unsaved information is stored!" />
    <Text Key="UndoEditMultipleComics" Text="編輯多個漫畫" Comment="Edit multiple eComics" />
    <Text Key="UndoShowInfo" Text="漫畫信息" Comment="eComic Info" />
    <Text Key="UndoScript" Text="自動執行 '{0}'" Comment="Automation '{0}'" />
    <Text Key="UndoEditColumn" Text="編輯列 '{0}'" Comment="Edit Column '{0}'" />
    <Text Key="UndoRating" Text="改變評級" Comment="Change Rating" />
    <Text Key="ScriptPackageExists" Text="同名腳本包已存在! 要覆蓋嗎?" Comment="A Script Package with the same name already exists! Do you want to overwrite this Package?" />
    <Text Key="SelectLocalFolder" Text="選擇一個本地文件夾以存放遠程 eComics" Comment="Select a local folder to store the remote eComics" />
    <Text Key="ServerActivity" Text="{0} 服務器運作" Comment="{0} Server(s) running" />
    <Text Key="ConnectServerText" Text="連接到遠程服務器" Comment="Opening connection to the remote Server" />
  </Texts>
</TR>
