﻿<?xml version="1.0"?>
<TR xmlns:xsi="http://www.w3.org/2001/XMLSchema-instance" xmlns:xsd="http://www.w3.org/2001/XMLSchema" Name="PasswordDialog" CultureName="zh-CHT">
  <Texts>
    <Text Key="btCancel" Text="取消" Comment="&amp;Cancel" />
    <Text Key="btOK" Text="確定" Comment="&amp;OK" />
    <Text Key="chkRemember" Text="保留此服務器的密碼" Comment="Remember for this server" />
    <Text Key="labelPassword" Text="密碼：" Comment="Password:" />
    <Text Key="lblDescription" Text="遠程圖書館需要密碼打開：" Comment="A password is needed for the remote library:" />
    <Text Key="PasswordDialog" Text="密碼" Comment="Password" />
  </Texts>
</TR>
