﻿<?xml version="1.0"?>
<TR xmlns:xsi="http://www.w3.org/2001/XMLSchema-instance" xmlns:xsd="http://www.w3.org/2001/XMLSchema" Name="Script.SearchAndReplace" CultureName="zh-CHT">
  <Texts>
    <Text Key="Cancel" Text="取消" Comment="&amp;Cancel" />
    <Text Key="OK" Text="確定" Comment="&amp;OK" />
    <Text Key="Description" Text="查找和替換漫畫中值的腳本" Comment="A script to to search and replace values in eComics" />
    <Text Key="Caption" Text="搜索和替換..." Comment="Search and Replace..." />
    <Text Key="Name" Text="搜索和替換..." Comment="Search and Replace..." />
    <Text Key="labelField" Text="域:" Comment="Fields:" />
    <Text Key="labelSearch" Text="搜索:" Comment="Search:" />
    <Text Key="labelReplace" Text="替換" Comment="Replace" />
  </Texts>
</TR>
