﻿<?xml version="1.0"?>
<TR xmlns:xsi="http://www.w3.org/2001/XMLSchema-instance" xmlns:xsd="http://www.w3.org/2001/XMLSchema" Name="TasksDialog" CultureName="zh-CHT">
  <Texts>
    <Text Key="btClose" Text="關閉" Comment="Close" />
    <Text Key="tabTasks" Text="後臺任務" Comment="Background Tasks" />
    <Text Key="tabNetwork" Text="服務器狀況" Comment="Server Statistics" />
    <Text Key="colTask" Text="任務" Comment="Task" />
    <Text Key="colState" Text="狀態" Comment="State" />
    <Text Key="lblItemCount" Text="{0} 個任務掛起" Comment="{0} Tasks are pending" />
    <Text Key="TasksDialog" Text="任務" Comment="Tasks" />
    <Text Key="btAbort" Text="終止所有用戶任務" Comment="Abort all User Tasks" />
    <Text Key="Clients" Text="客戶: {0}" Comment="Clients: {0}" />
    <Text Key="Info" Text="信息請求: {0}" Comment="Info Requests: {0}" />
    <Text Key="Library" Text="書庫請求: {0}/{1}" Comment="Library Requests: {0}/{1}" />
    <Text Key="Page" Text="頁面請求: {0}/{1}" Comment="Page Requests: {0}/{1}" />
    <Text Key="Thumbnail" Text="縮略圖請求: {0}/{1}" Comment="Thumbnail Requests: {0}/{1}" />
    <Text Key="FailedAuth" Text="驗證失敗: {0}" Comment="Failed Authentications: {0}" />
    <Text Key="AllShares" Text="所有共享" Comment="All Shares" />
    <Text Key="LastMinute" Text="最近一分鐘" Comment="Last Minute" />
    <Text Key="Last5Minutes" Text="最近5分鐘" Comment="Last 5 Minutes" />
    <Text Key="LastHour" Text="最近一小時" Comment="Last Hour" />
    <Text Key="Session" Text="本次" Comment="Session" />
  </Texts>
</TR>
