<?xml version="1.0"?>
<TR xmlns:xsi="http://www.w3.org/2001/XMLSchema-instance" xmlns:xsd="http://www.w3.org/2001/XMLSchema" Name="ComicListLibraryBrowser" CultureName="zh-Hans">
  <Texts>
    <Text Key="miEditSmartList" Text="编辑..." Comment="&amp;Edit..." />
    <Text Key="miNewFolder" Text="新建文件夹..." Comment="New &amp;Folder..." />
    <Text Key="miNewList" Text="新建列表..." Comment="New &amp;List..." />
    <Text Key="miNewSmartList" Text="新建智能列表..." Comment="&amp;New Smart List..." />
    <Text Key="miNodeSort" Text="排序" Comment="&amp;Sort" />
    <Text Key="miOpenWindow" Text="在新窗口中打开" Comment="&amp;Open in New Window" />
    <Text Key="miQueryRename" Text="重命名" Comment="&amp;Rename" />
    <Text Key="miRefresh" Text="刷新" Comment="Re&amp;fresh" />
    <Text Key="miRemoveListOrFolder" Text="移除..." Comment="&amp;Re&amp;move..." />
    <Text Key="NewFolder" Text="新建文件夹" Comment="New Folder" />
    <Text Key="NewList" Text="新建列表" Comment="New List" />
    <Text Key="NewSmartList" Text="新建智能列表" Comment="New Smart List" />
    <Text Key="tbNewFolder" Text="新建文件夹" Comment="New &amp;Folder" />
    <Text Key="tbNewFolder.Tooltip" Text="创建新文件夹来组织你的列表" Comment="Create a new folder to organize your lists" />
    <Text Key="tbNewList" Text="新建列表" Comment="New &amp;List" />
    <Text Key="tbNewList.Tooltip" Text="创建新的自定义列表" Comment="Create a new custom List" />
    <Text Key="tbNewSmartList" Text="新建智能列表" Comment="&amp;New Smart List" />
    <Text Key="tbNewSmartList.Tooltip" Text="创建新的智能列表" Comment="Create a new Smart List" />
    <Text Key="tbOpenWindow" Text="新建窗口" Comment="New Window" />
    <Text Key="tbOpenWindow.Tooltip" Text="将当前列表在新窗口中打开" Comment="Open current list in new Window" />
    <Text Key="tbRefresh" Text="刷新" Comment="Refresh" />
    <Text Key="NewSmartListOption" Text="当前视图截屏" Comment="Snapshot of current view" />
    <Text Key="miCopyList" Text="复制列表" Comment="Copy List" />
    <Text Key="miPasteList" Text="黏贴列表" Comment="Paste List" />
    <Text Key="miExportReadingList" Text="导出阅读列表..." Comment="Export Reading List..." />
    <Text Key="miImportReadingList" Text="导入阅读列表..." Comment="Import Reading List..." />
    <Text Key="miOpenTab" Text="在新标签中打开" Comment="&amp;Open in New Tab" />
    <Text Key="tbOpenTab" Text="新标签" Comment="New Tab" />
    <Text Key="tbOpenTab.Tooltip" Text="将当前列表在新标签中打开" Comment="Open current list in new Tab" />
    <Text Key="btBrowseNext" Text="下一个" Comment="Next" />
    <Text Key="btBrowsePrev" Text="返回" Comment="Back" />
    <Text Key="miFavRemove" Text="删除" Comment="Remove" />
    <Text Key="tbFavorites" Text="显示最爱" Comment="Show Favorites" />
    <Text Key="tbFavorites.Tooltip" Text="收藏" Comment="Favorites" />
    <Text Key="miAddToFavorites" Text="加入收藏夹" Comment="Add to Favorites" />
    <Text Key="miFavRefresh" Text="刷新" Comment="&amp;Refresh" />
  </Texts>
</TR>