<?xml version="1.0"?>
<TR xmlns:xsi="http://www.w3.org/2001/XMLSchema-instance" xmlns:xsd="http://www.w3.org/2001/XMLSchema" Name="ComicPagesView" CultureName="zh-Hans">
  <Texts>
    <Text Key="ArrangedBy" Text="按 {0} 整理" Comment="Arranged by {0}" />
    <Text Key="ChangeItemSize" Text="改变缩略图大小" Comment="Change size of thumbnails" />
    <Text Key="GroupedBy" Text="按 {0} 分组" Comment="Grouped by {0}" />
    <Text Key="miViewDetails" Text="细节" Comment="&amp;Details" />
    <Text Key="miViewThumbnails" Text="缩略图" Comment="T&amp;humbnails" />
    <Text Key="miViewTiles" Text="信息卡" Comment="&amp;Tiles" />
    <Text Key="None" Text="无" Comment="None" />
    <Text Key="NotArranged" Text="未排序" Comment="Not sorted" />
    <Text Key="NotGrouped" Text="未分组" Comment="Not grouped" />
    <Text Key="tbbGroup" Text="组" Comment="Group" />
    <Text Key="tbbGroup.Tooltip" Text="将漫画按不同规范分组" Comment="Group eComics by different criteria" />
    <Text Key="tbbSort" Text="整理" Comment="Arrange" />
    <Text Key="tbbSort.Tooltip" Text="更改漫画的排列顺序" Comment="Change the sort order of the eComics" />
    <Text Key="tbbView" Text="视图" Comment="Views" />
    <Text Key="tbbView.Tooltip" Text="改编漫画的显示方式" Comment="Change how eComics are displayed" />
    <Text Key="tbFilter" Text="页面过滤器" Comment="Page Filter" />
  </Texts>
</TR>