<?xml version="1.0"?>
<TR xmlns:xsi="http://www.w3.org/2001/XMLSchema-instance" xmlns:xsd="http://www.w3.org/2001/XMLSchema" Name="ListLayoutDialog" CultureName="zh-Hans">
  <Texts>
    <Text Key="btCancel" Text="取消" Comment="&amp;Cancel" />
    <Text Key="btHideAll" Text="全部隐藏" Comment="&amp;Hide All" />
    <Text Key="btMoveDown" Text="下移" Comment="Move &amp;Down" />
    <Text Key="btMoveUp" Text="上移" Comment="Move &amp;Up" />
    <Text Key="btOK" Text="确定" Comment="&amp;OK" />
    <Text Key="btShowAll" Text="显示所有" Comment="&amp;Show All" />
    <Text Key="chkHideCaption" Text="不显示任何文本" Comment="Do not show any Text" />
    <Text Key="labelSelectColumn" Text="请选择你想显示的列:" Comment="Please select the columns you want to show:" />
    <Text Key="labelHint" Text="提示：右键单击列标题来更改显示列。" Comment="Hint: You can also change the displayed columns by right clicking on a column header." />
    <Text Key="labelFirstLine" Text="第一行：" Comment="First Line:" />
    <Text Key="labelSecondLine" Text="第二行：" Comment="Second Line:" />
    <Text Key="labelThirdLine" Text="第三行：" Comment="Third Line:" />
    <Text Key="labelSelectThumbnailText" Text="请选择你想要显示在缩略图下方的文字：" Comment="Please select the text you want to display below the thumbnails:" />
    <Text Key="ListLayoutDialog" Text="列表选项" Comment="List Options" />
    <Text Key="tabDetails" Text="详细信息" Comment="Details" />
    <Text Key="tabThumbnails" Text="缩略图" Comment="Thumbnails" />
  </Texts>
</TR>