<?xml version="1.0"?>
<TR xmlns:xsi="http://www.w3.org/2001/XMLSchema-instance" xmlns:xsd="http://www.w3.org/2001/XMLSchema" Name="MainForm" CultureName="zh-Hans">
  <Texts>
    <Text Key="browseMenu" Text="浏览" Comment="&amp;Browse" />
    <Text Key="cmCopyPage" Text="复制页面" Comment="&amp;Copy Page" />
    <Text Key="cmExportPage" Text="导出页面..." Comment="&amp;Export Page..." />
    <Text Key="cmFitAll" Text="适合所有" Comment="Fit All" />
    <Text Key="cmFitBest" Text="最佳大小" Comment="Fit Best" />
    <Text Key="cmFitHeight" Text="适合高度" Comment="Fit Height" />
    <Text Key="cmFitWidth" Text="适合宽度" Comment="Fit Width" />
    <Text Key="cmMagnify" Text="放大镜" Comment="&amp;Magnifier" />
    <Text Key="cmNextFromList" Text="下一本漫画" Comment="Ne&amp;xt eComic" />
    <Text Key="cmNotifyExit" Text="退出" Comment="&amp;Exit" />
    <Text Key="cmNotifyRestore" Text="恢复" Comment="&amp;Restore" />
    <Text Key="cmPrevFromList" Text="上一本漫画" Comment="Pre&amp;vious eComic" />
    <Text Key="cmRate0" Text="无" Comment="None" />
    <Text Key="cmRate1" Text="* (一星)" Comment="* (1 Star)" />
    <Text Key="cmRate2" Text="** (二星)" Comment="** (2 Stars)" />
    <Text Key="cmRate3" Text="*** (三星)" Comment="*** (3 Stars)" />
    <Text Key="cmRate4" Text="**** (四星)" Comment="**** (4 Stars)" />
    <Text Key="cmRate5" Text="***** (五星)" Comment="***** (5 Stars)" />
    <Text Key="cmRating" Text="我的评分" Comment="My R&amp;ating" />
    <Text Key="cmRefreshPage" Text="刷新" Comment="&amp;Refresh" />
    <Text Key="cmSyncBrowser" Text="以浏览模式显示" Comment="Show in &amp;Browser" />
    <Text Key="displayMenu" Text="显示" Comment="&amp;Display" />
    <Text Key="editMenu" Text="编辑" Comment="&amp;Edit" />
    <Text Key="fileMenu" Text="文件" Comment="&amp;File" />
    <Text Key="helpMenu" Text="帮助" Comment="&amp;Help" />
    <Text Key="MainForm" Text="ComicRack" Comment="ComicRack" />
    <Text Key="miAbout" Text="关于..." Comment="&amp;About..." />
    <Text Key="miAddFolderToLibrary" Text="将文件夹添加到媒体库..." Comment="&amp;Add Folder to Library..." />
    <Text Key="miAddTab" Text="新建标签" Comment="New &amp;Tab" />
    <Text Key="miBestFit" Text="最佳大小" Comment="Fit &amp;Best" />
    <Text Key="miCloseAllComics" Text="关闭所有" Comment="Close A&amp;ll" />
    <Text Key="miCloseComic" Text="关闭" Comment="&amp;Close" />
    <Text Key="miDeleteListLayout" Text="删除列表布局..." Comment="&amp;Delete List Layout..." />
    <Text Key="miDeleteWorkspace" Text="删除工作空间..." Comment="&amp;Delete Workspace..." />
    <Text Key="miEditListLayout" Text="编辑列表布局" Comment="&amp;Edit List Layout..." />
    <Text Key="miExit" Text="退出" Comment="&amp;Exit" />
    <Text Key="miFileAutomation" Text="自动" Comment="A&amp;utomation" />
    <Text Key="miFirstPage" Text="第一页" Comment="&amp;First Page" />
    <Text Key="miFitAll" Text="适合所有" Comment="Fit &amp;All" />
    <Text Key="miFitHeight" Text="适合高度" Comment="Fit &amp;Height" />
    <Text Key="miFitWidth" Text="适合宽度" Comment="Fit &amp;Width" />
    <Text Key="miFullScreen" Text="全屏" Comment="&amp;Full Screen" />
    <Text Key="miLastPage" Text="最末页" Comment="&amp;Last Page" />
    <Text Key="miLastPageRead" Text="上一个已读页面" Comment="L&amp;ast Page Read" />
    <Text Key="miListLayouts" Text="列表布局" Comment="List Layout" />
    <Text Key="miNews" Text="更新..." Comment="&amp;News..." />
    <Text Key="miNextFromList" Text="下一本漫画" Comment="Ne&amp;xt eComic" />
    <Text Key="miNextTab" Text="新建标签" Comment="Next &amp;Tab" />
    <Text Key="miOpenNow" Text="打开漫画" Comment="Open eCo&amp;mics" />
    <Text Key="miOpenRecent" Text="最近打开的漫画" Comment="&amp;Recent eComics" />
    <Text Key="miPageType" Text="页面类型" Comment="&amp;Page Type" />
    <Text Key="miPreferences" Text="选项..." Comment="&amp;Preferences..." />
    <Text Key="miPrevFromList" Text="上一本漫画" Comment="Pre&amp;vious eComic" />
    <Text Key="miPrevPage" Text="前一页" Comment="&amp;Previous Page" />
    <Text Key="miPrevTab" Text="上一标签" Comment="&amp;Previous Tab" />
    <Text Key="miRate0" Text="无" Comment="None" />
    <Text Key="miRate1" Text="* (一星)" Comment="* (1 Star)" />
    <Text Key="miRate2" Text="** (二星)" Comment="** (2 Stars)" />
    <Text Key="miRate3" Text="*** (三星)" Comment="*** (3 Stars)" />
    <Text Key="miRate4" Text="**** (四星)" Comment="**** (4 Stars)" />
    <Text Key="miRate5" Text="***** (五星)" Comment="***** (5 Stars)" />
    <Text Key="miRating" Text="我的评分" Comment="My R&amp;ating" />
    <Text Key="miRestart" Text="重启 ComicRack" Comment="Rest&amp;art" />
    <Text Key="miRotate180" Text="180°" Comment="180°" />
    <Text Key="miRotate270" Text="270°" Comment="270°" />
    <Text Key="miRotate90" Text="90°" Comment="90°" />
    <Text Key="miRotation" Text="旋转" Comment="&amp;Rotation" />
    <Text Key="miSaveListLayout" Text="保存列表布局..." Comment="&amp;Save List Layout..." />
    <Text Key="miSaveWorkspace" Text="保存工作空间..." Comment="&amp;Save Workspace..." />
    <Text Key="miScan" Text="扫描漫画文件夹" Comment="Scan eComic &amp;Folders" />
    <Text Key="miAutoScroll" Text="自动滚动" Comment="Auto Scrolling" />
    <Text Key="miSearchBrowser" Text="搜索框" Comment="S&amp;earch Browser" />
    <Text Key="miSetAllListsSame" Text="将所有列表设置成当前布局" Comment="Set all Lists to current Layout" />
    <Text Key="miSidebar" Text="侧边栏" Comment="&amp;Sidebar" />
    <Text Key="miSmallPreview" Text="小页预览" Comment="S&amp;mall Preview" />
    <Text Key="miSupport" Text="支持 ComicRack..." Comment="Support ComicRack..." />
    <Text Key="miSyncBrowser" Text="以浏览模式显示" Comment="Show in &amp;Browser" />
    <Text Key="miToggleBrowser" Text="浏览" Comment="&amp;Browser" />
    <Text Key="miView100" Text="100 %" Comment="100 %" />
    <Text Key="miView150" Text="150 %" Comment="150 %" />
    <Text Key="miView200" Text="200 %" Comment="200 %" />
    <Text Key="miView300" Text="300 %" Comment="300 %" />
    <Text Key="miView400" Text="400 %" Comment="400 %" />
    <Text Key="miViewFolders" Text="文件夹" Comment="&amp;Folders" />
    <Text Key="miViewLibrary" Text="媒体库" Comment="Li&amp;brary" />
    <Text Key="miViewPages" Text="页面" Comment="&amp;Pages" />
    <Text Key="miViewRefresh" Text="刷新" Comment="&amp;Refresh" />
    <Text Key="miWorkspaces" Text="工作空间" Comment="&amp;Workspaces" />
    <Text Key="miZoom" Text="缩放" Comment="Zoom" />
    <Text Key="readMenu" Text="阅读" Comment="&amp;Read" />
    <Text Key="SetLayoutMenu" Text="设置为 '{0}' 布局" Comment="Set '{0}' Layout" />
    <Text Key="tbBestFit" Text="最佳大小" Comment="Fit Best" />
    <Text Key="tbDisplayLabel" Text="显示" Comment="Display" />
    <Text Key="tbFit" Text="调整" Comment="Fit" />
    <Text Key="tbFit.Tooltip" Text="更改适应模式" Comment="Toggle Fit Mode" />
    <Text Key="tbFitAll" Text="适合所有" Comment="Fit All" />
    <Text Key="tbFitHeight" Text="适合高度" Comment="Fit Height" />
    <Text Key="tbFitWidth" Text="适合宽度" Comment="Fit Width" />
    <Text Key="tbFullScreen" Text="全屏" Comment="Full Screen" />
    <Text Key="tbMagnify" Text="放大镜" Comment="Magnifier" />
    <Text Key="tbNextFromList" Text="列表中的下一本漫画" Comment="Next eComic from List" />
    <Text Key="tbNextPage" Text="下一页" Comment="Next Page" />
    <Text Key="tbNextTab" Text="新建标签" Comment="Next &amp;Tab" />
    <Text Key="tbNextTab.Tooltip" Text="下一标签" Comment="Next Tab" />
    <Text Key="tbPrevFromList" Text="列表中的上一本漫画" Comment="Previous eComic from List" />
    <Text Key="tbPrevTab" Text="上一标签" Comment="&amp;Previous Tab" />
    <Text Key="tbPrevTab.Tooltip" Text="上一标签" Comment="Vorheriger Tab" />
    <Text Key="tbReadLabel" Text="阅读" Comment="Read" />
    <Text Key="tbAutoScroll" Text="自动滚动" Comment="Auto Scrolling" />
    <Text Key="tbTwoPages" Text="双页" Comment="Two Pages" />
    <Text Key="tsBook" Text="书籍" Comment="Book" />
    <Text Key="tsBook.Tooltip" Text="已打开的漫画名称" Comment="Name of the opened eComic" />
    <Text Key="tsCurrentPage" Text="页面" Comment="Page" />
    <Text Key="tsCurrentPage.Tooltip" Text="已打开漫画的当前页" Comment="Current Page of the open eComic" />
    <Text Key="tsDeleteWorkspace" Text="删除工作空间..." Comment="&amp;Delete Workspace..." />
    <Text Key="tsPageCount" Text="0 页" Comment="0 Pages" />
    <Text Key="tsPageCount.Tooltip" Text="此漫画的页数" Comment="Page count of the open eComic" />
    <Text Key="tsSaveWorkspace" Text="保存工作空间..." Comment="&amp;Save Workspace..." />
    <Text Key="tsText" Text="准备就绪" Comment="Ready" />
    <Text Key="tsWorkspaces" Text="工作空间" Comment="Workspaces" />
    <Text Key="miReaderUndocked" Text="在单独的窗口中阅读" Comment="Reader in own Window" />
    <Text Key="tbReaderUndocked" Text="在单独的窗口中阅读" Comment="Reader in own Window" />
    <Text Key="miPageLayout" Text="页面布局" Comment="Page Layout" />
    <Text Key="cmPageLayout" Text="页面布局" Comment="Page Layout" />
    <Text Key="miAdaptiveTwoPageFitting" Text="适应双页面分布" Comment="Adapt to double page spreads" />
    <Text Key="cmAdaptiveTwoPageFitting" Text="适应双页面分布" Comment="Adapt to double page spreads" />
    <Text Key="tbAdaptiveTwoPageFitting" Text="适应双页面分布" Comment="Adapt to double page spreads" />
    <Text Key="miOriginal" Text="原始大小" Comment="Original Size" />
    <Text Key="tbOriginal" Text="原始大小" Comment="Original Size" />
    <Text Key="cmOriginal" Text="原始大小" Comment="Original Size" />
    <Text Key="NotifyIconText" Text="双击以恢复" Comment="Double Click to restore" />
    <Text Key="cmOnlyFitOversized" Text="只在页面过大时调整" Comment="Only Fit if oversized" />
    <Text Key="miOnlyFitOversized" Text="只在页面过大时调整" Comment="Only Fit if oversized" />
    <Text Key="tbOnlyFitOversized" Text="只在页面过大时调整" Comment="Only Fit if oversized" />
    <Text Key="ChangeItemSize" Text="更改列表项大小" Comment="Change size of the list items" />
    <Text Key="miDoublePageAutoScroll" Text="双页自动滚屏" Comment="Double Page Auto Scrolling" />
    <Text Key="cmFitWidthAdaptive" Text="适合宽度（自适应）" Comment="Fit Width (adaptive)" />
    <Text Key="miFitWidthAdaptive" Text="适合宽度（自适应）" Comment="Fit Width (adaptive)" />
    <Text Key="tbFitWidthAdaptive" Text="适合宽度（自适应）" Comment="Fit Width (adaptive)" />
    <Text Key="cmRightToLeft" Text="从右至左" Comment="Right to Left" />
    <Text Key="tbRightToLeft" Text="从右至左" Comment="Right to Left" />
    <Text Key="miRightToLeft" Text="从右至左" Comment="Right to Left" />
    <Text Key="miMinimalGui" Text="最小用户界面" Comment="Minimal User Interface" />
    <Text Key="tbMinimalGui" Text="最小用户界面" Comment="Minimal User Interface" />
    <Text Key="cmMinimalGui" Text="最小用户界面" Comment="Minimal User Interface" />
    <Text Key="miCopyPage" Text="复制页面" Comment="&amp;Copy Page" />
    <Text Key="miExportPage" Text="导出页面" Comment="&amp;Export Page..." />
    <Text Key="ExportingComics" Text="导出漫画: {0} 队列" Comment="Exporting eComics: {0} queued" />
    <Text Key="ExportingErrors" Text="{0} 个错误. 点击查看详细信息。" Comment="{0} errors. Click for details" />
    <Text Key="miOpenComic" Text="打开漫画" Comment="&amp;Open eComic..." />
    <Text Key="cmOpenComic" Text="打开漫画" Comment="&amp;Open eComic..." />
    <Text Key="cmPageType" Text="页面类型" Comment="&amp;Page Type" />
    <Text Key="cmRotate0" Text="不旋转" Comment="&amp;No Rotation" />
    <Text Key="cmRotate180" Text="180°" Comment="180°" />
    <Text Key="cmRotate270" Text="270°" Comment="270°" />
    <Text Key="cmRotate90" Text="90°" Comment="90°" />
    <Text Key="miWebHome" Text="ComicRack 主页" Comment="ComicRack Homepage..." />
    <Text Key="miWebUserForum" Text="ComicRack 用户论坛" Comment="ComicRack User Forum..." />
    <Text Key="tsExportActivity" Text="导出" Comment="Exporting" />
    <Text Key="tsPageActivity.Tooltip" Text="获取页面与缩略图" Comment="Getting Pages and Thumbnails..." />
    <Text Key="tsScanActivity.Tooltip" Text="后台扫描中..." Comment="A scan is running..." />
    <Text Key="tsWriteInfoActivity.Tooltip" Text="将信息写入到文件中" Comment="Writing info data to files..." />
    <Text Key="tsReadInfoActivity.Tooltip" Text="从文件中读取信息" Comment="Reading info data from files..." />
    <Text Key="miWebHelp" Text="ComicRack 文档" Comment="ComicRack Documentation..." />
    <Text Key="miBookmarks" Text="书签" Comment="Bookmarks" />
    <Text Key="miSetBookmark" Text="设置书签..." Comment="Set Bookmark..." />
    <Text Key="miRemoveBookmark" Text="删除书签" Comment="Remove Bookmark" />
    <Text Key="tbBookmarks" Text="书签" Comment="Bookmarks" />
    <Text Key="tbSetBookmark" Text="设置书签..." Comment="Set Bookmark..." />
    <Text Key="tbRemoveBookmark" Text="删除书签" Comment="Remove Bookmark" />
    <Text Key="tbLastPageRead" Text="上次阅读页面" Comment="Last Page Read" />
    <Text Key="cmBookmarks" Text="书签" Comment="Bookmarks" />
    <Text Key="cmSetBookmark" Text="设置书签..." Comment="Set Bookmark..." />
    <Text Key="cmRemoveBookmark" Text="删除书签" Comment="Remove Bookmark" />
    <Text Key="cmLastPageRead" Text="上次阅读页面" Comment="Last Page Read" />
    <Text Key="miPrevBookmark" Text="上一个书签" Comment="Previous Bookmark" />
    <Text Key="miNextBookmark" Text="下一个书签" Comment="Next Bookmark" />
    <Text Key="tbPrevBookmark" Text="上一个书签" Comment="Previous Bookmark" />
    <Text Key="tbNextBookmark" Text="下一个书签" Comment="Next Bookmark" />
    <Text Key="cmPrevBookmark" Text="上一个书签" Comment="Previous Bookmark" />
    <Text Key="cmNextBookmark" Text="下一个书签" Comment="Next Bookmark" />
    <Text Key="miZoomIn" Text="放大" Comment="Zoom In" />
    <Text Key="tbZoomIn" Text="放大" Comment="Zoom In" />
    <Text Key="miZoomOut" Text="缩小" Comment="Zoom Out" />
    <Text Key="tbZoomOut" Text="缩小" Comment="Zoom Out" />
    <Text Key="miZoomCustom" Text="自定义..." Comment="Custom..." />
    <Text Key="tbZoomCustom" Text="自定义..." Comment="Custom..." />
    <Text Key="tbZoom.Tooltip" Text="更改页面缩放" Comment="Change the page zoom" />
    <Text Key="tbRotate.Tooltip" Text="更改页面旋转" Comment="Change the page rotation" />
    <Text Key="miRotateLeft" Text="向左旋转" Comment="Rotate Left" />
    <Text Key="miRotateRight" Text="向右旋转" Comment="Rotate Right" />
    <Text Key="tbRotateLeft" Text="向左旋转" Comment="Rotate Left" />
    <Text Key="tbRotateRight" Text="向右旋转" Comment="Rotate Right" />
    <Text Key="tbRotate180" Text="180°" Comment="180°" />
    <Text Key="tbRotate270" Text="270°" Comment="270°" />
    <Text Key="tbRotate90" Text="90°" Comment="90°" />
    <Text Key="tbAutoRotate" Text="调整大小并自动旋转" Comment="Autorotate Double Pages" />
    <Text Key="miAutoRotate" Text="调整大小并自动旋转" Comment="Autorotate Double Pages" />
    <Text Key="cmCloseAllButThis" Text="关闭其它所有" Comment="Close All But This" />
    <Text Key="cmCopyPath" Text="复制完整路径" Comment="Copy Full Path" />
    <Text Key="cmRevealInExplorer" Text="在浏览器中显示" Comment="Reveal in Explorer" />
    <Text Key="cmClose" Text="关闭" Comment="Close" />
    <Text Key="cmCloseComic" Text="关闭" Comment="Close" />
    <Text Key="miPendingTasks" Text="任务挂起..." Comment="Pending Tasks..." />
    <Text Key="SavePageTitle" Text="页面另存为..." Comment="Save Page as..." />
    <Text Key="cmPageRotate" Text="页面旋转" Comment="Page Rotation" />
    <Text Key="miPageRotate" Text="页面旋转" Comment="Page Rotation" />
    <Text Key="miOpenRemoteLibrary" Text="打开远程库..." Comment="Open Remote Library..." />
    <Text Key="cmRandomFromList" Text="随机漫画" Comment="Random eComic" />
    <Text Key="cmShowInfo" Text="获取信息..." Comment="&amp;Info..." />
    <Text Key="tbAbout" Text="关于..." Comment="&amp;About..." />
    <Text Key="tbFirstPage" Text="首页" Comment="&amp;First Page" />
    <Text Key="tbLastPage" Text="末页" Comment="&amp;Last Page" />
    <Text Key="miRandomFromList" Text="随机漫画" Comment="Random eComic" />
    <Text Key="miNextPage" Text="下一页" Comment="Next Page" />
    <Text Key="miMagnify" Text="放大镜" Comment="Magnifier" />
    <Text Key="tbOpenComic" Text="打开漫画..." Comment="&amp;Open eComic..." />
    <Text Key="tbPreferences" Text="选项..." Comment="&amp;Preferences..." />
    <Text Key="tbTools" Text="工具" Comment="Tools" />
    <Text Key="tbTools.Tooltip" Text="访问重要命令" Comment="Access to important commands" />
    <Text Key="tbShowMainMenu" Text="显示主菜单" Comment="Show Main Menu" />
    <Text Key="tbPrevPage" Text="上一页" Comment="&amp;Previous Page" />
    <Text Key="miRotate0" Text="不旋转" Comment="0°" />
    <Text Key="tbScan" Text="扫描漫画 &amp;文件夹" Comment="Scan eComic &amp;Folders" />
    <Text Key="miShowInfo" Text="获取信息..." Comment="&amp;Info..." />
    <Text Key="tbShowInfo" Text="信息" Comment="&amp;Info..." />
    <Text Key="tbSupport" Text="支持 ComicRack..." Comment="Support ComicRack..." />
    <Text Key="miTwoPages" Text="双页" Comment="Two Pages" />
    <Text Key="cmTwoPages" Text="双页" Comment="Two Pages" />
    <Text Key="miTwoPagesAdaptive" Text="双页 (自适应)" Comment="Two Pages (adaptive)" />
    <Text Key="cmTwoPagesAdaptive" Text="双页 (自适应)" Comment="Two Pages (adaptive)" />
    <Text Key="tbTwoPagesAdaptive" Text="双页 (自适应)" Comment="Two Pages (adaptive)" />
    <Text Key="miSinglePage" Text="单页" Comment="Single Page" />
    <Text Key="cmSinglePage" Text="单页" Comment="Single Page" />
    <Text Key="tbSinglePage" Text="单页" Comment="Single Page" />
    <Text Key="tbRandomFromList" Text="随机漫画" Comment="Random eComic" />
    <Text Key="cmComics" Text="漫画" Comment="eComics" />
    <Text Key="tbRotate0" Text="不旋转" Comment="0°" />
    <Text Key="tbOpenRemoteLibrary" Text="打开远程库..." Comment="Open Remote Library..." />
    <Text Key="miUpdateAllComicFiles" Text="更新所有eComic文件" Comment="Update all eComic Files" />
    <Text Key="tbUpdateAllComicFiles" Text="更新所有eComic文件" Comment="Update all eComic Files" />
    <Text Key="miUndo" Text="撤销" Comment="Undo" />
    <Text Key="miRedo" Text="重做" Comment="Redo" />
    <Text Key="miComicDisplaySettings" Text="漫画显示设置..." Comment="Comic Display Settings..." />
    <Text Key="tbComicDisplaySettings" Text="漫画显示设置..." Comment="Comic Display Settings..." />
    <Text Key="miPreviousList" Text="上个列表" Comment="Previous List" />
    <Text Key="miNextList" Text="下一列表" Comment="Next List" />
    <Text Key="miUpdateWebComics" Text="更新网络漫画" Comment="Update Web Comics" />
    <Text Key="tbUpdateWebComics" Text="更新网络漫画" Comment="Update Web Comics" />
  </Texts>
</TR>