<?xml version="1.0"?>
<TR xmlns:xsi="http://www.w3.org/2001/XMLSchema-instance" xmlns:xsd="http://www.w3.org/2001/XMLSchema" Name="Messages" CultureName="zh-Hans">
  <Texts>
    <Text Key="AlsoRemoveDatabase" Text="同时将文件从数据库中移除" Comment="&amp;Also remove the files from the Database" />
    <Text Key="AskMoveBin" Text="你确定要将这些书放到回收站里吗?" Comment="Are you sure you want to move these books to the recycle bin?" />
    <Text Key="AskRemoveComics" Text="你确认要把书籍从列表中移除吗？" Comment="Are you sure you want to remove these books from the list?" />
    <Text Key="AskRemoveFavorite" Text="你确认要移除该收藏文件夹链接吗？" Comment="Do you really want to remove this Favorite Folder link?" />
    <Text Key="AskRemoveFromLibrary" Text="你确认要把书籍从媒体库中移除吗？\n所有未保存在文件中的信息都将遗失（例如打开次数总计，上次打开记录等等）！" Comment="Are you sure you want to remove these books from the library?\nAll information not stored in the files will be lost (like Open Count, Last Read etc.)!" />
    <Text Key="AskRemoveItem" Text="你确认要移除此项吗？" Comment="Do you really want to remove this item?" />
    <Text Key="Attention" Text="注意" Comment="Attention" />
    <Text Key="BackgroundConvert" Text="正在后台升级/转换文件。如果你此时关闭，一些信息将不会被写入 eComics 中！" Comment="Files are still being updated/converted in the background. If you close now, some information will not be written to the eComics!" />
    <Text Key="CloseComicRack" Text="关闭 ComicRack" Comment="Close ComicRack" />
    <Text Key="ClosingComicRack" Text="关闭 ComicRack 中" Comment="Closing ComicRack" />
    <Text Key="CouldNotSaveComic" Text="不能保存漫画！\n原因：{0}" Comment="Could not save eComic!\nReason: {0}" />
    <Text Key="CouldNotSaveImage" Text="无法保存页面图片！\n理由：{0}" Comment="Could not save the page image!\nReason: {0}" />
    <Text Key="CreateMainWindow" Text="创建主窗口" Comment="Creating Main Window" />
    <Text Key="DatabaseNewEmpty" Text="打开漫画数据库时出现错误。新的空媒体库已被创立。" Comment="There was a problem opening the Comic Database. A new empty Database has been created." />
    <Text Key="DatabaseRestored" Text="漫画数据库出现错误。恢复为上一个可用的版本。您可能损失了一些条目。" Comment="There was a problem with the Comic Database. The last version to be known good has been restored. You may have lost some entires." />
    <Text Key="Error" Text="错误" Comment="Error" />
    <Text Key="ErrorShutDown" Text="关闭应用程序时出现错误：\n&#xA;{0}" Comment="There was an error shutting down the application:\n{0}" />
    <Text Key="FailedDeleteBooks" Text="不能删除一些书籍（可能正在使用中）！" Comment="Some books could not be deleted (maybe they are in use)!" />
    <Text Key="FailedRetrieveDatabase" Text="从服务器获取数据库失败！" Comment="Failed to retrieve the Database from the Server!" />
    <Text Key="FailedToInitialize" Text="初始化 ComicRack 失败： {0}" Comment="Failed to initialize ComicRack: {0}" />
    <Text Key="GetServerLibrary" Text="获取服务器媒体库" Comment="Getting Server Library" />
    <Text Key="GetServerLibraryText" Text="从服务器获取共享的媒体库" Comment="Retrieving the shared Library from the Server" />
    <Text Key="GettingList" Text="获取 eComics 列表" Comment="Getting eComics List" />
    <Text Key="GettingListText" Text="获取所有选中文件夹中的漫画" Comment="Retrieving all eComics from the selected folder" />
    <Text Key="InitCache" Text="初始化磁盘缓存" Comment="Initialize Disk Caches" />
    <Text Key="InitGUI" Text="初始化用户界面" Comment="Initalizing User Interface" />
    <Text Key="InitScripts" Text="初始化脚本" Comment="Initalizing Scripts" />
    <Text Key="ListLayout" Text="列表布局" Comment="List Layout" />
    <Text Key="LoadComic" Text="载入漫画" Comment="Loading eComic" />
    <Text Key="LoadCustomSettings" Text="载入自定义设置" Comment="Loading custom settings" />
    <Text Key="LoadingThumbnail" Text="载入缩略图..." Comment="Loading Thumbnail..." />
    <Text Key="LoadingPage" Text="载入页面 {0}..." Comment="Loading Page {0}..." />
    <Text Key="MoveBin" Text="同时将文件转移到回收站" Comment="&amp;Also move the files to the Recycle Bin" />
    <Text Key="NotAskAgain" Text="不要再问我" Comment="&amp;Do not ask me again" />
    <Text Key="OpenDatabase" Text="打开数据库" Comment="Opening Database" />
    <Text Key="PasswordNeeded" Text="远程图书馆需要密码 '{0}'：" Comment="A password is needed for the remote Library '{0}':" />
    <Text Key="ReadNewsFeed" Text="读取新闻种子" Comment="Reading News Feed" />
    <Text Key="RefreshInfo" Text="刷新信息中" Comment="Refreshing Information" />
    <Text Key="RefreshInfoText" Text="刷新所选漫画的信息" Comment="Refreshing information for selected eComics" />
    <Text Key="RefreshServer" Text="刷新服务器媒体库" Comment="Refreshing Server Library" />
    <Text Key="Remove" Text="移除" Comment="Remove" />
    <Text Key="RetrieveNews" Text="获取新闻" Comment="Retrieving News" />
    <Text Key="RetrieveNewsText" Text="刷新订阅的新闻频道" Comment="Refreshing subscribed News Channels" />
    <Text Key="SaveAllData" Text="保存所有数据到磁盘..." Comment="Saving all Data to Disk..." />
    <Text Key="SaveListLayout" Text="保存列表布局" Comment="Save List Layout" />
    <Text Key="SavingNewComic" Text="保存新的漫画..." Comment="Saving new eComic..." />
    <Text Key="ScriptFailed" Text="脚本执行错误！" Comment="Execution of the script failed!" />
    <Text Key="StartNetwork" Text="启动网络" Comment="Starting Network" />
    <Text Key="WriteData" Text="写入数据" Comment="Write Data" />
    <Text Key="WriteDataText" Text="将数据写到选中的漫画中" Comment="Writing Data to selected eComics" />
    <Text Key="WrongPassword" Text="给媒体库'{0}' 指定的密码不正确。请重试：" Comment="The specified password for the Library'{0}' is not correct. Please try again:" />
    <Text Key="AddFolderLibrary" Text="此文件家及其子文件夹中的 eComics 都将被添加到媒体库中。" Comment="eComics in this Folder and all sub Folders will be added to the library." />
    <Text Key="Set" Text="建立" Comment="Set" />
    <Text Key="AskSetAllLists" Text="你确认要把所有列表设置成当前布局吗？" Comment="Are you sure you want to set all Lists to the current layout?" />
    <Text Key="PageFailedToLoad" Text="页面载入失败.\n尝试刷新以便重新载入..." Comment="Page failed to load.\nTry refresh to load again..." />
    <Text Key="RefreshInfoQueueMessage" Text="刷新漫画 '{0}' 的信息" Comment="Refresh information for eComic '{0}'" />
    <Text Key="FastThumbanilQueueMessage" Text="获取文件 '{1}' 中第 {0} 页缓存的缩略图" Comment="Retrieve cached thumbnail for page {0} in file '{1}'" />
    <Text Key="SlowThumbnailQueueMessage" Text="为文件 '{1}' 的第 {0} 页创建缩略图" Comment="Create thumbnail for page {0} in file '{1}'" />
    <Text Key="GetImageQueueMessage" Text="获取文件 '{1}' 中的第 {0} 页" Comment="Get page {0} in file '{1}'" />
    <Text Key="AskExport" Text="您已经选择在导出时删除或覆盖已存在的漫画，确认继续？\n被删除的文件会被移动到回收站中。请确保有足够的存储空间并且漫画不是保存在网络存储器上。" Comment="You have chosen to delete or replace existing eComics during export? Are you sure you want to continue?\nThe deleted files will be moved to the Recycle Bin during export. Please make sure there is enough disk space available and the eComics are not located on a network drive!" />
    <Text Key="Export" Text="导出" Comment="Export" />
    <Text Key="OpenError" Text="不能打开文件 '{0}'！" Comment="Could not open the book '{0}'!" />
    <Text Key="ExportQueueMessage" Text="导出漫画 '{0}'" Comment="Export eComic '{0}'" />
    <Text Key="WriteInfoQueueMessage" Text="将信息写入到漫画 '{0}'" Comment="Write information to eComic '{0}'" />
    <Text Key="OpeningComic" Text="打开书籍 '{0}'..." Comment="Opening the book '{0}'..." />
    <Text Key="NoComicOpen" Text="没有打开书籍" Comment="No book is open" />
    <Text Key="CloseExternalReader" Text="此操作只关闭阅读窗口而不是所打开的漫画" Comment="This will only close the reader Window and not the open eComic(s)!" />
    <Text Key="DontShowAgain" Text="不再显示此消息" Comment="Do not show this again" />
    <Text Key="RestartQuestion" Text="需要重启 ComicRack 以完成操作！是否现在重启？" Comment="ComicRack needs to restart to complete the operation! Do you want to restart now?" />
    <Text Key="DatabaseBackupError" Text="保存数据库备份时出现错误" Comment="There was an error saving the Database backup" />
    <Text Key="DatabaseBackupRestored" Text="已成功还原备份的数据库" Comment="A previous database backup has been successfully restored!" />
    <Text Key="ScanComicQueueMessage" Text="扫描 '{0}'" Comment="Scanning '{0}'" />
    <Text Key="ErrorWritingReadingList" Text="导出阅读列表时出现错误 '{0}'" Comment="There was an error exporting the Reading List '{0}'" />
    <Text Key="ErrorOpeningReadingList" Text="导入阅读列表时出现错误 '{0}'" Comment="There was an error importing the Reading List '{0}'" />
    <Text Key="UnsolvedBookItems" Text="在库中没有找到下列漫画\n{0}\n是否仍然导入阅读列表？" Comment="The following eComics where not found in the Library:\n{0}\nDo you still want to import the Reading List?" />
    <Text Key="OutputFileExists" Text="导出文件 '{0}' 已存在!" Comment="Output File '{0}' already exists!" />
    <Text Key="ConvertToCBZ" Text="转换成 CBZ 格式" Comment="Convert to CBZ" />
    <Text Key="ConvertToCB7" Text="转换成 CB7 格式" Comment="Convert to CB7" />
    <Text Key="ExportForPSP" Text="为PSP导出" Comment="Export for PSP" />
    <Text Key="AbortScan" Text="中止扫描" Comment="Abort Scanning" />
    <Text Key="AbortExport" Text="中止导出" Comment="Abort Export" />
    <Text Key="FailedToReadImage" Text="无法载入页面 {0}!" Comment="Failed to read Image {0}!" />
    <Text Key="InvalidExportSettings" Text="导出设置无效（例如：将不支持的格式加入到库中）" Comment="The export settings are not valid (e.g. adding a not supported format to the library)" />
    <Text Key="SourceComicNotValid" Text="源漫画无效" Comment="Source eComic is not valid" />
    <Text Key="ExportComicTitle" Text="导出漫画到" Comment="Export eComic to" />
    <Text Key="ComicRackMinimizedTitle" Text="ComicRack 仍在运行" Comment="ComicRack is still running" />
    <Text Key="ComicRackMinimized" Text="你可以通过文件/退出来关闭 ComicRack 或者在属性对话框中更改程序行为。\n点击这里不再显示此消息。" Comment="You either close ComicRack with File/Exit or you can change this behavior in the Preferences Dialog.\nClick here to not show this message again" />
    <Text Key="ConnectRemoteError" Text="无法连接到远程服务器 '{0}'" Comment="Could not connect to Remote Server '{0}'" />
    <Text Key="ConnectToServer" Text="服务器连接中" Comment="Connecting to Server" />
    <Text Key="GetShareInfoText" Text="获取共享库德信息" Comment="Getting information about the shared Library" />
    <Text Key="UpdateComicDynamicMessage" Text="更新网络漫画 '{0}'" Comment="Updating Web Comic '{0}'" />
    <Text Key="CheckingDatabase" Text="检查数据库" Comment="Checking Database" />
    <Text Key="CheckingDatabaseText" Text="检查完整性并更新丢失数据" Comment="Checking integrity and updating any missing Data" />
    <Text Key="AskDirtyItems" Text="保存补在数据库中的漫画改动信息?\n所有未保存改动将丢失!" Comment="Save changed information for eComics that are not in the database?\nAll changes not saved now will be lost!" />
    <Text Key="SaveInfo" Text="保存漫画中" Comment="Saving eComics" />
    <Text Key="SaveInfoText" Text="请等待保存未储存信息!" Comment="Please wait while all unsaved information is stored!" />
    <Text Key="UndoEditMultipleComics" Text="编辑多个漫画" Comment="Edit multiple eComics" />
    <Text Key="UndoShowInfo" Text="漫画信息" Comment="eComic Info" />
    <Text Key="UndoScript" Text="自动执行 '{0}'" Comment="Automation '{0}'" />
    <Text Key="UndoEditColumn" Text="编辑列 '{0}'" Comment="Edit Column '{0}'" />
    <Text Key="UndoRating" Text="改变评级" Comment="Change Rating" />
    <Text Key="ScriptPackageExists" Text="同名脚本包已存在! 要覆盖吗?" Comment="A Script Package with the same name already exists! Do you want to overwrite this Package?" />
    <Text Key="SelectLocalFolder" Text="选择一个本地文件夹以存放远程 eComics" Comment="Select a local folder to store the remote eComics" />
    <Text Key="ServerActivity" Text="{0} 服务器运作" Comment="{0} Server(s) running" />
    <Text Key="ConnectServerText" Text="连接到远程服务器" Comment="Opening connection to the remote Server" />
  </Texts>
</TR>