<?xml version="1.0"?>
<TR xmlns:xsi="http://www.w3.org/2001/XMLSchema-instance" xmlns:xsd="http://www.w3.org/2001/XMLSchema" Name="PreferencesDialog" CultureName="zh-Hans">
  <Texts>
    <Text Key="btAddFolder" Text="添加..." Comment="&amp;Add..." />
    <Text Key="btAddLibraryFolder" Text="添加文件夹..." Comment="Add Folder..." />
    <Text Key="btApply" Text="应用" Comment="&amp;Apply" />
    <Text Key="btCancel" Text="取消" Comment="&amp;Cancel" />
    <Text Key="btChangeFolder" Text="更改..." Comment="&amp;Change..." />
    <Text Key="btClearPageCache" Text="清除" Comment="Clear" />
    <Text Key="btClearThumbnailCache" Text="清除" Comment="Clear" />
    <Text Key="btOK" Text="确定" Comment="&amp;OK" />
    <Text Key="btRemoveFolder" Text="刷新" Comment="&amp;Remove" />
    <Text Key="btResetColor" Text="重置" Comment="&amp;Reset" />
    <Text Key="btResetMessages" Text="重置" Comment="Reset" />
    <Text Key="btRestoreDefault" Text="恢复默认设置" Comment="Restore &amp;Defaults" />
    <Text Key="btScan" Text="扫描" Comment="Scan" />
    <Text Key="chkAutoContrast" Text="自动增强对比度" Comment="Automatic &amp;Contrast Enhancement" />
    <Text Key="chkAutoRemoveMissing" Text="扫描时自动将不存在的文件从媒体库中移除" Comment="Automatically remove missing files from Library during Scan" />
    <Text Key="chkEnablePageCache" Text="页面 [MB]" Comment="&amp;Pages [MB]" />
    <Text Key="chkEnableThumbnailCache" Text="缩略图[MB]" Comment="&amp;Thumbnails [MB]" />
    <Text Key="chkLookForShared" Text="查找共享的漫画库" Comment="Look for shared Comic Libraries" />
    <Text Key="chkOverwriteAssociations" Text="不使用&quot;用...打开&quot;，直接取代当前关联" Comment="Overwrite existing associations instead of 'Open With ...'" />
    <Text Key="chkRequirePassword" Text="需要密码：" Comment="Require Password:" />
    <Text Key="colOptions" Text="选项" Comment="Options" />
    <Text Key="groupComicFolders" Text="漫画文件夹" Comment="eComic Folders" />
    <Text Key="groupDiskCache" Text="磁盘缓存" Comment="Disk Cache" />
    <Text Key="groupMessages" Text="隐藏的消息" Comment="Hidden Messages" />
    <Text Key="groupOtherComics" Text="漫画" Comment="eComics" />
    <Text Key="groupOverlays" Text="叠加层" Comment="Overlays" />
    <Text Key="grpIntegration" Text="集成浏览器" Comment="Explorer Integration" />
    <Text Key="labelBrightness" Text="亮度调整：" Comment="Brightness Adjustment:" />
    <Text Key="labelCheckedFormats" Text="ComicRack 将关联选中的格式" Comment="Checked formats will be associated with ComicRack" />
    <Text Key="labelContrast" Text="对比度调整:" Comment="Contrast Adjustment:" />
    <Text Key="labelExcludeCover" Text="列表中的图片将不会被作为封面缩略图，请用分号隔开：" Comment="Semicolon separated list of image names never to be used as cover thumbnails:" />
    <Text Key="labelLanguage" Text="请选择 ComicRack 用户界面语言(需重启ComicRack 才能使更改生效)：" Comment="Select the User Interface language for ComicRack (ComicRack must be restarted for any change to take effect):" />
    <Text Key="labelOverlaySize" Text="大小：" Comment="Size:" />
    <Text Key="labelReshowHidden" Text="显示隐藏消息，请按" Comment="To reshow hidden messages press" />
    <Text Key="labelSaturation" Text="饱和度调整:" Comment="Saturation Adjustment:" />
    <Text Key="labelScriptPaths" Text="不同脚本库（例如 Python库）路径之间请用分号隔开：" Comment="Semicolon separated list of library paths for scripts (e.g. python libraries):" />
    <Text Key="labelSharedName" Text="共享名：" Comment="Shared Name:" />
    <Text Key="labelWatchedFolders" Text="程序运行时将监视选中文件夹的更改（重命名，移动）" Comment="Checked folders will be watched for changes (rename, move) while the program is running." />
    <Text Key="PreferencesDialog" Text="选项" Comment="Preferences" />
    <Text Key="rbShareAll" Text="全部共享" Comment="Share All" />
    <Text Key="rbShareSelected" Text="共享选中的列表" Comment="Share selected Lists" />
    <Text Key="Scan" Text="扫描" Comment="Scan" />
    <Text Key="tabAdvanced" Text="高级" Comment="Advanced" />
    <Text Key="tabBehavior" Text="行为" Comment="Behavior" />
    <Text Key="Scanning" Text="扫描中 '{0}' ..." Comment="Scanning '{0}' ..." />
    <Text Key="SelectComicFolder" Text="请打开一个包含漫画的文件夹" Comment="Please select a folder containing eComics" />
    <Text Key="SelectScriptFolder" Text="请选择脚本库文件夹" Comment="Please select a script library folder" />
    <Text Key="Stop" Text="停止" Comment="Stop" />
    <Text Key="labelMemPageCount" Text="页面 [张]" Comment="Pages [count]" />
    <Text Key="labelMemThumbSize" Text="缩略图[MB]" Comment="Thumbnails [MB]" />
    <Text Key="chkMemPageOptimized" Text="优化" Comment="optimized" />
    <Text Key="chkMemThumbOptimized" Text="优化" Comment="optimized" />
    <Text Key="groupMemoryCache" Text="内存缓存" Comment="Memory Cache" />
    <Text Key="grpDatabaseBackup" Text="数据库备份" Comment="Database Backup" />
    <Text Key="btBackupDatabase" Text="备份数据库" Comment="Backup Database..." />
    <Text Key="btRestoreDatabase" Text="恢复数据库..." Comment="Restore Database..." />
    <Text Key="btTranslate" Text="帮助 ComicRack 本地化..." Comment="Help localizing ComicRack..." />
    <Text Key="tabReader" Text="阅读器" Comment="Reader" />
    <Text Key="tabOverlaysAndEffects" Text="图层 &amp;&amp; 效果" Comment="Overlays &amp;&amp; Effects" />
    <Text Key="groupPageDisplayGeneral" Text="一般" Comment="General" />
    <Text Key="chkCurrentPageOverlay" Text="当前页面图层" Comment="Current Page Overlay" />
    <Text Key="chkVisiblePartOverlay" Text="可见页面部分图层" Comment="Visible Page Part Overlay" />
    <Text Key="chkStatusOverlay" Text="状态指示器图层" Comment="Status Indicator Overlays" />
    <Text Key="chkEnableHardware" Text="启用硬件加速" Comment="Enable Hardware Acceleration" />
    <Text Key="chkEnablePageTransition" Text="启用页面过渡效果" Comment="Enable Page Transitions" />
    <Text Key="chkEnableDisplayChangeAnimation" Text="启用页面显示转换时的动画" Comment="Enable Animation of Page Display changes" />
    <Text Key="chkEnableFlowScroll" Text="启用下列鼠标滚动" Comment="Enable flowing Mouse scrolling" />
    <Text Key="chkSmoothAutoScrolling" Text="平滑自动滚屏" Comment="Smooth Auto Scrolling" />
    <Text Key="btClearInternetCache" Text="清除" Comment="Clear" />
    <Text Key="btOpenFolder" Text="打开" Comment="Open" />
    <Text Key="chkHighQualityDisplay" Text="高画质" Comment="&amp;High Quality" />
    <Text Key="chkAnamorphicScaling" Text="变形缩放" Comment="Anamorphic Scaling" />
    <Text Key="chkEnableInternetCache" Text="网络 [MB]" Comment="&amp;Internet [MB]" />
    <Text Key="chkDisableScripting" Text="禁用所有脚本" Comment="Disable all Scripts" />
    <Text Key="rbShareNone" Text="无" Comment="None" />
    <Text Key="chkClientsCanEdit" Text="客户可以修改漫画属性" Comment="Clients can edit eComic Properties" />
    <Text Key="chkClientsCanExport" Text="客户可以输出漫画" Comment="Clients can export eComics" />
    <Text Key="chkUpdateComicFiles" Text="允许写入漫画信息到文件" Comment="Allow writing of eComic info into files" />
    <Text Key="chkAutoUpdateComicFiles" Text="漫画文件已全部自动更新" Comment="eComic files are updated automatically" />
    <Text Key="labelSharpening" Text="锐化:" Comment="Sharpening:" />
    <Text Key="groupColors" Text="颜色调整" Comment="Color Adjustments" />
    <Text Key="chkNavigationOverlay" Text="导航图层" Comment="Navigation Overlay" />
    <Text Key="chkNavOnTop" Text="导航图层在页顶" Comment="Navigation Overlay at top of Page" />
    <Text Key="chkDisplayPageNames" Text="当前页面图层显示页数" Comment="Current Page overlay also displays Page Name" />
    <Text Key="chkEnableHardwareFiltering" Text="启用硬件滤镜" Comment="Enable Hardware Filters" />
    <Text Key="chkEnableSoftwareFiltering" Text="启用软件滤镜" Comment="Enable Software Filters" />
    <Text Key="groupHardwareAcceleration" Text="硬件加速" Comment="Hardware Acceleration" />
    <Text Key="lblFast" Text="快" Comment="fast" />
    <Text Key="lblSlow" Text="慢" Comment="slow" />
    <Text Key="grpKeyboard" Text="键盘" Comment="Keyboard" />
    <Text Key="grpMouse" Text="鼠标" Comment="Mouse" />
    <Text Key="lblMouseWheel" Text="鼠标滚轮滚动:" Comment="Mouse Wheel scrolling:" />
    <Text Key="grpSharing" Text="共享" Comment="Sharing" />
    <Text Key="grpScanning" Text="扫描中" Comment="Scanning" />
    <Text Key="grpLanguages" Text="语言" Comment="Languages" />
    <Text Key="grpScripts" Text="可用脚本" Comment="Available Scripts" />
    <Text Key="grpPackages" Text="脚本包" Comment="Script Packages" />
    <Text Key="grpScriptSettings" Text="脚本设置" Comment="Script Settings" />
    <Text Key="tabLibraries" Text="媒体库" Comment="Libraries" />
    <Text Key="tabScripts" Text="脚本" Comment="Scripts" />
    <Text Key="colName" Text="名称" Comment="Name" />
    <Text Key="colType" Text="类型" Comment="Type" />
    <Text Key="btInstallPackage" Text="安装..." Comment="Install..." />
    <Text Key="btRemovePackage" Text="删除" Comment="Remove" />
    <Text Key="colPackage" Text="包裹" Comment="Package" />
    <Text Key="colAuthor" Text="作者" Comment="Author" />
    <Text Key="colDescription" Text="描述" Comment="Description" />
    <Text Key="packageGroupInstalled" Text="安装完毕" Comment="Installed" />
    <Text Key="packageGroupInstall" Text="已经安装 (需要重启)" Comment="To be installed (needs restart)" />
    <Text Key="packageGroupRemove" Text="已经移除 (需要重启)" Comment="To be removed (needs restart)" />
    <Text Key="btAssociateExtensions" Text="改变..." Comment="Change..." />
    <Text Key="grpServerSettings" Text="服务器设置" Comment="Server Settings" />
    <Text Key="labelShareDescription" Text="描述:" Comment="Description:" />
    <Text Key="chkPrivate" Text="私人" Comment="Private" />
    <Text Key="chkShareInternet" Text="在 Internet 共享" Comment="Share on the Internet" />
    <Text Key="btAddShare" Text="加入共享" Comment="Add Share" />
    <Text Key="btRemoveShare" Text="删除" Comment="Remove" />
    <Text Key="labelPublicServerAddress" Text="如果ComicRack未正确匹配，扩展你的服务器地址:" Comment="External address of your server if ComicRack should not guess it correctly:" />
    <Text Key="labelPrivateListPassword" Text="保护你私人网络共享列表的密码:" Comment="Password used to protect your private Internet Share list entries:" />
    <Text Key="chkDontAddRemovedFiles" Text="手动移除库的列表不会再被添加" Comment="Files manually removed from the Library will not be added again" />
    <Text Key="btConfigScript" Text="配置..." Comment="Config..." />
    <Text Key="btServerStats" Text="统计..." Comment="Statistic..." />
    <Text Key="labelPageQuality" Text="页面质量:" Comment="Page Quality:" />
    <Text Key="labelThumbQuality" Text="缩略图质量:" Comment="Thumb Quality:" />
  </Texts>
</TR>