<?xml version="1.0"?>
<TR xmlns:xsi="http://www.w3.org/2001/XMLSchema-instance" xmlns:xsd="http://www.w3.org/2001/XMLSchema" Name="SaveWorkspaceDialog" CultureName="zh-Hans">
  <Texts>
    <Text Key="SaveWorkspaceDialog" Text="保存工作区" Comment="Save Workspace" />
    <Text Key="btCancel" Text="取消" Comment="&amp;Cancel" />
    <Text Key="btOK" Text="确定" Comment="&amp;OK" />
    <Text Key="txtName" Text="名称:" Comment="Name:" />
    <Text Key="labelSettings" Text="此工作区包含如下设置:" Comment="This workspace includes settings for:" />
    <Text Key="chkWindowLayouts" Text="窗口版式" Comment="Window Layouts" />
    <Text Key="chkListLayouts" Text="列表布局" Comment="List Layouts" />
    <Text Key="chkComicDisplayLayout" Text="漫画显示版式" Comment="Comic Display Layout" />
    <Text Key="chkComicDisplaySettings" Text="漫画显示设置" Comment="Comic Display Settings" />
  </Texts>
</TR>