<?xml version="1.0"?>
<TR xmlns:xsi="http://www.w3.org/2001/XMLSchema-instance" xmlns:xsd="http://www.w3.org/2001/XMLSchema" Name="ComicBook" CultureName="fi">
  <Texts>
    <Text Key="Added" Text="Lisätty:\t{0}" Comment="Added:\t{0}" />
    <Text Key="Format" Text="Tiedostomuoto:\t{0}" Comment="Format:\t{0}" />
    <Text Key="LastPageReadIs" Text="Viimeisin luettu sivu on {0}" Comment="Last page read is {0}" />
    <Text Key="LastTimeOpenedAt" Text="Vimeksi avattu {0}" Comment="Last time opened at {0}" />
    <Text Key="Library" Text="Kirjasto" Comment="Library" />
    <Text Key="MyFavoritesList" Text="Omat suosikit" Comment="My Favorites" />
    <Text Key="Never" Text="ei koskaan" Comment="never" />
    <Text Key="NeverReadList" Text="Lukematon" Comment="Never Read" />
    <Text Key="NoInformation" Text="Ei tietoa" Comment="No information available" />
    <Text Key="None" Text="&lt;tyhjä&gt;" Comment="None" />
    <Text Key="Of" Text=" " Comment="of" />
    <Text Key="Opened" Text="Avattu:\t{0}" Comment="Opened:\t{0}" />
    <Text Key="Pages" Text="{0} sivua" Comment="{0} Page(s)" />
    <Text Key="PageSize" Text="Koko:\t{0}" Comment="Size:\t{0}" />
    <Text Key="PageText" Text="Sivu #{0}" Comment="Page #{0}" />
    <Text Key="FileName" Text="Tiedosto:\t{0}" Comment="File:\t{0}" />
    <Text Key="ReadingAtPage" Text="Luetaan sivua {0}" Comment="Reading at page {0}" />
    <Text Key="ReadingList" Text="Luetaan" Comment="Reading" />
    <Text Key="ReadList" Text="Luettu" Comment="Read" />
    <Text Key="RecentlyAddedList" Text="Äskettäin lisättyjä" Comment="Recently Added" />
    <Text Key="RecentlyReadList" Text="Äskettäin luettuja" Comment="Recently Read" />
    <Text Key="Resolution" Text="Resoluutio:\t{0} x {1}" Comment="Resolution:\t{0} x {1}" />
    <Text Key="Size" Text="Koko:\t{0}/{1}" Comment="Size:\t{0}/{1}" />
    <Text Key="SmartLists" Text="Älylistat" Comment="Smart Lists" />
    <Text Key="UnknownSize" Text="Koko ei tiedossa" Comment="Unknown Size" />
    <Text Key="Unknown" Text="&lt;tyhjä&gt;" Comment="Unknown" />
    <Text Key="Volume" Text="V{0}" Comment="V{0}" />
    <Text Key="Bookmark" Text="Kirjanmerkki:\t{0}" Comment="Bookmark:\t{0}" />
    <Text Key="Rotation" Text="Kierto:\t{0}" Comment="Rotation:\t{0}" />
    <Text Key="FilesUpdateList" Text="Files to update" Comment="Files to update" />
    <Text Key="TempLists" Text="Väliaikaiset listat" Comment="Temporary Lists" />
    <Text Key="BookCount" Text="Kirjoja:\t{0}" Comment="Books:\t{0}" />
  </Texts>
</TR>