<?xml version="1.0"?>
<TR xmlns:xsi="http://www.w3.org/2001/XMLSchema-instance" xmlns:xsd="http://www.w3.org/2001/XMLSchema" Name="CommandKeys" CultureName="fi">
  <Texts>
    <Text Key="A" Text="A" Comment="A" />
    <Text Key="Add" Text="Plus" Comment="Add" />
    <Text Key="Alt" Text="Alt" Comment="Alt" />
    <Text Key="B" Text="B" Comment="B" />
    <Text Key="C" Text="C" Comment="C" />
    <Text Key="Ctrl" Text="Ctrl" Comment="Ctrl" />
    <Text Key="D" Text="D" Comment="D" />
    <Text Key="D0" Text="D0" Comment="D0" />
    <Text Key="D1" Text="D1" Comment="D1" />
    <Text Key="D2" Text="D2" Comment="D2" />
    <Text Key="D3" Text="D3" Comment="D3" />
    <Text Key="D4" Text="D4" Comment="D4" />
    <Text Key="D5" Text="D5" Comment="D5" />
    <Text Key="D6" Text="D6" Comment="D6" />
    <Text Key="D7" Text="D7" Comment="D7" />
    <Text Key="D8" Text="D8" Comment="D8" />
    <Text Key="D9" Text="D9" Comment="D9" />
    <Text Key="Decimal" Text="Pilkku" Comment="Decimal" />
    <Text Key="Divide" Text="Jakomerkki" Comment="Divide" />
    <Text Key="Down" Text="Nuoli alas" Comment="Down" />
    <Text Key="E" Text="E" Comment="E" />
    <Text Key="End" Text="End" Comment="End" />
    <Text Key="Enter" Text="Enter" Comment="Enter" />
    <Text Key="Escape" Text="Esc" Comment="Escape" />
    <Text Key="F" Text="F" Comment="F" />
    <Text Key="G" Text="G" Comment="G" />
    <Text Key="H" Text="H" Comment="H" />
    <Text Key="Home" Text="Home" Comment="Home" />
    <Text Key="I" Text="I" Comment="I" />
    <Text Key="J" Text="J" Comment="J" />
    <Text Key="K" Text="K" Comment="K" />
    <Text Key="L" Text="L" Comment="L" />
    <Text Key="Left" Text="Nuoli vasemmalle" Comment="Left" />
    <Text Key="M" Text="M" Comment="M" />
    <Text Key="MediaNextTrack" Text="Seuraava kappale" Comment="MediaNextTrack" />
    <Text Key="MediaPlayPause" Text="Toista/pysäytä media" Comment="MediaPlayPause" />
    <Text Key="MediaPreviousTrack" Text="Edellinen kappale" Comment="MediaPreviousTrack" />
    <Text Key="MediaStop" Text="Lopeta toista" Comment="MediaStop" />
    <Text Key="MouseButton4" Text="MouseButton4" Comment="MouseButton4" />
    <Text Key="MouseButton5" Text="MouseButton5" Comment="MouseButton5" />
    <Text Key="MouseDoubleButton4" Text="MouseDoubleButton4" Comment="MouseDoubleButton4" />
    <Text Key="MouseDoubleButton5" Text="MouseDoubleButton5" Comment="MouseDoubleButton5" />
    <Text Key="MouseDoubleLeft" Text="MouseDoubleLeft" Comment="MouseDoubleLeft" />
    <Text Key="MouseDoubleMiddle" Text="MouseDoubleMiddle" Comment="MouseDoubleMiddle" />
    <Text Key="MouseDoubleRight" Text="MouseDoubleRight" Comment="MouseDoubleRight" />
    <Text Key="MouseLeft" Text="MouseLeft" Comment="MouseLeft" />
    <Text Key="MouseMiddle" Text="MouseMiddle" Comment="MouseMiddle" />
    <Text Key="MouseRight" Text="MouseRight" Comment="MouseRight" />
    <Text Key="MouseTiltLeft" Text="Hiiren kallistus vasempaan" Comment="MouseTiltLeft" />
    <Text Key="MouseTiltRight" Text="Hiiren kallistus oikeaan" Comment="MouseTiltRight" />
    <Text Key="MouseWheelDown" Text="Hiiren rulla alas" Comment="MouseWheelDown" />
    <Text Key="MouseWheelUp" Text="Hiiren rulla ylös" Comment="MouseWheelUp" />
    <Text Key="Multiply" Text="Kertomerkki" Comment="Multiply" />
    <Text Key="N" Text="N" Comment="N" />
    <Text Key="None" Text="&lt;tyhjä&gt;" Comment="None" />
    <Text Key="NumPad0" Text="NumPad0" Comment="NumPad0" />
    <Text Key="NumPad1" Text="NumPad1" Comment="NumPad1" />
    <Text Key="NumPad2" Text="NumPad2" Comment="NumPad2" />
    <Text Key="NumPad3" Text="NumPad3" Comment="NumPad3" />
    <Text Key="NumPad4" Text="NumPad4" Comment="NumPad4" />
    <Text Key="NumPad5" Text="NumPad5" Comment="NumPad5" />
    <Text Key="NumPad6" Text="NumPad6" Comment="NumPad6" />
    <Text Key="NumPad7" Text="NumPad7" Comment="NumPad7" />
    <Text Key="NumPad8" Text="NumPad8" Comment="NumPad8" />
    <Text Key="NumPad9" Text="NumPad9" Comment="NumPad9" />
    <Text Key="O" Text="O" Comment="O" />
    <Text Key="P" Text="P" Comment="P" />
    <Text Key="PageDown" Text="PageDown" Comment="PageDown" />
    <Text Key="PageUp" Text="PageUp" Comment="PageUp" />
    <Text Key="Q" Text="Q" Comment="Q" />
    <Text Key="R" Text="R" Comment="R" />
    <Text Key="Right" Text="Nuoli oikealle" Comment="Right" />
    <Text Key="S" Text="S" Comment="S" />
    <Text Key="Shift" Text="Shift" Comment="Shift" />
    <Text Key="Space" Text="Välilyönti" Comment="Space" />
    <Text Key="Subtract" Text="Miinus" Comment="Subtract" />
    <Text Key="T" Text="T" Comment="T" />
    <Text Key="Tab" Text="Tab" Comment="Tab" />
    <Text Key="U" Text="U" Comment="U" />
    <Text Key="Up" Text="Nuoli ylös" Comment="Up" />
    <Text Key="V" Text="V" Comment="V" />
    <Text Key="W" Text="W" Comment="W" />
    <Text Key="X" Text="X" Comment="X" />
    <Text Key="Y" Text="Y" Comment="Y" />
    <Text Key="Z" Text="Z" Comment="Z" />
    <Text Key="Zoom" Text="Zoomaa" Comment="Zoom" />
    <Text Key="Gesture1" Text="Elekomento 1" Comment="Gesture 1" />
    <Text Key="Gesture2" Text="Elekomento 2" Comment="Gesture 2" />
    <Text Key="Gesture3" Text="Elekomento 3" Comment="Gesture 3" />
    <Text Key="Gesture4" Text="Elekomento 4" Comment="Gesture 4" />
    <Text Key="Gesture5" Text="Elekomento 5" Comment="Gesture 5" />
    <Text Key="Gesture6" Text="Elekomento 6" Comment="Gesture 6" />
    <Text Key="Gesture7" Text="Elekomento 7" Comment="Gesture 7" />
    <Text Key="Gesture8" Text="Elekomento 8" Comment="Gesture 8" />
    <Text Key="Gesture9" Text="Elekomento 9" Comment="Gesture 9" />
    <Text Key="GestureDouble1" Text="KaksoisElekomento 1" Comment="Gesture Double 1" />
    <Text Key="GestureDouble2" Text="KaksoisElekomento 2" Comment="Gesture Double 2" />
    <Text Key="GestureDouble3" Text="KaksoisElekomento 3" Comment="Gesture Double 3" />
    <Text Key="GestureDouble4" Text="KaksoisElekomento 4" Comment="Gesture Double 4" />
    <Text Key="GestureDouble5" Text="KaksoisElekomento 5" Comment="Gesture Double 5" />
    <Text Key="GestureDouble6" Text="KaksoisElekomento 6" Comment="Gesture Double 6" />
    <Text Key="GestureDouble7" Text="KaksoisElekomento 7" Comment="Gesture Double 7" />
    <Text Key="GestureDouble8" Text="KaksoisElekomento 8" Comment="Gesture Double 8" />
    <Text Key="GestureDouble9" Text="KaksoisElekomento 9" Comment="Gesture Double 9" />
    <Text Key="TouchPressAndTap" Text="Paina ja Napauta" Comment="Press and Tap" />
    <Text Key="TouchTwoFingerTap" Text="Kahden sormen napautus" Comment="Two Finger Tap" />
    <Text Key="TouchTap" Text="Napauta" Comment="Tap" />
    <Text Key="TouchDoubleTap" Text="Tuplanapauta" Comment="Double Tap" />
  </Texts>
</TR>