<?xml version="1.0"?>
<TR xmlns:xsi="http://www.w3.org/2001/XMLSchema-instance" xmlns:xsd="http://www.w3.org/2001/XMLSchema" Name="FolderListDialog" CultureName="fi">
  <Texts>
    <Text Key="FolderListDialog" Text="Muokkaa kansiolistaa" Comment="Edit Folder List" />
    <Text Key="btCancel" Text="&amp;Peruuta" Comment="&amp;Cancel" />
    <Text Key="btOK" Text="&amp;OK" Comment="&amp;OK" />
    <Text Key="labelName" Text="Nimi:" Comment="Name:" />
    <Text Key="labelBooks" Text="eSarjikset:" Comment="eComics:" />
    <Text Key="CombineMode" Text="Kaikki eSarjikset kaikilta listoilta|Vain listoille yhteiset eSarjikset" Comment="All eComics from every list|Only eComics existing in every list" />
  </Texts>
</TR>