<?xml version="1.0"?>
<TR xmlns:xsi="http://www.w3.org/2001/XMLSchema-instance" xmlns:xsd="http://www.w3.org/2001/XMLSchema" Name="Groups" CultureName="fi">
  <Texts>
    <Text Key="AlphabetGroups" Text="0-9|A|B|C|D|E|F|G|H|I|J|K|L|M|N|O|P|Q|R|S|T|U|V|W|X|Y|Z|Muu" Comment="0-9|A|B|C|D|E|F|G|H|I|J|K|L|M|N|O|P|Q|R|S|T|U|V|W|X|Y|Z|Other" />
    <Text Key="CountGroups" Text="0-20|21-50|51-100|101-200|201-500|501-1000|&gt;1000|&lt;tyhjä&gt;" Comment="0-20|21-50|51-100|101-200|201-500|501-1000|&gt;1000|Unspecified" />
    <Text Key="DateGroups" Text="Ei koskaan|Tänään|Eilen|ToissaPäivänä|ToissaToissaPäivänä|Tällä viikolla|Viime viikolla|ToissaViikolla|ToissaToissaViikolla|Tässä kuussa|Viime kuussa|ToissaKuussa|ToissaToissaKuussa|Neljä kuuta sitten|Viisi kuuta sitten|Kuusi kuuta sitten|Tänä vuonna|Viime vuonna|ToissaVuonna|ToissaToissaVuonna|Yli kolme vuotta" Comment="Never|Today|Yesterday|Two Days Ago|Three Days Ago|This Week|Last Week|Two Weeks Ago|Three Weeks Ago|This Month|Last Month|Two Months ago|Three Months ago|Four Months ago|Five Months ago|Six Months ago|This Year|Last Year|Two Years ago|Three Years ago|Older than Three Years" />
    <Text Key="RatingGroups" Text="&lt;tyhjä&gt;|0 Tähteä|1 Tähti|2 Tähteä|3 Tähteä|4 Tähteä|5 Tähteä" Comment="Not Rated|No Stars|1 Star|2 Stars|3 Stars|4 Stars|5 Stars" />
    <Text Key="ReadPercentageGroups" Text="Lukematon|0%|10%|20%|30%|40%|50%|60%|70%|80%|90%|Luettu" Comment="Not Read|0%|10%|20%|30%|40%|50%|60%|70%|80%|90%|Completed" />
    <Text Key="SizeGroups" Text="&lt;tyhjä&gt;|Hyvin pieni|Pieni|Keskikokoinen|Suuri|Valtava" Comment="Empty|Very Small|Small|Medium|Big|Huge" />
    <Text Key="VolumeGroups" Text="&lt;tyhjä&gt;|V{0}|Muu" Comment="None|V{0}|Other" />
    <Text Key="MangaGroups" Text="Manga|Ei manga|Ei tietoa" Comment="Manga|No Manga|Unknown" />
    <Text Key="BWGroups" Text="MustaValkoinen|Värillinen|Tuntematon" Comment="Black and White|Color|Unknown" />
    <Text Key="LinkedGroups" Text="Linkitetty tiedostoon|Ei linkitetty tiedostoon" Comment="Linked to File|Not linked to File" />
    <Text Key="PriceGroups" Text="&lt;tyhjä&gt;|Ilmainen|0-10|10-20|20-30|30-40|40-50|50-100|yli 100" Comment="Unknown|Free|0-10|10-20|20-30|30-40|40-50|50-100|over 100" />
  </Texts>
</TR>