<?xml version="1.0"?>
<TR xmlns:xsi="http://www.w3.org/2001/XMLSchema-instance" xmlns:xsd="http://www.w3.org/2001/XMLSchema" Name="KeyboardShortcutEditor" CultureName="fi">
  <Texts>
    <Text Key="chkAlt1" Text="Alt" Comment="Alt" />
    <Text Key="chkAlt2" Text="Alt" Comment="Alt" />
    <Text Key="chkAlt3" Text="Alt" Comment="Alt" />
    <Text Key="chkCtrl1" Text="Ctrl" Comment="Ctrl" />
    <Text Key="chkCtrl2" Text="Ctrl" Comment="Ctrl" />
    <Text Key="chkCtrl3" Text="Ctrl" Comment="Ctrl" />
    <Text Key="chkShift1" Text="Shift" Comment="Shift" />
    <Text Key="chkShift2" Text="Shift" Comment="Shift" />
    <Text Key="chkShift3" Text="Shift" Comment="Shift" />
    <Text Key="colAction" Text="Toiminto" Comment="Action" />
    <Text Key="colKeys" Text="Näppäimet" Comment="Keys" />
    <Text Key="labelAlternateKey" Text="Vaihtoehto1:" Comment="Alternate:" />
    <Text Key="labelAlternate2Key" Text="Vaihtoehto2:" Comment="Alternate:" />
    <Text Key="labelMainKey" Text="Ensisijainen:" Comment="Main:" />
    <Text Key="NothingSelected" Text="Toimintoja ei valittu" Comment="No action selected" />
  </Texts>
</TR>