<?xml version="1.0"?>
<TR xmlns:xsi="http://www.w3.org/2001/XMLSchema-instance" xmlns:xsd="http://www.w3.org/2001/XMLSchema" Name="ListLayoutDialog" CultureName="fi">
  <Texts>
    <Text Key="btCancel" Text="&amp;Peruuta" Comment="&amp;Cancel" />
    <Text Key="btHideAll" Text="&amp;Piilota kaikki" Comment="&amp;Hide All" />
    <Text Key="btMoveDown" Text="Siirrä &amp;slas" Comment="Move &amp;Down" />
    <Text Key="btMoveUp" Text="Siirrä &amp;ylös" Comment="Move &amp;Up" />
    <Text Key="btOK" Text="&amp;OK" Comment="&amp;OK" />
    <Text Key="btShowAll" Text="&amp;Näytä kaikki" Comment="&amp;Show All" />
    <Text Key="chkHideCaption" Text="Älä näytä tekstiä" Comment="Do not show any Text" />
    <Text Key="labelSelectColumn" Text="Valitse näytettävät Sarakkeet:" Comment="Please select the columns you want to show:" />
    <Text Key="labelHint" Text="Vihje: Voit vaihtaa näytettäviä sarakkeita klikkaamalla otsikkoa hiiren oikealla napilla." Comment="Hint: You can also change the displayed columns by right clicking on a column header." />
    <Text Key="labelFirstLine" Text="Ensimmäinen rivi:" Comment="First Line:" />
    <Text Key="labelSecondLine" Text="Toinen rivi:" Comment="Second Line:" />
    <Text Key="labelThirdLine" Text="Kolmas rivi:" Comment="Third Line:" />
    <Text Key="labelSelectThumbnailText" Text="Valitse kuvaketeksti:" Comment="Please select the text you want to display below the thumbnails:" />
    <Text Key="ListLayoutDialog" Text="Listavalikko" Comment="List Options" />
    <Text Key="tabDetails" Text="Lisätiedot" Comment="Details" />
    <Text Key="tabThumbnails" Text="Kuvakkeet" Comment="Thumbnails" />
  </Texts>
</TR>