<?xml version="1.0"?>
<TR xmlns:xsi="http://www.w3.org/2001/XMLSchema-instance" xmlns:xsd="http://www.w3.org/2001/XMLSchema" Name="PasswordDialog" CultureName="fi">
  <Texts>
    <Text Key="btCancel" Text="&amp;Peruuta" Comment="&amp;Cancel" />
    <Text Key="btOK" Text="&amp;OK" Comment="&amp;OK" />
    <Text Key="chkRemember" Text="Muista tälle palvelimelle" Comment="Remember for this server" />
    <Text Key="labelPassword" Text="Salasana:" Comment="Password:" />
    <Text Key="lblDescription" Text="Salsana vaaditaan etäkirjastoon:" Comment="A password is needed for the remote library:" />
    <Text Key="PasswordDialog" Text="Salasana" Comment="Password" />
  </Texts>
</TR>