<?xml version="1.0"?>
<TR xmlns:xsi="http://www.w3.org/2001/XMLSchema-instance" xmlns:xsd="http://www.w3.org/2001/XMLSchema" Name="SaveWorkspaceDialog" CultureName="fi">
  <Texts>
    <Text Key="SaveWorkspaceDialog" Text="Tallenna työtila" Comment="Save Workspace" />
    <Text Key="btCancel" Text="&amp;Peruuta" Comment="&amp;Cancel" />
    <Text Key="btOK" Text="&amp;OK" Comment="&amp;OK" />
    <Text Key="txtName" Text="Nimi:" Comment="Name:" />
    <Text Key="labelSettings" Text="Tämä työtila sisältää asetukset seuraaville:" Comment="This workspace includes settings for:" />
    <Text Key="chkWindowLayouts" Text="Ikkunan asettelut" Comment="Window Layouts" />
    <Text Key="chkListLayouts" Text="Listojen asettelut" Comment="List Layouts" />
    <Text Key="chkComicDisplayLayout" Text="Sarjiksen lukuasettelu" Comment="Comic Display Layout" />
    <Text Key="chkComicDisplaySettings" Text="Sarjisten näytön asetukset" Comment="Comic Display Settings" />
  </Texts>
</TR>