<?xml version="1.0"?>
<TR xmlns:xsi="http://www.w3.org/2001/XMLSchema-instance" xmlns:xsd="http://www.w3.org/2001/XMLSchema" Name="Groups" CultureName="ru">
  <Texts>
    <Text Key="AlphabetGroups" Text="0-9|A|B|C|D|E|F|G|H|I|J|K|L|M|N|O|P|Q|R|S|T|U|V|W|X|Y|Z|Другое" Comment="0-9|A|B|C|D|E|F|G|H|I|J|K|L|M|N|O|P|Q|R|S|T|U|V|W|X|Y|Z|Other" />
    <Text Key="CountGroups" Text="0-20|21-50|51-100|101-200|201-500|501-1000|&gt;1000|Не определено" Comment="0-20|21-50|51-100|101-200|201-500|501-1000|&gt;1000|Unspecified" />
    <Text Key="DateGroups" Text="Никогда|Сегодня|Вчера|Два Дня Назад|Три Дня Назад|На Этой Неделе|На Прошлой Неделе|Две Недели Назад|Три Недели Назад|В Этом Месяце|В Прошлом Месяце|Два Месяца Назад|Три Месяца Назад|Четыре Месяца Назад|Пять Месяцев Назад|Шесть Месяцев Назад|В Этом Году|В Прошлом Году|Два Года Назад|Три Года Назад|Больше Трех Лет Назад" Comment="Never|Today|Yesterday|Two Days Ago|Three Days Ago|This Week|Last Week|Two Weeks Ago|Three Weeks Ago|This Month|Last Month|Two Months ago|Three Months ago|Four Months ago|Five Months ago|Six Months ago|This Year|Last Year|Two Years ago|Three Years ago|Older than Three Years" />
    <Text Key="RatingGroups" Text="Нет оценки|Нет Звезд|1 Звезда|2 Звезды|3 Звезды|4 Звезды|5 Звезд" Comment="Not Rated|No Stars|1 Star|2 Stars|3 Stars|4 Stars|5 Stars" />
    <Text Key="ReadPercentageGroups" Text="Не Читалось|0%|10%|20%|30%|40%|50%|60%|70%|80%|90%|Прочтено" Comment="Not Read|0%|10%|20%|30%|40%|50%|60%|70%|80%|90%|Completed" />
    <Text Key="SizeGroups" Text="Пусто|Крошечный|Маленький|Средний|Большой|Огромный" Comment="Empty|Very Small|Small|Medium|Big|Huge" />
    <Text Key="VolumeGroups" Text="Нет|В{0}|Другое" Comment="None|V{0}|Other" />
    <Text Key="MangaGroups" Text="Manga|Не Manga|Неизвестно" Comment="Manga|No Manga|Unknown" />
    <Text Key="BWGroups" Text="Черно-белый|Цветной|Неизвестно" Comment="Black and White|Color|Unknown" />
  </Texts>
</TR>