<?xml version="1.0"?>
<TR xmlns:xsi="http://www.w3.org/2001/XMLSchema-instance" xmlns:xsd="http://www.w3.org/2001/XMLSchema" Name="PasswordDialog" CultureName="ru">
  <Texts>
    <Text Key="btCancel" Text="&amp;Отмена" Comment="&amp;Cancel" />
    <Text Key="btOK" Text="&amp;OK" Comment="&amp;OK" />
    <Text Key="chkRemember" Text="Запомнить для этого сервера" Comment="Remember for this server" />
    <Text Key="labelPassword" Text="Пароль:" Comment="Password:" />
    <Text Key="lblDescription" Text="Для сетевой библиотеки нужен пароль:" Comment="A password is needed for the remote library:" />
    <Text Key="PasswordDialog" Text="Пароль" Comment="Password" />
  </Texts>
</TR>